Start Date,End Date,Minimum Value,Maximum Value,Absolute Maximum Value,Range,25th Percentile,50th Percentile (Median),75th Percentile,Normalized Displacement (50% Threshold),Normalized Displacement (80% Threshold),[AI] Max Probability,[AI] Percent Above 50%,[AI] Percent Above 80%,Accuracy (50% Threshold),Recall (50% Threshold),Precision (50% Threshold),Accuracy (80% Threshold),Recall (80% Threshold),Precision (80% Threshold)
2024-08-20,2024-09-01,-0.38949397,0.3352593,0.38949397,0.72475326,-0.07147670165,-0.04800202325,-0.02187602874,-0.273808,-0.34043235,96.97287679,15.02497094,7.867110204,0.7131851629,0.2543984605,0.4707383414,0.7196009263,0.1372082593,0.4848905894
2024-07-27,2024-09-01,-0.2912624,0.31713724,0.31713724,0.6083996,-0.08362722397,-0.06242399849,-0.03617295995,-0.29135776,-0.33132064,96.9645083,14.85622355,7.783012397,0.7182655302,0.2568486014,0.4734517197,0.7235934292,0.1374308728,0.4835523533
2024-08-20,2024-09-13,-0.3135531,0.31661627,0.31661627,0.6301694,-0.06100909691,-0.04569918104,-0.03435403481,-0.28115594,-0.3433963,96.96638584,14.71582782,7.152257931,0.7178569153,0.2528601772,0.4692539118,0.7247231005,0.1269520407,0.4847398009
2023-11-14,2024-05-24,-0.25078177,1.082506,1.082506,1.3332877,-0.0784038119,-0.03275933489,0.02269206289,0.16037735,0.2531153,96.97630405,11.21558529,7.064217665,0.7367485409,0.2061846255,0.4726957071,0.7397050302,0.1312076317,0.4775758382
2023-11-18,2024-05-24,-0.21099554,1.054736,1.054736,1.2657316,-0.04381456971,0.002024477464,0.05107986834,0.17747743,0.26563394,96.97626233,10.88076114,6.899474131,0.7385877251,0.2022564885,0.4763637331,0.7411309432,0.1295405123,0.4811551332
2023-11-14,2024-05-12,-0.22359782,1.0794135,1.0794135,1.3030114,-0.06105291471,-0.01650928892,0.04084764421,0.16362174,0.26055866,96.97606564,11.28140547,6.884675241,0.741661573,0.2123299508,0.476057204,0.7444685039,0.130964844,0.4811520742
2023-11-14,2024-05-28,-0.23758703,1.1125364,1.1125364,1.3501234,-0.06519783102,-0.02695835754,0.02775284881,0.17021932,0.26793703,96.97602987,10.82218147,6.74826635,0.7402660551,0.2030815498,0.4787798674,0.7425636202,0.1277475406,0.4829926874
2023-11-18,2024-05-28,-0.20912519,1.075232,1.075232,1.2843572,-0.03784308583,0.0008972956566,0.0478943754,0.18584748,0.27685004,96.97625041,10.73934258,6.7322181,0.7378987258,0.198139372,0.4727907431,0.7408305916,0.1256742941,0.478370243
2023-11-14,2024-07-03,-0.26291233,1.1682863,1.1682863,1.4311986,-0.08721777797,-0.04760040343,0.005496829282,0.12153378,0.2150885,96.97518945,11.21125027,6.717776651,0.7384605158,0.2070068567,0.4708388111,0.7421322848,0.126099337,0.4786618484
2023-11-26,2024-05-12,-0.19686656,0.92401975,0.92401975,1.1208863,-0.05252755992,-0.03460911289,0.004116588272,0.13503198,0.23120649,96.97157145,10.81683494,6.55398483,0.7403628708,0.2023945397,0.4761577151,0.7431914768,0.1241958105,0.4822294735
2023-11-14,2024-03-05,-0.3374818,0.8069393,0.8069393,1.1444211,-0.1607125103,-0.1361688673,-0.06780873239,0.05112749,0.16191289,96.96828723,10.5731341,6.521544368,0.7415954638,0.1969930311,0.4693829438,0.7445873559,0.1225200034,0.4733002448
2023-11-30,2024-05-12,-0.18934558,0.92304367,0.92304367,1.1123892,-0.05514046177,0.002605550922,0.04515491799,0.15890145,0.24547319,96.97436094,10.51634522,6.513885818,0.7432131519,0.1989945352,0.4765825742,0.745674003,0.1244223239,0.4810829997
2023-11-26,2024-05-28,-0.19148168,0.98155886,0.98155886,1.1730405,-0.03091967944,-0.01438819151,0.0247791009,0.16227901,0.26200363,96.97539806,10.70094518,6.507238775,0.7403758759,0.2011011838,0.4797716547,0.7423584288,0.1228494936,0.4819685782
2023-11-30,2024-05-28,-0.21019718,0.95404476,0.95404476,1.1642419,-0.05908800103,-0.00344725349,0.03752003796,0.1596763,0.254725,96.97612524,10.63577525,6.485997136,0.7388557259,0.1969924982,0.4730753293,0.7420658144,0.1220411523,0.4805950697
2023-11-14,2024-06-21,-0.20528524,1.2083441,1.2083441,1.4136293,-0.02100418089,-0.001503564359,0.04843357578,0.15596408,0.2461529,96.97237611,10.8804876,6.464466495,0.739285255,0.2021464827,0.4737738555,0.7423291674,0.1215301339,0.4794018374
2023-11-18,2024-06-21,-0.18884704,1.1149558,1.1149558,1.3038028,-0.01991116628,-0.002481539035,0.03609937243,0.15617199,0.23647958,96.97275758,10.1259016,6.411022831,0.7407705213,0.1897961156,0.4772569705,0.7426124364,0.1204646165,0.4784437019
2023-11-14,2024-03-17,-0.29655114,0.9048096,0.9048096,1.2013607,-0.1240670551,-0.06725223362,-0.01617798256,0.094363384,0.19682333,96.96967006,10.60781432,6.360498066,0.7402357099,0.196539593,0.4691663261,0.7441025552,0.1203096334,0.4789740328
2023-11-18,2024-05-12,-0.20949557,1.0164374,1.0164374,1.225933,-0.05922812223,-0.0139168445,0.03376856633,0.17437455,0.2729228,96.97133303,10.18930111,6.333510408,0.7439111857,0.1929860207,0.4756263007,0.7463928859,0.1211559218,0.4803796094
2023-11-14,2024-07-27,-0.44214788,1.0721788,1.0721788,1.5143267,-0.246605657,-0.2249621302,-0.1587825045,-0.018503286,0.10692452,96.97489142,11.48327329,6.297567905,0.8132888848,0.3014231821,0.4750624461,0.8169736589,0.1683386894,0.4837832567
2023-11-26,2024-05-24,-0.17334284,0.9958087,0.9958087,1.1691515,-0.01009695139,0.007930563763,0.04604611918,0.18126293,0.27957055,96.97434902,10.43535245,6.262454175,0.7380324318,0.1932341199,0.4757015364,0.7410301039,0.1178509605,0.4834442816
2023-11-26,2024-07-03,-0.18671495,1.0858452,1.0858452,1.2725601,-0.02792314161,-0.009994305205,0.02311784402,0.14389962,0.22574228,96.97130322,10.07410008,6.23723876,0.7398610912,0.1871311939,0.4731842534,0.7425054585,0.1170110629,0.4778866648
2023-11-18,2024-04-06,-0.24873379,0.8491128,0.8491128,1.0978466,-0.08843815327,-0.06574897841,-0.01915413281,0.110219896,0.20424654,96.96847796,10.00597808,6.231390867,0.7424550233,0.1869184562,0.4698345075,0.7449150114,0.1167699004,0.471300813
2023-11-18,2024-07-03,-0.25084457,1.1004498,1.1004498,1.3512944,-0.08480484039,-0.04200407304,-0.001364638825,0.13052313,0.22098799,96.97132707,9.982167077,6.168425593,0.7392984366,0.1859414692,0.4771034983,0.7412402277,0.1152828914,0.478687082
2023-11-14,2024-07-15,-0.46917897,1.0083536,1.0083536,1.4775326,-0.2819180787,-0.2611285448,-0.2074049413,-0.06845869,0.058813483,96.97118998,11.13842179,6.148009427,0.8140977289,0.2943904087,0.478947744,0.8168078441,0.1641730941,0.4838999683
2023-11-14,2024-03-13,-0.22783092,0.960477,0.960477,1.1883079,-0.04381193127,-0.0136213596,0.03763991222,0.17428595,0.28029063,96.96755409,10.34186033,6.145552911,0.7389659079,0.1917897827,0.4741859312,0.7419339573,0.1155367116,0.4807075089
2023-11-30,2024-05-24,-0.19184597,0.9557371,0.9557371,1.1475831,-0.04345130641,0.01551672583,0.06088600308,0.1968007,0.2881333,96.97495103,9.731994099,6.130235811,0.7395345191,0.1813793483,0.4771525932,0.7415806525,0.1150336463,0.480417693
2023-12-08,2024-05-28,-0.28669545,0.8114102,0.8114102,1.0981057,-0.1404990554,-0.1115454435,-0.05304578505,0.057507373,0.16682625,96.96964025,10.26471005,6.111458234,0.7411595781,0.1904984359,0.4682894181,0.7445606583,0.1149398934,0.4745648392
2023-11-14,2024-04-06,-0.19912252,0.9727433,0.9727433,1.1718658,-0.03592658415,-0.01140213758,0.04730456509,0.16981624,0.26507035,96.97069526,9.987182766,6.095700085,0.7405474707,0.185957399,0.4730774796,0.7430877973,0.114375168,0.4767272339
2023-12-08,2024-05-24,-0.26895913,0.8168702,0.8168702,1.0858294,-0.1223442554,-0.08955577388,-0.03824176267,0.082961164,0.1799682,96.97003365,9.736287927,6.072117651,0.7414766893,0.1821458422,0.4742707954,0.743458905,0.1137874868,0.4750669922
2023-11-14,2024-01-13,-0.09479731,0.58827114,0.58827114,0.68306845,0.03131870739,0.04640302807,0.07240360975,0.25516564,0.34488183,96.96881771,9.818333413,6.059791601,0.7414657742,0.1861730183,0.4844289257,0.7432864861,0.1161769634,0.4897939718
2023-11-18,2024-03-13,-0.20940857,0.8944996,0.8944996,1.1039082,-0.04923515022,-0.0135597745,0.03583934158,0.17852013,0.27590236,96.96639776,9.779013602,6.048067835,0.7409597789,0.1832582949,0.4770163857,0.7429500606,0.1138812397,0.479292065
2024-07-15,2024-09-01,-0.24166085,0.340978,0.340978,0.58263886,-0.07102525234,-0.05429929495,-0.03206349909,-0.21405245,-0.22709075,96.87583447,11.58418822,6.016316253,0.7181799006,0.2000440753,0.4777753542,0.7213910781,0.1052247044,0.4838945293
2023-11-14,2024-03-01,-0.3990392,0.7312429,0.7312429,1.1302822,-0.2183507532,-0.1745135486,-0.1181331407,-0.0039513283,0.11983093,96.96791768,9.940870214,6.004953492,0.7431856967,0.1851655958,0.4656331538,0.7463517124,0.1127739579,0.4694692768
2023-11-30,2024-07-03,-0.26298827,0.9699551,0.9699551,1.2329433,-0.1076625716,-0.05137656815,-0.01731154788,0.09211028,0.18564154,96.96868658,10.08920043,6.004736741,0.7395540267,0.187107972,0.4728448461,0.7423797427,0.1125512727,0.4779027794
2023-11-18,2024-05-16,-0.22263138,1.0475607,1.0475607,1.270192,-0.04173939489,0.01607688144,0.05830603465,0.19514416,0.3072189,96.97375298,10.08776056,5.992412323,0.7444677408,0.1926154696,0.4803384894,0.7463132747,0.1148862961,0.4823002971
2023-11-18,2024-03-01,-0.41175148,0.6050269,0.6050269,1.0167783,-0.2720034197,-0.2254959494,-0.1742563285,-0.11845343,0.011063646,96.96639776,9.797468941,5.930749779,0.7435192811,0.1820504631,0.4631647374,0.7468593356,0.1111872478,0.4673077392
2023-11-14,2024-08-20,-0.50348675,1.0393537,1.0393537,1.5428405,-0.3145972788,-0.2935885191,-0.2286565527,-0.070419274,0.0920996,96.97355628,12.07038063,5.924466466,0.8097142927,0.3079964194,0.4623615043,0.816341106,0.1566926575,0.4792436493
2023-11-14,2024-03-25,-0.19481786,0.967652,0.967652,1.1624699,-0.02042461559,0.02405030839,0.06186726317,0.19342275,0.288151,96.965909,9.653746837,5.924394216,0.7390265983,0.1796953615,0.4777981514,0.7407837298,0.1104754506,0.4786521787
2023-11-14,2024-05-16,-0.24415472,1.1136361,1.1136361,1.3577908,-0.04112972505,0.01460640086,0.05739447847,0.20644958,0.3117681,96.97520733,9.931838905,5.920564941,0.743303465,0.1862560675,0.4703486004,0.7466479393,0.1129560546,0.4785038746
2023-11-14,2024-02-22,-0.46809655,0.5194432,0.5194432,0.98753977,-0.360110186,-0.3327992558,-0.2555898577,-0.30734846,-0.14582919,96.96884751,9.694423853,5.913701146,0.7444616401,0.1788979552,0.4557192684,0.7488566363,0.1112489431,0.4645693341
2023-11-18,2024-06-29,-0.28214306,1.03761,1.03761,1.3197532,-0.10437591,-0.08002946526,-0.0255735144,0.10506476,0.20298731,96.9694078,9.796672828,5.9052018,0.7432699531,0.1849342121,0.4756172338,0.7453268187,0.1117898235,0.4769649357
2023-12-12,2024-05-24,-0.15965128,0.9161192,0.9161192,1.0757705,-0.004289794713,0.02753795497,0.07183690742,0.20052542,0.2874704,96.97077274,9.523489307,5.893313839,0.742162458,0.1790675637,0.4763265988,0.7442875622,0.1116123545,0.4797739988
2023-11-14,2024-06-29,-0.26832953,1.1425999,1.1425999,1.4109294,-0.07422883809,-0.05290628225,0.004007796291,0.13818137,0.23737958,96.96640372,9.717038251,5.89289301,0.7435863256,0.1835546539,0.4752957447,0.7454959056,0.111356624,0.4754665163
2023-11-18,2024-02-22,-0.5028698,0.45236063,0.5028698,0.9552304,-0.3659116998,-0.3436213285,-0.2859545499,-0.3712335,-0.22314006,96.96779251,9.558997014,5.88841106,0.7443751022,0.1756969021,0.4535085328,0.7485337052,0.1097414492,0.4598394808
2023-11-14,2024-05-04,-0.23460609,1.020396,1.020396,1.255002,-0.06130999699,-0.01542346086,0.02409874834,0.18245777,0.28724992,96.96540833,9.60822904,5.86991736,0.7391822981,0.1798738624,0.4816821446,0.7406901654,0.1101584021,0.4828602728
2023-11-18,2024-07-27,-0.39988497,1.031929,1.031929,1.431814,-0.2159598619,-0.1930056959,-0.139867112,0.008533966,0.13126306,96.97297215,10.40374491,5.850993766,0.8128158215,0.2712429363,0.4738156522,0.8163172697,0.1556189194,0.4833630201
2023-11-18,2024-05-04,-0.21499044,0.9406349,0.9406349,1.1556253,-0.06008738279,-0.01046105474,0.02560575493,0.17887329,0.28138375,96.9686687,9.478589636,5.839775815,0.7407643695,0.1786316893,0.4821863523,0.742084469,0.1101015915,0.4823891732
2023-11-18,2024-03-05,-0.31989932,0.75479907,0.75479907,1.0746984,-0.1389840692,-0.1128561422,-0.05749538541,0.082639895,0.19768542,96.96640372,9.626883711,5.809595908,0.7423164273,0.1800846303,0.4719206712,0.7449349142,0.1096177293,0.4760065776
2023-11-26,2024-05-16,-0.21647947,0.9491658,0.9491658,1.1656452,-0.03187680244,0.001636069675,0.03430116922,0.18837737,0.2904184,96.9720006,9.666679672,5.77346298,0.746064878,0.1831424462,0.4701742978,0.7492496788,0.1111201686,0.4776433193
2023-11-18,2024-03-17,-0.25775194,0.88294005,0.88294005,1.140692,-0.0990758501,-0.04076500237,-0.002800946124,0.12410218,0.21345231,96.96756601,9.247934088,5.77007977,0.7406250498,0.1727647872,0.4763930193,0.7426840866,0.1086110646,0.4800065223
2023-12-12,2024-05-28,-0.24737677,0.84629947,0.84629947,1.0936762,-0.08291083574,-0.05680176616,-0.006071115145,0.12279698,0.22197421,96.97080851,9.431225511,5.76655958,0.7440525643,0.1782495301,0.4747303213,0.7462861291,0.1097469349,0.4780378929
2023-08-22,2024-07-15,-0.4238115,1.1333404,1.1333404,1.5571518,-0.1636073887,-0.1269584894,-0.01578072272,0.13125287,0.122243166,96.53808475,14.20358176,5.758422295,0.7377060539,0.2686683335,0.491663496,0.7399023912,0.1104399793,0.4985080373
2023-12-12,2024-07-27,-0.35833532,0.8590021,0.8590021,1.2173374,-0.1765868217,-0.1642097235,-0.1083883867,-0.035709403,0.091701984,96.97051048,11.2464217,5.743855166,0.8144980698,0.2939860374,0.4633752741,0.8200093131,0.1543230901,0.4762642094
2023-12-08,2024-05-12,-0.24173053,0.8204785,0.8204785,1.062209,-0.1069190707,-0.07824968547,-0.02960665338,0.08424236,0.18844968,96.96643353,9.84678868,5.740470756,0.746027252,0.1868128187,0.4710012412,0.7484260151,0.1089425874,0.4711510601
2023-11-14,2024-01-17,-0.16070248,0.7910579,0.7910579,0.95176035,0.0005306874373,0.01571484283,0.05168123357,0.18389204,0.27794227,96.96691036,9.743698675,5.722887649,0.7392119207,0.1811700069,0.4763161797,0.7418129377,0.1077681759,0.4824009898
2023-11-18,2024-07-15,-0.43401185,0.9369629,0.9369629,1.3709748,-0.2532852292,-0.2336537987,-0.1872202344,-0.03322185,0.094705135,96.97239995,10.13350085,5.710443695,0.8138970872,0.2671498948,0.4798665867,0.8161450199,0.1518272148,0.4839547793
2023-11-14,2024-04-10,-0.22686297,0.9566633,0.9566633,1.1835263,-0.03685889393,-0.01394672692,0.02536433004,0.18460098,0.28965276,96.96617723,9.465823359,5.706342291,0.7415972701,0.1771565325,0.4746172165,0.7437048164,0.1071887976,0.4763611041
2023-11-14,2024-04-22,-0.23800254,0.98434055,0.98434055,1.2223431,-0.04782317206,-0.01802372746,0.02623264492,0.17607792,0.28407538,96.96822762,9.481790714,5.693048204,0.7426004679,0.177513894,0.4719244104,0.7451501871,0.1074203691,0.4756332809
2023-11-30,2024-07-27,-0.39201945,0.9119794,0.9119794,1.3039988,-0.2081650645,-0.1767716408,-0.1274109483,-0.016608495,0.11386915,96.97132707,10.64524007,5.676430595,0.8134319408,0.2781925108,0.4719556394,0.8174172768,0.1516602656,0.482511519
2023-11-26,2024-03-05,-0.205084,0.79597104,0.79597104,1.001055,-0.03278484941,-0.01539885625,0.02209855989,0.16028103,0.26058897,96.96701765,9.697747375,5.664726019,0.741078873,0.1793950126,0.4672003517,0.7447361919,0.1067925198,0.4761300444
2023-11-30,2024-05-16,-0.21327062,0.9573299,0.9573299,1.1706005,-0.03675578348,0.03713547811,0.06961788237,0.20016253,0.31334877,96.97034955,9.960522342,5.651215181,0.7446086698,0.1884034723,0.4728385838,0.7476366871,0.1082671106,0.4789176266
2023-11-26,2024-07-27,-0.3581987,0.998987,0.998987,1.3571857,-0.2019892633,-0.1749615222,-0.1437177509,-0.0076305405,0.12029062,96.9696939,10.50297889,5.631057299,0.8129518364,0.2738796917,0.4729139437,0.8166806833,0.1498405464,0.4825887244
2023-11-18,2024-03-25,-0.20252645,0.8820583,0.8820583,1.0845847,-0.04219807032,0.00630825921,0.04229682405,0.17234787,0.26118192,96.96732759,8.995349255,5.6295297,0.7417139147,0.1681640037,0.4741652587,0.7437186712,0.1057652113,0.4765247352
2023-11-18,2024-01-13,-0.089999124,0.55146414,0.55146414,0.6414633,0.03505206108,0.04842852801,0.06317028776,0.24196628,0.33361912,96.96652293,9.376180599,5.576552022,0.7421137804,0.1773558813,0.4811041126,0.744381254,0.1071183653,0.488559674
2023-11-14,2024-02-18,-0.33199722,0.78191924,0.78191924,1.1139164,-0.1529466398,-0.09812351316,-0.03328415938,0.08218927,0.20015435,96.96608782,9.693195595,5.547535753,0.7428873023,0.1799636227,0.464620866,0.7468285655,0.1050090943,0.4737047746
2023-12-08,2024-07-27,-0.3434194,0.8482749,0.8482749,1.1916943,-0.1871276349,-0.1715381294,-0.1082089655,-0.010685683,0.102469176,96.97069526,10.16079017,5.546877486,0.8161648573,0.2673409547,0.4649473677,0.8205089543,0.1490834089,0.474948502
2023-11-26,2024-06-21,-0.18415779,0.99100155,0.99100155,1.1751593,-0.02720405813,-0.001920307637,0.0192031879,0.14731987,0.24621624,96.96883559,9.590744426,5.53019564,0.741356676,0.1792356233,0.4740664291,0.7440790738,0.1045652691,0.4796386298
2023-11-18,2024-02-18,-0.31760445,0.6887001,0.6887001,1.0063045,-0.1519140713,-0.09232053161,-0.04404201545,0.07678637,0.18247342,96.96636796,8.897934015,5.491657463,0.7425505568,0.1651324279,0.4668344938,0.745295698,0.10288247,0.4712568695
2023-11-30,2024-03-05,-0.27720562,0.65653265,0.65653265,0.93373823,-0.1312124878,-0.09088751301,-0.04583236296,0.078419015,0.17158175,96.96785808,8.492970752,5.472250761,0.7427110111,0.1573023539,0.4657674672,0.7454630316,0.1027139077,0.4720161077
2023-12-12,2024-05-12,-0.22691503,0.8384064,0.8384064,1.0653214,-0.07330720127,-0.0373637341,0.01792577654,0.12480867,0.22833781,96.9663918,9.363618418,5.427728742,0.7474502726,0.1795782451,0.4755749124,0.7496744375,0.1047024622,0.4783520949
2024-01-17,2024-05-28,-0.1831934,0.46059,0.46059,0.6437834,-0.07258679718,-0.03498712927,0.001504293876,0.13215554,0.24170306,96.97096944,8.959162316,5.379695074,0.7403442391,0.1661779664,0.4724695048,0.743159583,0.1014422339,0.4803180326
2023-12-20,2024-05-12,-0.32411897,0.49811283,0.49811283,0.82223177,-0.2121701986,-0.1781419963,-0.1259929016,-0.060421087,0.09131124,96.96643353,8.869131817,5.369410962,0.7513823442,0.1725444032,0.4750697151,0.7533703453,0.1049567258,0.4773327228
2023-11-14,2024-02-06,-0.40123725,0.5221523,0.5221523,0.92338955,-0.3072803915,-0.277859807,-0.2149569839,-0.23492235,-0.07742429,96.96603417,9.17060793,5.360985034,0.7475265051,0.1701874107,0.4523036682,0.7521974981,0.1016159059,0.4619743935
2023-11-30,2024-06-21,-0.2667691,0.91880995,0.91880995,1.1855791,-0.09560320526,-0.0695233494,-0.0307192374,0.10200081,0.19683121,96.96988463,8.813979599,5.342344412,0.741808964,0.1657200561,0.4782362778,0.7433211664,0.1004486636,0.4782464634
2023-11-30,2024-03-17,-0.23092188,0.8630183,0.8630183,1.0939401,-0.05754132569,0.01019298937,0.04016230814,0.12936158,0.21388699,96.96604013,8.721137743,5.339309892,0.7412161488,0.1605878956,0.4654038291,0.7445808533,0.1003433155,0.475
2023-11-18,2024-01-25,-0.16440694,0.72770846,0.72770846,0.8921154,-0.0282678674,-0.01015435206,0.01803686749,0.16886859,0.2545776,96.96811438,8.438142771,5.336632617,0.7430752674,0.1572008449,0.4688526559,0.7455946021,0.1005870875,0.4743548015
2023-12-20,2024-05-28,-0.31932613,0.55352986,0.55352986,0.872856,-0.2031654119,-0.1745375544,-0.1186686978,0.0062480904,0.16193016,96.97034955,8.84121736,5.33397551,0.7434093677,0.1665402456,0.4750114514,0.745498613,0.101142091,0.4781650804
2023-12-08,2024-07-03,-0.45883214,0.67334706,0.67334706,1.1321793,-0.3007258326,-0.2771496177,-0.2323492691,-0.17659901,-0.06835785,96.96633816,8.713432784,5.328840986,0.7425715724,0.1611506506,0.46473537,0.7454121938,0.09945664843,0.4689904596
2023-11-26,2024-07-15,-0.39664224,0.85526,0.85526,1.2519022,-0.2376122698,-0.2094748318,-0.177869752,-0.06042044,0.07201606,96.96951509,9.881408075,5.323342538,0.8153353795,0.261928757,0.4779367679,0.8177861155,0.1423256243,0.4820640888
2023-11-18,2024-04-10,-0.26361918,0.8407054,0.8407054,1.1043246,-0.08902816102,-0.06243585423,-0.02574638464,0.12797855,0.23202878,96.96594477,8.756225963,5.312532116,0.7429160449,0.1631400692,0.4688021755,0.7454433407,0.09973178396,0.4723652662
2023-11-26,2024-03-13,-0.20597135,0.8014462,0.8014462,1.0074176,-0.0426312089,-0.02829016186,0.0153006874,0.16058527,0.2747783,96.96596265,9.268940823,5.278763997,0.7419419048,0.1725548824,0.4700909665,0.7452936042,0.1001824047,0.4792299691
2023-12-20,2024-07-03,-0.34162667,0.60265875,0.60265875,0.9442854,-0.2147356123,-0.1878108084,-0.1409191042,-0.06274198,0.058569368,96.96871042,8.864648148,5.278725134,0.744293446,0.1666705145,0.4711576114,0.7469026523,0.100327832,0.4762788722
2023-11-14,2024-06-09,-0.28006896,1.0820644,1.0820644,1.3621334,-0.08066857606,-0.04991210252,-0.007498901337,0.13288313,0.2504197,96.96570039,9.406722473,5.255932848,0.7392213133,0.1740347804,0.473109773,0.7418064352,0.09793041095,0.47646606
2023-11-26,2024-08-20,-0.42004725,0.90850323,0.90850323,1.3285505,-0.2741324306,-0.2424184456,-0.1990745962,-0.057987243,0.115260534,96.96824551,10.94536853,5.250441812,0.8122148816,0.2826713173,0.4654076426,0.8177116975,0.139914404,0.4802325581
2023-11-26,2024-03-01,-0.346013,0.5722243,0.5722243,0.9182373,-0.1910737008,-0.1704659611,-0.122114744,-0.049556524,0.09509511,96.96630239,9.367273715,5.237003224,0.7463751938,0.1751101015,0.4601735442,0.7504956382,0.09958659675,0.4681033056
2023-08-14,2024-09-01,-0.44304058,1.118887,1.118887,1.5619276,-0.1783012711,-0.147758387,-0.03740709648,0.118952736,0.1330838,96.19128108,13.47897569,5.233243656,0.739647685,0.2545522422,0.4830489332,0.742826519,0.09957987626,0.4867116224
2023-12-08,2024-05-16,-0.3916066,0.73691607,0.73691607,1.1285226,-0.1975950524,-0.1588539183,-0.1207407191,0.0025135574,0.12892434,96.96641564,8.909267889,5.21052997,0.7459155219,0.1686332264,0.4712208901,0.7481949615,0.09892638037,0.4726651955
2023-12-20,2024-05-24,-0.3219863,0.5330905,0.5330905,0.8550768,-0.2021408714,-0.1676931679,-0.1168961171,-0.0060687703,0.15104882,96.97031975,8.660424242,5.206552521,0.7443578084,0.1643152574,0.4777006772,0.7460051953,0.09899615119,0.4787279849
2023-12-08,2024-03-05,-0.28858906,0.5570828,0.5570828,0.84567183,-0.1649584174,-0.1497380137,-0.1071397681,-0.0030701582,0.102574445,96.96527719,8.162086092,5.201273362,0.7428644572,0.1506190079,0.4635139326,0.7457614861,0.09744767224,0.4705935514
2023-11-14,2024-09-01,-0.5632465,0.8371495,0.8371495,1.400396,-0.3635465205,-0.326574415,-0.2916943729,-0.18152584,0.0061715175,96.97105289,10.91357832,5.20123924,0.8099953471,0.2777278008,0.4629332945,0.8158888181,0.1369197621,0.4788787176
2023-11-30,2024-07-15,-0.40582842,0.8213513,0.8213513,1.2271798,-0.2397789136,-0.2137740105,-0.1700842977,-0.05509101,0.07709452,96.96984887,9.665957167,5.200227733,0.8141620318,0.2530555572,0.4727172158,0.8176755723,0.139124137,0.4830705106
2023-11-18,2024-01-17,-0.20049289,0.67382896,0.67382896,0.8743218,-0.05435335636,-0.04060103372,-0.005791723263,0.1339793,0.219683,96.96494937,8.111664208,5.19745765,0.7400634285,0.1510099155,0.4769450393,0.7417446736,0.09741659369,0.4801918846
2023-11-30,2024-03-13,-0.227663,0.7489012,0.7489012,0.97656417,-0.08820689097,-0.04082008451,-0.0003073455009,0.1343079,0.24409045,96.96916342,8.933120628,5.197048713,0.7405962398,0.1647019107,0.4675878747,0.744153853,0.09805737011,0.4785141316
2023-12-12,2024-07-03,-0.46562356,0.745401,0.745401,1.2110245,-0.2885667682,-0.2631523013,-0.2215936333,-0.15528409,-0.04945905,96.96809053,8.540836491,5.196129259,0.7433396168,0.1580125336,0.4632192958,0.7468009553,0.09813151587,0.4728507417
2023-08-22,2024-03-13,-0.32256418,1.0277315,1.0277315,1.3502958,-0.1135569289,-0.05926608294,0.08953960054,0.18570223,0.18280186,96.50320411,13.95124547,5.189176006,0.72452803,0.2490010284,0.4833879619,0.7282902103,0.09418728991,0.4915883358
2023-08-22,2024-06-21,-0.3720714,1.1044731,1.1044731,1.4765445,-0.1264924258,-0.08825480938,0.01610187069,0.16441366,0.16934055,96.47446275,13.73992595,5.181831787,0.7262719357,0.2490607233,0.4923907014,0.7281828184,0.09504995447,0.4982617997
2023-08-14,2024-06-29,-0.39761478,1.096772,1.096772,1.4943867,-0.1379612014,-0.09405890852,0.01083021844,0.17205226,0.1647093,96.50098681,13.14573092,5.179409681,0.7269572594,0.2389523238,0.4929413622,0.7286580809,0.09520942041,0.498503714
2023-12-08,2024-06-21,-0.3414112,0.7678823,0.7678823,1.1092935,-0.1900813021,-0.1730781049,-0.1301654652,-0.029482067,0.056315675,96.96577787,8.166786713,5.177914891,0.7424811758,0.1513119216,0.4671964934,0.7448958487,0.09683469702,0.4715782123
2023-08-22,2024-05-28,-0.35792145,1.1259463,1.1259463,1.4838678,-0.1095616296,-0.044032868,0.08736387081,0.21272936,0.20032425,96.32127881,13.22513774,5.170746173,0.7240617413,0.2365529384,0.4877776614,0.726707046,0.09372737227,0.4943186386
2023-12-08,2024-04-22,-0.26216555,0.7450006,0.7450006,1.0071661,-0.1005051509,-0.08426149189,-0.05022403598,0.08256391,0.1713793,96.95956707,8.186746273,5.17032158,0.744851012,0.151851798,0.4616009752,0.747949806,0.09747330185,0.4691656759
2023-11-26,2024-04-06,-0.19556132,0.8043639,0.8043639,0.99992526,-0.04839435499,-0.03001992125,0.008734553121,0.1585981,0.24520998,96.96573019,8.199200332,5.168726528,0.7431759429,0.1522324309,0.4666998581,0.7458022476,0.09717581355,0.4725813892
2023-08-22,2024-05-24,-0.3637563,1.1175934,1.1175934,1.4813497,-0.1134496387,-0.04246768914,0.09244801104,0.20492426,0.20295733,96.31204009,13.73632312,5.162431962,0.724699857,0.2460974565,0.4866537542,0.7276126021,0.09363808882,0.4926989666
2023-11-26,2024-02-22,-0.41514865,0.48045462,0.48045462,0.8956033,-0.273836568,-0.2536008656,-0.2103718892,-0.20500195,-0.072801344,96.96565866,8.248619655,5.157599955,0.7437001201,0.1511218813,0.4563796894,0.7476305458,0.09696819403,0.4683406878
2023-11-14,2024-01-25,-0.219001,0.7668808,0.7668808,0.9858818,-0.06068634987,-0.04370537028,-0.004246098455,0.15411472,0.25449356,96.96640372,8.434375619,5.151169663,0.7402313749,0.1557586464,0.4705408693,0.7427601414,0.09629360774,0.4763100314
2023-11-18,2024-02-10,-0.41399893,0.42740348,0.42740348,0.8414024,-0.322296083,-0.2998915017,-0.2394466251,-0.33920035,-0.18803802,96.96295261,8.258148937,5.13977567,0.7511395267,0.1526307832,0.4423596018,0.7558698833,0.09736770487,0.4534055226
2023-11-30,2024-08-20,-0.43442443,0.9005702,0.9005702,1.3349947,-0.2712100297,-0.2420725226,-0.1839899421,-0.058018096,0.104229346,96.96989059,10.5891737,5.131228533,0.8124894334,0.2731919746,0.464202863,0.8181806031,0.1373378494,0.4815826528
2023-08-22,2024-03-25,-0.36250952,1.022687,1.022687,1.3851964,-0.1051182598,-0.04941168427,0.05807946995,0.16943048,0.17571302,96.48500681,13.96454821,5.110606716,0.7239716707,0.249588459,0.4867033152,0.7273680258,0.09325378147,0.4968954204
2023-11-26,2024-03-17,-0.12937799,0.9567786,0.9567786,1.0861566,0.04276618548,0.07280599326,0.1000679992,0.21863613,0.30418277,96.96595073,8.436687634,5.099077072,0.7410124025,0.1564276941,0.4711826668,0.7438070508,0.09625761952,0.4797236982
2023-11-18,2024-04-22,-0.24569525,0.881817,0.881817,1.1275122,-0.07483125851,-0.04375961795,-0.009023648687,0.15960722,0.271201,96.96609974,8.518043531,5.081080455,0.7454545586,0.1604240672,0.4696631123,0.748074493,0.09676609552,0.4749237957
2023-08-14,2024-08-20,-0.4385339,1.2220316,1.2220316,1.6605655,-0.1828230619,-0.1335440129,-0.01047553681,0.1445952,0.12326438,96.51663303,13.31954962,5.077000576,0.7405465325,0.2547684583,0.4923892941,0.7424231101,0.09831786855,0.4985144197
2023-11-26,2024-02-18,-0.16924211,0.78148687,0.78148687,0.950729,-0.00383158715,0.02142985351,0.05798809417,0.19764678,0.2918451,96.9660759,8.469344847,5.073933908,0.7414831143,0.1555702855,0.4635051441,0.7451404332,0.09553744375,0.475123528
2023-08-22,2024-05-04,-0.3820522,1.0866518,1.0866518,1.468704,-0.1244963855,-0.07295645773,0.03129203618,0.17568503,0.18128034,96.47553563,13.90551731,5.071945636,0.722548555,0.2489070015,0.4932984554,0.7242682109,0.09175908025,0.4985793126
2023-12-08,2024-04-10,-0.20899819,0.77543986,0.77543986,0.98443806,-0.05915704742,-0.04759852402,-0.01893328177,0.12151427,0.20270932,96.96416259,7.923800763,5.067920358,0.7423575133,0.1467693391,0.4677557726,0.7447786948,0.09501834187,0.473472795
2023-12-08,2024-03-01,-0.2075859,0.7428915,0.7428915,0.95047736,-0.04551508278,-0.02041933499,0.009298222139,0.13454431,0.22332521,96.96387649,8.520924272,5.062496565,0.7399048739,0.1561733582,0.4661283068,0.7434542044,0.09515847661,0.4780441118
2023-12-12,2024-06-21,-0.41981074,0.64000636,0.64000636,1.0598171,-0.260451436,-0.2451505512,-0.1896989197,-0.17239231,-0.072228365,96.96772099,8.488775415,5.057661257,0.7455749893,0.1570929864,0.4574783431,0.7495554924,0.09574606555,0.4679829013
2023-12-20,2024-07-27,-0.27019423,0.76417,0.76417,1.0343642,-0.1368702054,-0.1183036044,-0.0515422225,0.06796046,0.19402483,96.97105289,9.397120038,5.051576661,0.8170059069,0.2484711152,0.4679128541,0.8211207582,0.1373166411,0.4810387528
2023-12-08,2024-08-20,-0.3817344,0.8638419,0.8638419,1.2455763,-0.2612688541,-0.24268841,-0.1887072921,-0.06568061,0.089278795,96.96638584,10.4410195,5.039644315,0.8136724434,0.2689012025,0.4564479599,0.8200551636,0.1345250676,0.4730943634
2023-11-30,2024-02-18,-0.27009222,0.6315372,0.6315372,0.90162945,-0.109201923,-0.04474798217,-0.01018470759,0.092524335,0.1973479,96.96162939,8.387774064,5.038097674,0.7428721297,0.1532787928,0.4565606884,0.747131295,0.09476630865,0.4699488033
2023-08-10,2024-05-04,-0.36250246,1.0811118,1.0811118,1.4436142,-0.1318721138,-0.0827732943,0.02287426405,0.13370942,0.1542878,96.46494389,13.26634354,5.01644611,0.7274250189,0.2416716099,0.4933166993,0.7290188661,0.09229086259,0.4982117608
2023-08-22,2024-05-12,-0.34160104,1.0730677,1.0730677,1.4146687,-0.1233458221,-0.06391284615,0.05393390171,0.18800807,0.19808058,96.2379992,13.65207246,4.999473433,0.7263363708,0.2462789112,0.4875458024,0.7292172448,0.09153135046,0.494803071
2023-08-14,2024-06-21,-0.35739034,1.1035382,1.1035382,1.4609284,-0.1056784987,-0.06132005528,0.04948251508,0.1612653,0.18789187,96.45258784,14.68297462,4.992859041,0.7267808113,0.2666382187,0.4917670456,0.729013053,0.09184429602,0.4981429126
2023-11-30,2024-03-01,-0.32772508,0.54167753,0.54167753,0.86940265,-0.200912416,-0.1522859782,-0.1171930321,-0.046182632,0.078449644,96.96628451,8.32130363,4.992579877,0.7435913831,0.1529106849,0.4584711695,0.7478050307,0.09464630889,0.4729815777
2023-12-08,2024-05-04,-0.25549057,0.7672596,0.7672596,1.0227501,-0.1037888154,-0.07474716008,-0.0410743542,0.104552865,0.20062226,96.96558118,7.931177122,4.990757856,0.7412188783,0.1467725246,0.4701245532,0.7434006896,0.0931940556,0.474381267
2024-01-13,2024-05-24,-0.15639669,0.6474161,0.6474161,0.8038128,-0.04093873873,0.01069730986,0.04579188302,0.22915046,0.34086612,96.97035551,8.397234689,4.981666547,0.7420041056,0.1580416818,0.4788948878,0.7438327509,0.09451867555,0.4827783906
2023-08-10,2024-07-15,-0.39405498,1.1411353,1.1411353,1.5351903,-0.1413590759,-0.1103983447,0.002709734952,0.11903661,0.133175,96.5072155,12.88165059,4.981398163,0.7401876178,0.2460376951,0.4925827557,0.7419205441,0.09623048508,0.498213139
2023-12-08,2024-04-06,-0.1829771,0.83269346,0.83269346,1.0156705,-0.03702860232,-0.02488744538,0.009446918499,0.14120878,0.2199793,96.96620107,7.951642903,4.969062682,0.7412141777,0.1461007164,0.4653631031,0.7439210122,0.09256462164,0.4718098731
2023-11-18,2024-09-01,-0.5283163,0.8295962,0.8295962,1.3579125,-0.3343777657,-0.2982940376,-0.2700943649,-0.1703158,0.013642059,96.97006345,10.52721475,4.950662728,0.8101343693,0.2677841309,0.4633256792,0.8156586674,0.1298679625,0.4778083153
2024-01-13,2024-05-28,-0.1456087,0.6685179,0.6685179,0.8141266,-0.03213822469,0.0158667285,0.04687247425,0.23522082,0.34847462,96.97082043,8.312996975,4.949056068,0.7435728071,0.158087779,0.4819341034,0.7449676101,0.09446976668,0.4837460735
2023-12-08,2024-06-29,-0.3434973,0.7832985,0.7832985,1.1267958,-0.1827383339,-0.1697709709,-0.1167083979,-0.013933355,0.08811126,96.96233869,8.316772684,4.944619452,0.7440660083,0.1536624862,0.4608317972,0.7476681304,0.09328332785,0.470544359
2023-11-26,2024-09-01,-0.49136966,0.7270843,0.7270843,1.2184539,-0.3230753541,-0.284267351,-0.2463025041,-0.20970125,-0.02569684,96.97012901,10.52133051,4.91512737,0.8097287428,0.2658418943,0.4589110237,0.8156966318,0.1279365111,0.4727542666
2023-11-26,2024-04-10,-0.2027632,0.7796595,0.7796595,0.9824227,-0.04060485959,-0.02422575653,-0.0004459497868,0.15833053,0.2647052,96.96561694,8.397166625,4.910720092,0.7425300237,0.1542663394,0.4609586743,0.7461533849,0.0920115468,0.4701330038
2023-12-12,2024-03-13,-0.34289688,0.46746305,0.46746305,0.81035995,-0.2391438633,-0.213364616,-0.1610755585,-0.18776527,-0.063232124,96.96025848,8.492535382,4.910661024,0.7449773715,0.1561870632,0.4549386553,0.7495818845,0.09309459851,0.4689533822
2023-11-18,2024-08-20,-0.48507524,0.9422954,0.9422954,1.4273705,-0.3161296248,-0.2947213948,-0.2423193008,-0.06806519,0.14020973,96.9661057,10.87605684,4.906152793,0.8098123056,0.2739802806,0.4537750539,0.8172914221,0.1290318692,0.4737494284
2024-01-17,2024-05-24,-0.1458538,0.4751417,0.4751417,0.6209955,-0.05101972073,-0.006260861177,0.02575030178,0.1835696,0.2889559,96.96939588,8.183459095,4.903474959,0.7413563878,0.152910204,0.4759179992,0.7434168721,0.09256646648,0.4808197544
2023-12-08,2024-03-13,-0.21716581,0.7099424,0.7099424,0.9271082,-0.07106113434,-0.05045099184,-0.01466172747,0.15111296,0.24702452,96.96597457,7.829354438,4.901952276,0.7410442321,0.1444262575,0.468627614,0.7436425908,0.09192405135,0.4763956096
2023-08-10,2024-06-21,-0.34339154,1.0949484,1.0949484,1.43834,-0.1067253016,-0.07352180034,0.02727355342,0.1432792,0.16981211,96.43483162,13.26634354,4.890579473,0.7281148516,0.2419007593,0.4917860924,0.7299465241,0.09002049788,0.4964452281
2023-08-10,2024-05-16,-0.38931918,1.1332421,1.1332421,1.5225613,-0.1002812814,-0.04707746208,0.06482233666,0.13762441,0.1658988,96.46533132,13.8371244,4.882095645,0.725703219,0.2484952045,0.4852851012,0.7296224696,0.09005097905,0.4984331823
2023-11-26,2024-03-25,-0.17343388,0.82925904,0.82925904,1.0026929,-0.02159453556,0.001791146933,0.03457893059,0.18646368,0.27213934,96.96460962,7.744672611,4.879724639,0.7421839439,0.1447115433,0.4742984551,0.7441368742,0.09212513147,0.479219414
2024-01-17,2024-05-12,-0.17624344,0.45489568,0.45489568,0.6311391,-0.06338594109,-0.02310549747,0.005233998876,0.14349598,0.23996338,96.97045088,8.171445031,4.874959652,0.7462781733,0.1552131842,0.4738012152,0.7487895469,0.09416953185,0.4818432851
2023-08-14,2024-07-15,-0.42109895,1.0221597,1.0221597,1.4432586,-0.1688514575,-0.1300824881,-0.03347941115,0.12946498,0.13858971,96.44294381,13.9006521,4.873566273,0.7377925579,0.2600547682,0.4802877196,0.7430749303,0.09453180169,0.4979696729
2023-11-30,2024-04-06,-0.16507584,0.8146561,0.8146561,0.9797319,-0.04666754324,-0.02069603186,0.01787208207,0.1613129,0.24762791,96.96374536,7.80716927,4.87228284,0.7418042677,0.1443032593,0.4679983712,0.7444630851,0.09159756425,0.4760068806
2023-08-14,2024-05-28,-0.3705575,1.1200889,1.1200889,1.4906464,-0.1128779165,-0.04772450402,0.08093516529,0.20446707,0.19368155,96.37416005,13.11127164,4.867753864,0.7246786568,0.2356355666,0.4901784866,0.7269067468,0.08859927747,0.4964320237
2023-08-22,2024-05-16,-0.42009854,1.1256291,1.1256291,1.5457276,-0.1255431995,-0.06754735857,0.03843347821,0.16028935,0.17327122,96.50972486,14.19402042,4.867000344,0.7233917545,0.2526432335,0.4845214386,0.7275696454,0.0889994655,0.497779233
2023-11-18,2024-02-06,-0.36704767,0.513952,0.513952,0.8809997,-0.2578673512,-0.232528463,-0.172375083,-0.15643443,-0.020401483,96.96612358,8.171010788,4.863452205,0.7497329404,0.1519663589,0.4503675819,0.754238938,0.09297633973,0.4629384366
2023-11-30,2024-02-22,-0.4057193,0.42077342,0.42077342,0.8264927,-0.2994577736,-0.2728730142,-0.2274542302,-0.3178537,-0.18232411,96.96590304,7.856877595,4.862818029,0.7448908079,0.1440775981,0.454784128,0.7487439255,0.09148274174,0.4665626625
2023-08-22,2024-04-10,-0.3127919,1.0285019,1.0285019,1.3412938,-0.1054486297,-0.05515943468,0.05636254139,0.18224311,0.181708,96.53348923,13.74588447,4.858270422,0.7276326948,0.2461270076,0.4757505192,0.7332295443,0.08941064802,0.4889903023
2023-08-10,2024-09-13,-0.46270624,1.158649,1.158649,1.6213552,-0.1615113541,-0.1333441213,-0.03760560136,0.08869531,0.13049653,96.37455344,13.78427432,4.857895871,0.7352113655,0.2568281844,0.4863335049,0.737670285,0.09054870576,0.4865298176
2024-05-24,2024-09-01,-0.29672465,0.3193427,0.3193427,0.61606735,-0.1162755154,-0.07959384471,-0.0385091491,-0.31272066,-0.33432642,96.96635008,10.19259086,4.85537623,0.8096424035,0.2587343389,0.4652130457,0.8146587538,0.1268065948,0.4786315883
2023-11-14,2024-02-10,-0.4074574,0.49149153,0.49149153,0.8989489,-0.301509738,-0.2693221569,-0.2065224499,-0.2406123,-0.08584208,96.96578383,8.261552489,4.848440185,0.7492037998,0.1525209175,0.4467712032,0.754134172,0.09218907441,0.4601451435
2023-08-10,2024-03-25,-0.34529576,1.0218431,1.0218431,1.3671389,-0.1128577963,-0.06312188506,0.05079115182,0.1274258,0.14939539,96.49224281,13.37107014,4.844822431,0.7290237339,0.2426990839,0.4841637196,0.7328692725,0.09008504049,0.4959810535
2023-08-22,2024-09-01,-0.44757932,1.1157362,1.1157362,1.5633156,-0.1734602451,-0.1402984411,-0.02971483953,0.12377623,0.15808953,96.0950315,13.61396566,4.827784983,0.7392427971,0.2567275855,0.4829967632,0.7423924973,0.09135666212,0.4846727899
2023-08-22,2024-06-29,-0.3931057,1.094246,1.094246,1.4873517,-0.1287293285,-0.08757814765,0.003658324829,0.15410723,0.17260689,96.43680453,14.0287062,4.822519317,0.7268823373,0.2544646059,0.4906409585,0.7292518873,0.08866968576,0.4973421068
2023-08-14,2024-06-09,-0.37771466,1.097067,1.097067,1.4747816,-0.1137653571,-0.06833556667,0.02800458064,0.17746149,0.17817116,96.46819234,13.06269651,4.802987024,0.7220969787,0.2332505333,0.4929335735,0.723799184,0.08673202107,0.4985017
2023-08-14,2024-05-24,-0.36234698,1.1117989,1.1117989,1.4741459,-0.1225117091,-0.04994609952,0.07892826013,0.20257132,0.19932914,96.30033374,13.36120522,4.802848634,0.7249326037,0.240351568,0.4900100469,0.7272215856,0.08746015013,0.4960380349
2023-12-12,2024-08-20,-0.32154858,0.83396727,0.83396727,1.1555159,-0.2400887311,-0.1998047084,-0.08564424515,-0.031075926,0.10960239,96.95839882,9.812066745,4.7955482,0.8208213213,0.2594113973,0.4453684598,0.827853182,0.131387206,0.4615361419
2023-11-26,2024-02-06,-0.3844921,0.43750224,0.43750224,0.8219943,-0.2603228986,-0.2406696379,-0.1856607944,-0.22368312,-0.09667578,96.96413875,7.764830493,4.794324581,0.7494566764,0.1442960153,0.4516334639,0.7533025691,0.09109489572,0.4617749446
2023-11-30,2024-04-10,-0.25206515,0.73032045,0.73032045,0.98238564,-0.1251905411,-0.09997216612,-0.06758014858,0.074393176,0.16740441,96.96419835,7.696915049,4.789989553,0.7429418514,0.1424497542,0.4660849893,0.7457299971,0.09027101387,0.4746066941
2023-12-24,2024-05-28,-0.30898562,0.54705596,0.54705596,0.85604155,-0.1758044511,-0.150693506,-0.0873671174,0.013339572,0.17976275,96.96633816,8.717886471,4.772577189,0.7481955445,0.1642045538,0.4617070826,0.7523448891,0.09219364822,0.4735224658
2023-12-12,2024-03-01,-0.35547394,0.44553715,0.44553715,0.8010111,-0.2336185575,-0.2069430202,-0.1420850903,-0.20778303,-0.107598506,96.96319699,7.724634506,4.770457653,0.7477893927,0.1444570481,0.4601379749,0.7509643953,0.09087743323,0.4687305798
2023-12-08,2024-02-18,-0.34430704,0.48236695,0.48236695,0.826674,-0.2330176681,-0.1900719404,-0.1598280519,-0.15389559,-0.039773725,96.96190953,7.699328028,4.766357438,0.7435612339,0.1413813387,0.4594189694,0.7468299735,0.08929895379,0.4687371983
2023-12-12,2024-04-06,-0.29043123,0.63705796,0.63705796,0.92748916,-0.163813144,-0.1420703679,-0.09485835582,-0.030426718,0.05460786,96.96530104,7.710534631,4.766046923,0.7456205427,0.1424296034,0.4578988334,0.7489820975,0.08981828948,0.4671541706
2024-01-17,2024-05-16,-0.2244076,0.42323127,0.42323127,0.64763886,-0.1015621759,-0.04860056192,-0.02492216136,0.05753878,0.20836124,96.9696641,8.864207788,4.76256302,0.7449312955,0.1682727401,0.4761957249,0.7473854937,0.09140914192,0.4814603754
2023-12-12,2024-03-05,-0.19793047,0.63883436,0.63883436,0.8367648,-0.08689278923,-0.0738553144,-0.03665374685,0.10275845,0.19078393,96.96347117,7.654207439,4.761925421,0.744674405,0.1435055423,0.470124791,0.7472123824,0.09089414859,0.4786279363
2024-05-28,2024-09-01,-0.31673598,0.3149272,0.31673598,0.6316632,-0.1148894094,-0.08886563033,-0.04913930688,-0.33718327,-0.3580739,96.96637988,9.968570924,4.759704251,0.8102265265,0.2541755796,0.467209547,0.814853384,0.1246655195,0.4799291976
2023-11-30,2024-05-04,-0.18668647,0.89237916,0.89237916,1.0790657,-0.02968757739,0.03112090193,0.06231391989,0.22361636,0.3238654,96.9650805,7.745250615,4.759427603,0.7400579738,0.1443741394,0.4782649254,0.7416893894,0.0893672262,0.4817682242
2023-08-22,2024-09-13,-0.4521582,1.1682394,1.1682394,1.6203976,-0.155187577,-0.1238451749,-0.03443190828,0.14071336,0.16321063,96.39598727,13.56615895,4.750324254,0.7318299855,0.2484949226,0.4825333756,0.735219412,0.08760089739,0.48579388
2023-08-22,2024-04-22,-0.34610188,1.0692654,1.0692654,1.4153672,-0.09723360091,-0.05026131496,0.04040396027,0.19286071,0.18647304,96.50316834,13.37673351,4.747829991,0.7284377875,0.2427240481,0.4859220585,0.7319643986,0.08819884454,0.4974754108
2023-08-22,2024-07-27,-0.4089924,1.1046721,1.1046721,1.5136645,-0.152168829,-0.1018978916,0.03895547334,0.17980283,0.17386007,96.25664353,12.75898766,4.73147871,0.7365233574,0.2380747606,0.4840240671,0.7396827574,0.08943228408,0.4903060477
2023-11-26,2024-06-29,-0.1878021,1.0163287,1.0163287,1.2041308,-0.02924564527,-0.007421652321,0.02841412555,0.17008941,0.2756477,96.96512222,8.159607073,4.726409137,0.7455024081,0.1543178401,0.4729756054,0.7473440726,0.08935992569,0.4728281639
2023-12-08,2024-07-15,-0.35189006,0.81578755,0.81578755,1.1676776,-0.2026628852,-0.1829302013,-0.1330819018,-0.016600192,0.10308239,96.96627259,8.668957677,4.708214371,0.8165611558,0.22796915,0.467636852,0.8195702765,0.1250653214,0.4723677137
2023-12-24,2024-05-12,-0.25226453,0.5308896,0.5308896,0.78315413,-0.1360204667,-0.113496758,-0.05970813707,0.0621981,0.21256481,96.96575403,8.438421645,4.703722489,0.7516050442,0.1616259033,0.4641890851,0.7548425879,0.09125396504,0.4701703455
2023-11-30,2024-06-29,-0.2308832,0.9586454,0.9586454,1.1895286,-0.06999414787,-0.0337248221,0.006091278512,0.14164947,0.24325398,96.96630836,8.083671827,4.703288986,0.7436701361,0.1499575589,0.4650173394,0.7469055123,0.08898505987,0.4742691675
2023-08-10,2024-06-29,-0.34625897,1.1145087,1.1145087,1.4607677,-0.1078518331,-0.07351194322,0.01943118125,0.1547327,0.16945003,96.49800658,12.50683226,4.702266295,0.7282991315,0.2283098316,0.4926105909,0.7298957602,0.08666017276,0.4973232771
2023-11-30,2024-03-25,-0.17834188,0.86940145,0.86940145,1.0477433,-0.01067779958,0.04639370739,0.07385999151,0.20043948,0.28542215,96.95453644,7.504367541,4.680024334,0.7407981799,0.1388161875,0.4715835788,0.7431535453,0.08804270352,0.4795986106
2023-08-22,2024-06-09,-0.36463568,1.0928205,1.0928205,1.4574562,-0.1033369638,-0.06000047177,0.02722203918,0.18250604,0.19193572,96.41663432,13.41872028,4.67702063,0.7222589433,0.2393044529,0.4910106674,0.7244594377,0.08455024724,0.4977334676
2023-12-12,2024-02-22,-0.37372002,0.4150039,0.4150039,0.78872395,-0.2768256366,-0.2540176809,-0.1913782209,-0.30243874,-0.18579139,96.95524573,7.499542658,4.671686222,0.7446002902,0.1363428993,0.4509439056,0.7485612705,0.08732376301,0.4636428361
2023-08-22,2024-04-06,-0.26950082,1.0309784,1.0309784,1.3004793,-0.1099823304,-0.05159054138,0.1034564003,0.20386916,0.18612388,96.53291702,13.48481825,4.653879411,0.7260793231,0.2394893745,0.4740530653,0.732073869,0.08529719431,0.4892213786
2023-12-24,2024-05-24,-0.27287823,0.5428666,0.5428666,0.8157448,-0.1528856456,-0.1250311583,-0.07162958384,0.064110436,0.21709791,96.96630836,8.123626338,4.641514832,0.7476233207,0.1530338718,0.4645935057,0.7506889083,0.08865344841,0.4710547617
2023-08-14,2024-03-25,-0.3495319,0.9984426,0.9984426,1.3479745,-0.1116509661,-0.05576418713,0.03500091098,0.17407045,0.17772076,96.45767808,13.33975466,4.627784421,0.7245181236,0.2377762226,0.4829083326,0.7285660511,0.08446308348,0.4944677033
2023-12-12,2024-05-16,-0.36758107,0.60115975,0.60115975,0.9687408,-0.2444095053,-0.2146416008,-0.1522762626,-0.076656416,0.05243151,96.96537256,7.989133696,4.624758946,0.7540204528,0.1507140109,0.4485197621,0.7588563483,0.09013066757,0.4633520951
2023-11-26,2024-05-04,-0.21173829,0.82438487,0.82438487,1.0361232,-0.05239961296,-0.03160242364,0.001515212934,0.18005939,0.30511174,96.95487022,8.109609746,4.618539182,0.7415156271,0.1528738606,0.4816603263,0.7428891085,0.08724580758,0.482666917
2023-08-10,2024-06-09,-0.38214362,1.0770552,1.0770552,1.4591988,-0.1099365801,-0.07230916992,0.01718808524,0.14332545,0.1712762,96.43807411,12.88206783,4.607553389,0.7273026293,0.2343845883,0.49277725,0.7289270738,0.08462504269,0.4974342721
2023-08-22,2024-01-17,-0.28997955,0.7989106,0.7989106,1.0888902,-0.1082350165,-0.06307823956,0.07190550864,0.20379017,0.21935354,96.46017551,13.03474231,4.594848515,0.724514173,0.2324266051,0.4836072545,0.7278883568,0.08305147096,0.4902138183
2023-08-14,2024-09-13,-0.43019196,1.1562887,1.1562887,1.5864807,-0.1594404802,-0.1249496341,-0.03621296585,0.14447613,0.15960978,96.39893174,12.82217351,4.590142155,0.7332941688,0.2358992766,0.4823533221,0.736395504,0.0848220766,0.4844880608
2023-08-10,2024-07-27,-0.3583346,1.1173326,1.1173326,1.4756672,-0.1339188516,-0.09239976108,0.03163837269,0.1550672,0.16920681,95.90184093,12.40878146,4.584188091,0.7395318596,0.2341718106,0.4840900685,0.7422717189,0.08699777436,0.4868177543
2024-01-17,2024-08-20,-0.24343793,0.48594612,0.48594612,0.72938406,-0.1537227333,-0.1370857358,-0.08925222047,-0.019011725,0.18269438,96.96499109,9.49248542,4.577575388,0.8136861174,0.243362715,0.4564764904,0.8194427356,0.1215086041,0.4726240731
2023-11-30,2024-04-22,-0.19325505,0.81629837,0.81629837,1.0095534,-0.05746936891,-0.02398159727,0.006999753299,0.17072918,0.27335057,96.96488976,7.578857778,4.567385848,0.7451653597,0.1423672946,0.4702231713,0.7475994781,0.08707711935,0.4772367755
2024-01-17,2024-07-15,-0.22514276,0.4062261,0.4062261,0.6313689,-0.1184632257,-0.1033389121,-0.06776944548,-0.010970568,0.13250072,96.96439505,8.428444671,4.567225924,0.8150145399,0.2181814867,0.4624925938,0.8189625349,0.1211714285,0.4740040567
2023-11-26,2024-02-10,-0.38672656,0.387979,0.387979,0.7747055,-0.2803051472,-0.2477645576,-0.1987391412,-0.3205039,-0.18568155,96.95091248,7.502778031,4.565579586,0.7506975783,0.1388156831,0.4463666654,0.7551243647,0.08711674263,0.4603424538
2023-08-22,2024-07-03,-0.37577078,1.0930849,1.0930849,1.4688557,-0.1268061996,-0.07722759247,0.03936989419,0.20126468,0.20302016,96.30596042,12.42863636,4.557850278,0.7223573281,0.2201000018,0.4851380279,0.7252298879,0.08169087465,0.4909859241
2023-11-26,2024-06-09,-0.20512813,0.9520172,0.9520172,1.1571453,-0.02734780917,-0.01023718994,0.01496766484,0.16969056,0.27186736,96.96294665,7.816850833,4.557198531,0.7405575858,0.1430353939,0.4646135076,0.7435559804,0.08475075442,0.4721997622
2023-12-12,2024-03-17,-0.30924264,0.7322485,0.7322485,1.0414912,-0.1353924125,-0.09426406026,-0.07311585173,0.011227649,0.107369475,96.96518183,7.828756659,4.556067248,0.7432503176,0.1443602457,0.4626585143,0.7466675488,0.0859518756,0.4733375655
2023-08-22,2024-08-20,-0.39527178,0.96927047,0.96927047,1.3645422,-0.1748328507,-0.1362554878,-0.05302725919,0.16732696,0.16762409,95.60895562,12.72392941,4.545933242,0.7392725897,0.2395778421,0.4825697265,0.7427645582,0.08684568367,0.4896208011
2023-12-08,2024-03-25,-0.24556759,0.7470359,0.7470359,0.99260354,-0.09903443605,-0.07054696977,-0.04584392346,0.08095234,0.17105862,96.96333408,7.38561581,4.543403365,0.7413291621,0.1365752657,0.470194266,0.7436744104,0.08529697015,0.4773581001
2023-08-14,2024-07-27,-0.38477513,1.1616501,1.1616501,1.5464252,-0.133142516,-0.08096943423,0.05325183272,0.1963838,0.18453367,96.32744789,12.27968203,4.542674151,0.7378285395,0.2311117994,0.4877721679,0.7403541694,0.08671832031,0.4947448591
2024-01-17,2024-07-27,-0.22704992,0.44859955,0.44859955,0.67564946,-0.1104287058,-0.091812931,-0.05163921602,0.03335368,0.1959993,96.96519375,8.821000583,4.540954206,0.8150416801,0.229701613,0.4660324415,0.8192798944,0.1219652256,0.4806831041
2023-08-10,2024-09-01,-0.4125896,1.0935824,1.0935824,1.506172,-0.1856984198,-0.1460899562,-0.04644888826,0.08628572,0.13581732,96.02547884,13.08901761,4.532450644,0.7429323449,0.2499937997,0.4819736059,0.7460129483,0.08655910275,0.4819264169
2023-11-30,2024-06-09,-0.26592833,0.90099454,0.90099454,1.1669228,-0.0799201522,-0.03278403543,-0.004934464931,0.12874034,0.2370664,96.95231915,7.809698036,4.531405113,0.7402964003,0.1430926471,0.4661538319,0.7432254345,0.08442146695,0.4739867343
2023-08-14,2024-05-16,-0.4281187,1.0641207,1.0641207,1.4922394,-0.1363057718,-0.08265496045,0.003230610339,0.11665133,0.17937261,96.2105751,15.92779881,4.52219233,0.7240392919,0.284455034,0.4833788034,0.7290019818,0.08292472173,0.4963276923
2023-12-24,2024-07-27,-0.24618363,0.6983051,0.6983051,0.9444887,-0.1458117217,-0.1146474257,-0.05151242763,0.054784354,0.20398921,96.96469903,9.270602583,4.521290047,0.8213859953,0.2477758592,0.4551639753,0.8271443579,0.1252434145,0.4717472594
2023-11-26,2024-01-25,-0.18261953,0.62026244,0.62026244,0.80288196,-0.03975202143,-0.02166950516,0.004038924817,0.1560974,0.25068378,96.95805311,7.393390816,4.517027269,0.7429917042,0.1375364232,0.4697938044,0.7453896974,0.08533586621,0.4771029607
2023-08-14,2024-05-12,-0.35556462,1.075899,1.075899,1.4314636,-0.1287433356,-0.06557364389,0.0523528019,0.20514329,0.19527608,96.35289311,12.32189119,4.499081086,0.7271323236,0.2231070596,0.4892909689,0.7294835813,0.08271323586,0.4968009843
2023-08-22,2024-01-13,-0.33881083,0.75291634,0.75291634,1.0917271,-0.1007073317,-0.0725399442,0.01278880658,0.18076533,0.20964274,96.48826718,13.0840733,4.498126531,0.7262012649,0.2375332324,0.4944080829,0.7273860399,0.08207293959,0.4969039771
2023-08-14,2024-03-17,-0.3000813,1.0298544,1.0298544,1.3299358,-0.09112180769,-0.03381496295,0.09144747071,0.2143938,0.20342542,96.48298025,12.34472565,4.491331208,0.7285785063,0.219311279,0.4682854645,0.734493324,0.08156182896,0.4786775128
2024-01-13,2024-05-12,-0.15949422,0.6055184,0.6055184,0.7650126,-0.05650662631,-0.003303746693,0.02909764275,0.21025692,0.34090984,96.96688652,8.174890509,4.48028946,0.7459918394,0.1567890741,0.4813104778,0.7475695793,0.08632100615,0.4835060198
2023-08-10,2024-04-10,-0.27535254,1.029898,1.029898,1.3052506,-0.1135647297,-0.06755436212,0.06083883718,0.15235169,0.16009887,96.51436806,12.84103948,4.471116736,0.7312343971,0.2322781066,0.4741576319,0.7369074359,0.08344630175,0.4892217245
2024-01-25,2024-05-28,-0.15251613,0.48482493,0.48482493,0.637341,-0.04388539866,-0.00943667721,0.02132331301,0.18602711,0.28687558,96.96417451,7.656599286,4.468402701,0.7461609712,0.145025622,0.4729600936,0.7486463874,0.08616149838,0.4814781878
2023-12-12,2024-07-15,-0.2683445,0.7477261,0.7477261,1.0160706,-0.179320693,-0.1452269629,-0.06713869423,0.0036205715,0.12447026,96.95820808,8.923413095,4.462574232,0.8208885669,0.2346267573,0.4452556519,0.8270599736,0.1211370745,0.4596788567
2023-12-08,2024-03-17,-0.3081356,0.71269673,0.71269673,1.0208323,-0.1492235065,-0.1066194698,-0.07927857339,0.02807953,0.119310066,96.96439505,7.324797005,4.454814738,0.7435843754,0.1350250369,0.4625667657,0.7464445225,0.08353759141,0.4705524261
2023-12-20,2024-05-16,-0.4127051,0.47705102,0.47705102,0.8897561,-0.2535576224,-0.2087505311,-0.1686676294,-0.118958615,0.08907834,96.96547389,8.287122612,4.45344071,0.753000081,0.1593027428,0.4630259874,0.7567576852,0.08752343681,0.4733850801
2023-08-14,2024-03-13,-0.29109222,1.01754,1.01754,1.3086321,-0.09723841026,-0.03791767359,0.09497559816,0.22602767,0.21663432,96.47851586,12.90742217,4.443309641,0.7261718923,0.2293614775,0.4752165802,0.7312743568,0.08065233928,0.4854237394
2023-11-30,2024-02-10,-0.35780892,0.3962833,0.3962833,0.7540922,-0.2514258102,-0.23142533,-0.1860668622,-0.2883476,-0.1490279,96.94980383,7.419617737,4.442970535,0.7501661761,0.1375955038,0.4493831128,0.7544636342,0.0850436429,0.46383387
2023-12-08,2024-06-09,-0.30114192,0.76755065,0.76755065,1.0686926,-0.1343367696,-0.1180336848,-0.08219801635,0.051407713,0.14797084,96.95721865,7.291531072,4.438977261,0.7411075097,0.1339472916,0.4666607159,0.7434896398,0.0824900896,0.4720683588
2023-08-10,2024-04-22,-0.34745476,1.0557477,1.0557477,1.4032025,-0.1070210822,-0.06662748754,0.0307537131,0.15020345,0.16343969,96.51662111,12.54827785,4.438294055,0.7307900392,0.2296933934,0.4866498936,0.7339081938,0.08303384129,0.4973834294
2023-11-26,2024-01-17,-0.17755504,0.6542674,0.6542674,0.8318224,-0.01545135211,0.004250812344,0.02338109631,0.16282938,0.25442067,96.94375992,7.737736566,4.430398953,0.7414397641,0.1434500409,0.4710353328,0.7441368742,0.08367255536,0.4798515982
2023-08-14,2024-04-06,-0.20427662,1.0429577,1.0429577,1.2472343,-0.08967279643,-0.03404793516,0.09810009599,0.22493388,0.20330851,96.48945332,12.8238342,4.428086666,0.7267102321,0.2273944955,0.4717581801,0.733038838,0.08150101694,0.4896709066
2023-08-22,2024-03-01,-0.28547877,0.9721174,0.9721174,1.2575963,-0.1095178947,-0.05242473446,0.1540777981,0.22385335,0.20649752,96.47782445,12.45080759,4.411935881,0.7280456339,0.219700063,0.464102079,0.7348175585,0.07975227403,0.4754389271
2023-08-10,2024-05-24,-0.35119316,1.0992498,1.0992498,1.450443,-0.1210387535,-0.05937398225,0.06148567423,0.17322505,0.19347648,96.21159434,12.48666579,4.409087432,0.729125957,0.22651168,0.4842282888,0.7320980786,0.08077663529,0.4890385465
2023-11-18,2024-01-29,-0.4007617,0.36521435,0.4007617,0.7659761,-0.314117454,-0.2542127371,-0.2028153762,-0.31529656,-0.18302538,96.92078829,7.322788942,4.394976095,0.7537666985,0.1347517839,0.4358124135,0.7588082628,0.08358366312,0.4504083918
2023-08-14,2024-04-22,-0.29599875,1.0006068,1.0006068,1.2966056,-0.09849015623,-0.05438683182,0.01343630208,0.2020449,0.19691856,96.2910831,12.89842677,4.392658651,0.7299381947,0.23316328,0.4778655194,0.7350005259,0.08185856344,0.4926278315
2023-08-22,2024-03-05,-0.21207985,0.9894691,0.9894691,1.2015489,-0.07320010662,-0.03000516631,0.1779699624,0.2545462,0.24305908,96.44035101,12.98250136,4.385191837,0.7303957841,0.2294141789,0.4564249805,0.7385118394,0.07869782963,0.4635340959
2023-11-18,2024-06-09,-0.23449115,1.0323523,1.0323523,1.2668434,-0.05766120553,-0.02290123515,0.01210314594,0.18588193,0.29532266,96.96324468,7.545772859,4.376737878,0.7410498844,0.1405781733,0.4755517403,0.7427586317,0.08185071038,0.4773704402
2023-12-20,2024-03-17,-0.2798493,0.44232556,0.44232556,0.7221749,-0.1447612494,-0.1039235666,-0.07528345846,0.045652587,0.16387025,96.95789218,6.993005476,4.373819421,0.747094293,0.1318795794,0.4686915066,0.7493686704,0.0837610792,0.4759428581
2023-08-10,2024-07-03,-0.35069013,1.1094818,1.1094818,1.4601719,-0.1079590674,-0.06505727768,0.03771048784,0.16474384,0.19400805,95.80551982,12.63172535,4.369171714,0.7274764782,0.2278886648,0.4846736545,0.7302177284,0.07921227762,0.4870603215
2023-08-14,2024-04-10,-0.32366958,1.0086825,1.0086825,1.332352,-0.1125305854,-0.06422500312,0.02074235678,0.19961892,0.18808639,96.39163613,12.81470041,4.368993844,0.7276658197,0.2286948574,0.4742273051,0.7333772032,0.08052558804,0.4897687678
2023-11-30,2024-02-06,-0.35112503,0.40367848,0.40367848,0.75480354,-0.2468235642,-0.2302484363,-0.173892647,-0.24233784,-0.11793245,96.95290327,7.233211519,4.365229027,0.7487988359,0.1347886634,0.4563343422,0.7524568773,0.08369967369,0.4695454997
2023-08-22,2024-03-17,-0.28090176,1.020799,1.020799,1.3017008,-0.08700007945,-0.02787027787,0.1157957688,0.22510836,0.22182585,96.40801549,12.7867017,4.355953529,0.7279326992,0.2271924122,0.4695858078,0.7338745884,0.07893522645,0.4789247654
2023-12-20,2024-03-05,-0.25897238,0.43691108,0.43691108,0.69588345,-0.1396651193,-0.1197813302,-0.07663496211,0.05173289,0.19179884,96.96632624,7.252118172,4.353281323,0.748697928,0.1376932129,0.4684489739,0.751004125,0.08362070103,0.4739272721
2023-08-14,2024-11-16,-0.42870885,1.2183871,1.2183871,1.6470959,-0.1769752204,-0.1124590412,-0.002905226778,0.17846216,0.17633249,95.44837475,13.12566428,4.334257783,0.7391107292,0.2455332524,0.4764774105,0.7435406149,0.08165516192,0.4798684505
2023-12-24,2024-05-16,-0.268474,0.55320734,0.55320734,0.8216814,-0.1295338869,-0.110440515,-0.07007291541,0.05299461,0.22429842,96.93992734,8.735732338,4.326141521,0.753104964,0.1635748109,0.4439785293,0.7596956521,0.08448566919,0.463049251
2023-11-26,2024-04-22,-0.24109443,0.76250505,0.76250505,1.0035995,-0.0808038339,-0.06924278289,-0.03362212703,0.16752009,0.28759608,96.96540236,7.149328721,4.311113423,0.7457455309,0.1336427889,0.4662614197,0.7482331147,0.08173536483,0.4729005011
2023-12-12,2024-02-06,-0.2804972,0.40501645,0.40501645,0.6855136,-0.1826172173,-0.1467958391,-0.08724799193,-0.12627171,-0.015996203,96.93350196,7.176113221,4.297786464,0.750550799,0.1346141265,0.4561186962,0.7539260921,0.08236686531,0.465998183
2023-08-10,2024-08-20,-0.38643476,1.0131345,1.0131345,1.3995693,-0.184322834,-0.1515262425,-0.07296679914,0.12878878,0.1329239,96.09212279,11.94578694,4.296850552,0.7432730889,0.2291040536,0.4859125413,0.7460727523,0.08367984937,0.4934131737
2023-08-10,2024-05-28,-0.3553656,1.1010967,1.1010967,1.4564624,-0.1140743997,-0.06183512323,0.05372400116,0.17984094,0.19450787,95.87773085,11.90225517,4.288505803,0.7274604841,0.2151943153,0.4872807581,0.7298178758,0.07831698343,0.4921842063
2023-12-20,2024-06-21,-0.33350196,0.57254976,0.57254976,0.90605175,-0.2185897082,-0.1997789592,-0.1460436881,-0.06416011,0.043988913,96.96441889,6.972973598,4.287183359,0.7495375312,0.1320336345,0.4650131713,0.7520476629,0.08246231134,0.4723698193
2024-01-13,2024-07-27,-0.25353605,0.7925304,0.7925304,1.0460665,-0.1232392639,-0.09672028571,-0.06712509133,0.060296193,0.20530674,96.97024822,8.716470317,4.280938922,0.8151170181,0.2287903448,0.4728655805,0.8188321544,0.1159966205,0.4881428933
2023-11-14,2023-12-12,-0.06417161,0.35880533,0.35880533,0.42297694,0.02411833033,0.0359236449,0.06650630012,0.3366032,0.46130177,96.96633816,7.554220367,4.272892923,0.7429176475,0.1416704221,0.4750612112,0.7453980062,0.08179837196,0.4849340548
2023-08-14,2024-07-03,-0.36033213,1.1371677,1.1371677,1.4974998,-0.1080734283,-0.05336524546,0.06174269132,0.21242218,0.21150295,96.30694985,12.10323391,4.270459678,0.7227910079,0.2153551629,0.4881313102,0.7252585138,0.07709362215,0.4952524467
2023-08-14,2024-01-13,-0.2753286,0.7684608,0.7684608,1.0437894,-0.08261066675,-0.04968120158,0.0422608126,0.21383989,0.24199279,96.4376688,12.59811899,4.269075772,0.7272409603,0.2294851161,0.494183428,0.7284684857,0.07824132997,0.4972121369
2023-08-10,2024-03-13,-0.2898548,1.0190071,1.0190071,1.3088619,-0.09787975997,-0.04757719114,0.1011388898,0.18393655,0.1948763,96.47556543,12.47373142,4.256934834,0.7294527931,0.2248574285,0.4776502988,0.733917234,0.07823124788,0.4869478568
2023-08-22,2023-11-30,-0.7088822,0.4612271,0.7088822,1.1701093,-0.09690524638,-0.07163465023,-0.005901174154,0.12107787,0.17597082,96.49279118,12.17477579,4.251610185,0.7223753423,0.2188359974,0.4982529023,0.7226801967,0.07647124986,0.4985822306
2024-05-16,2024-09-01,-0.26856762,0.33785057,0.33785057,0.6064182,-0.1012883205,-0.06299033761,-0.01831404679,-0.22462462,-0.21872695,96.95919156,8.365262276,4.24501742,0.8146371101,0.2176349444,0.468568314,0.8179735459,0.1125124321,0.4773587479
2023-12-12,2024-02-18,-0.23804393,0.6007143,0.6007143,0.83875823,-0.08642557263,-0.06477645785,-0.04209961742,0.06794165,0.17329764,96.95788026,7.677345695,4.243556176,0.7423696177,0.1410145088,0.4626802415,0.7462344296,0.08052805091,0.4780193566
2023-08-10,2024-04-06,-0.24228312,1.0127972,1.0127972,1.2550803,-0.1197463125,-0.06728835404,0.08473231457,0.17858888,0.16997088,96.51076794,12.49250711,4.238298227,0.7304965821,0.2238189363,0.4689500462,0.7370819802,0.07872252244,0.4861685371
2023-12-08,2024-02-22,-0.32817245,0.4138133,0.4138133,0.74198574,-0.2549386322,-0.2393541038,-0.2033337802,-0.24203987,-0.1163262,96.95078731,7.031405934,4.228534072,0.7466987177,0.1283338964,0.4493006274,0.7509965317,0.08013395808,0.466513887
2023-12-08,2024-02-06,-0.34898326,0.38904512,0.38904512,0.7380284,-0.2212867998,-0.1990665123,-0.1480092518,-0.21245393,-0.09432708,96.92361355,7.072192861,4.215372333,0.7478980992,0.1311839658,0.4561169397,0.7514134406,0.08024174871,0.468073426
2023-12-20,2024-07-15,-0.25546739,0.6884227,0.6884227,0.9438901,-0.1496131718,-0.1267078295,-0.07393912785,0.06422292,0.20157379,96.96257114,7.99980619,4.204452428,0.8229587011,0.2167340752,0.4640755372,0.8264631949,0.1161784822,0.4733225546
2023-08-22,2024-11-16,-0.41381556,1.1958417,1.1958417,1.6096573,-0.1671073623,-0.1050768234,0.01400158624,0.21153377,0.20250261,95.27314305,12.46272462,4.198260667,0.7394444167,0.2330433173,0.4760612867,0.7443262441,0.08032091354,0.4870779285
2023-12-20,2024-03-13,-0.23298143,0.477152,0.477152,0.71013343,-0.1228490099,-0.100618571,-0.0622099191,0.09086692,0.23569769,96.96483016,7.283793126,4.179647613,0.749658301,0.1383958102,0.4663472994,0.7522899256,0.08052034149,0.4728354903
2023-08-14,2024-03-01,-0.27365068,0.96702003,0.96702003,1.2406707,-0.1010943502,-0.03731496632,0.1459605061,0.23911953,0.22297113,96.43685222,11.93052234,4.166528276,0.7277862196,0.2102883993,0.4651486504,0.7341466554,0.07523709886,0.4765336965
2023-08-14,2024-03-05,-0.29204306,0.9987847,0.9987847,1.2908278,-0.1027367637,-0.05095051602,0.161811024,0.24680232,0.22865883,96.38956189,12.15734467,4.163483681,0.7314674118,0.2142709155,0.4532487934,0.7397459424,0.07494396625,0.4629051022
2024-05-12,2024-09-01,-0.26978567,0.31145442,0.31145442,0.58124006,-0.1258488595,-0.09629511461,-0.05700064078,-0.34736434,-0.32792816,96.96465135,8.53274077,4.162127565,0.8133681484,0.2198302989,0.4657751702,0.8173688188,0.1100200389,0.4778963812
2023-08-22,2023-11-26,-0.65138394,0.47100046,0.65138394,1.1223844,-0.08087600768,-0.03695499897,0.02566296421,0.16555026,0.22146982,96.52567506,11.22279867,4.144634008,0.7232358631,0.2023493491,0.4983393011,0.7235365604,0.07484727476,0.4991307255
2023-08-14,2024-05-04,-0.35983482,1.0036159,1.0036159,1.3634506,-0.1039336398,-0.05723076314,0.02289723838,0.20661761,0.20381542,96.43722773,12.90271689,4.136497498,0.7231708904,0.2300747851,0.4881963661,0.7260175867,0.07517938064,0.4975911676
2023-08-10,2024-05-12,-0.3485282,1.0730649,1.0730649,1.4215932,-0.1290219277,-0.07628492266,0.02929413319,0.17220972,0.18091401,96.24573588,11.5210392,4.117716598,0.7316516345,0.2106177479,0.4837091673,0.7345333547,0.07616394434,0.4894112879
2023-08-14,2023-11-30,-0.62654,0.47568274,0.62654,1.1022227,-0.07758647949,-0.04810127988,0.02418387914,0.18137574,0.23237729,96.49776816,11.23068066,4.110895222,0.7233514902,0.2024803327,0.4979421333,0.7237196094,0.07425214211,0.4988554115
2023-11-30,2024-01-17,-0.11552298,0.6961359,0.6961359,0.81165886,0.03998106346,0.06179625914,0.08278724551,0.21822684,0.3103605,96.94225192,7.385154262,4.103176564,0.7399882521,0.13584527,0.4701710104,0.7428739359,0.07729010466,0.4814759381
2023-11-30,2024-01-25,-0.12887178,0.63968927,0.63968927,0.76856107,0.007357478607,0.03298860416,0.06128974259,0.2322719,0.3254061,96.9419241,6.876221936,4.095662515,0.7425704839,0.1278897276,0.4714989703,0.7449265718,0.07769542845,0.4809127313
2023-08-14,2023-12-08,-0.46605024,0.49574444,0.49574444,0.9617947,-0.08731445298,-0.04950540885,0.0297017172,0.2315619,0.29131952,96.49844766,11.21365861,4.088475931,0.7240040023,0.2009204507,0.4908304434,0.7256771456,0.07392401482,0.4953119182
2023-08-14,2024-01-17,-0.29086497,0.8165188,0.8165188,1.1073837,-0.09105271101,-0.04733763263,0.07362824678,0.22924748,0.2504237,96.41075134,12.30680661,4.069378017,0.7238483127,0.2193103098,0.4859436848,0.72668117,0.07346545205,0.4922972284
2023-08-22,2023-12-08,-0.45121825,0.5019241,0.5019241,0.95314234,-0.07898162864,-0.03988817148,0.04858654272,0.25466368,0.30956975,96.50360942,11.15864068,4.068697551,0.7244344951,0.1997564286,0.4888484608,0.7263855632,0.07351288264,0.4933928207
2023-08-14,2024-02-18,-0.25777933,0.90648586,0.90648586,1.1642652,-0.09595190734,-0.05180850998,0.1407017373,0.23681428,0.21054353,96.3906765,11.66024534,4.060382623,0.7327156957,0.2047433488,0.4480571117,0.7415740833,0.07318402577,0.4599182004
2023-08-22,2024-01-25,-0.27951357,0.8165073,0.8165073,1.0960208,-0.106740579,-0.06820940226,0.08592364192,0.24950528,0.2231619,96.47369981,11.26395402,4.046803463,0.7278613356,0.1984648634,0.4659970229,0.7334581851,0.07260462375,0.4745069169
2023-12-20,2024-04-06,-0.24566194,0.46131957,0.46131957,0.70698154,-0.1238443702,-0.1061218828,-0.06805499643,0.08945191,0.21686462,96.96452022,6.708943329,4.031614208,0.750484164,0.1271779244,0.4637817853,0.7531953376,0.0780025391,0.4733537821
2024-01-25,2024-07-15,-0.22682552,0.37473667,0.37473667,0.6015622,-0.1151621714,-0.1018350124,-0.076548554,-0.03998515,0.12113132,96.94814086,7.700744324,4.006360932,0.8186939427,0.201720782,0.457976807,0.8228707425,0.1080117198,0.4713530865
2024-01-17,2024-07-03,-0.32119352,0.2979613,0.32119352,0.6191548,-0.203004986,-0.1645840406,-0.1379432529,-0.21459801,-0.06090228,96.95614576,6.655791285,3.992070718,0.743334004,0.1246481188,0.4742616676,0.7448401044,0.07502893643,0.4759513407
2023-11-14,2023-11-30,-0.101446904,0.24524078,0.24524078,0.34668767,0.00882902462,0.01940812357,0.0321243573,0.3386459,0.4689781,96.96426392,7.000926251,3.991477334,0.7378597532,0.1289348063,0.4767951867,0.7401443131,0.0752251102,0.4879174586
2023-12-24,2024-07-03,-0.39442468,0.50525516,0.50525516,0.89967984,-0.2506878078,-0.2325222939,-0.1851650923,-0.12673038,0.02855497,96.96457982,7.087193315,3.979267005,0.7483292078,0.1308636621,0.4521928394,0.7525428554,0.07601223772,0.4677990413
2023-12-24,2024-03-05,-0.17751844,0.4552334,0.4552334,0.6327518,-0.08708712086,-0.07050083578,-0.03290714696,0.14891922,0.26525688,96.96238637,6.69631826,3.965539415,0.749851164,0.1249709716,0.4557950843,0.7534774152,0.07648866005,0.4710764129
2023-12-08,2024-02-10,-0.3788431,0.35647324,0.3788431,0.73531634,-0.2875472456,-0.2723283172,-0.2318663001,-0.37005875,-0.2272925,96.95140123,6.616304936,3.96508234,0.7503821967,0.1219338445,0.447136299,0.7540132456,0.07477999091,0.4575771946
2024-01-13,2024-05-16,-0.17310193,0.6451587,0.6451587,0.81826067,-0.0355748795,0.02750900574,0.0617736131,0.25788754,0.39774522,96.96639776,7.299179821,3.964884804,0.7476523708,0.1382564019,0.4695585846,0.7504347461,0.07661693139,0.4790458475
2023-12-08,2024-09-01,-0.4296958,0.62186974,0.62186974,1.0515655,-0.3129767179,-0.2754850984,-0.2451299056,-0.18900011,-0.020069549,96.94440961,8.105317053,3.957416712,0.8138532365,0.2047240735,0.4494869736,0.8193992462,0.1037650358,0.4666136725
2023-08-14,2023-12-12,-0.19733766,0.50523823,0.50523823,0.7025759,-0.08195784502,-0.04201586172,0.09405291639,0.22349574,0.30096078,96.4389801,12.28687835,3.956312829,0.7329398886,0.2186879855,0.4561463777,0.7413208284,0.07251260202,0.4697250595
2023-08-10,2024-11-16,-0.42075318,1.1793643,1.1793643,1.6001174,-0.1783209443,-0.1234011129,-0.01756895892,0.14827731,0.18090633,94.91705894,12.70168216,3.956245697,0.7400728775,0.2355457778,0.4660067669,0.7467431138,0.07480801959,0.4751634676
2023-11-26,2024-09-13,-0.42175344,0.71035886,0.71035886,1.1321123,-0.2349021062,-0.2058639824,-0.1812240183,-0.057913072,0.114600234,96.95137739,8.398178132,3.950944819,0.8142483711,0.2154312059,0.4586964564,0.8185017564,0.1029710051,0.4660321118
2023-12-12,2024-06-29,-0.46613008,0.56122535,0.56122535,1.0273554,-0.3616692796,-0.3223091066,-0.2093729675,-0.2773827,-0.15242374,96.93812132,6.754996959,3.917740607,0.7552984799,0.126686394,0.4449856028,0.7595797803,0.07591858378,0.459783692
2023-12-24,2024-06-21,-0.3405493,0.51040715,0.51040715,0.85095644,-0.2340811193,-0.2066668868,-0.1646480113,-0.09481533,0.023681777,96.93494439,6.571541695,3.915180836,0.7501817099,0.1232753981,0.4583695234,0.7534033585,0.07551139287,0.4712672314
2023-08-10,2024-03-01,-0.2583658,0.9868252,0.9868252,1.2451911,-0.095717296,-0.04879681766,0.1582584232,0.21046332,0.21168151,96.33632898,11.24830497,3.914104713,0.7320000278,0.20046931,0.4626655291,0.7382961412,0.07133672994,0.4731371922
2023-08-10,2024-01-17,-0.24687545,0.8174241,0.8174241,1.0642996,-0.08929108828,-0.05383472517,0.07328589261,0.19765732,0.23337553,96.33665681,11.69600078,3.910488655,0.7290202569,0.2112900409,0.4818659627,0.7322329854,0.07137289254,0.4868407014
2023-11-18,2024-09-13,-0.44770244,0.85892195,0.85892195,1.3066244,-0.2484398186,-0.224918738,-0.1898454875,0.0067429133,0.16880366,96.95747495,7.938256397,3.909492124,0.8122560096,0.2007371415,0.4578197367,0.816773587,0.1019505867,0.4721296605
2024-01-13,2024-07-03,-0.13331735,0.8307603,0.8307603,0.96407765,-0.02793430723,0.02163343877,0.0475918185,0.1997094,0.29905125,96.96589708,6.870471319,3.907328392,0.7430001352,0.1274362668,0.4687217159,0.7457369571,0.0742221758,0.4800233169
2023-08-22,2024-02-22,-0.16367573,0.90488064,0.90488064,1.0685563,-0.07547251135,0.02993638068,0.1558644772,0.25444964,0.21830873,96.27400637,12.16715443,3.896870531,0.7342771348,0.2125100595,0.4375775867,0.7456163324,0.07008631156,0.4505902852
2023-12-08,2024-01-17,-0.10688954,0.6645493,0.6645493,0.77143884,0.02203906327,0.03456136212,0.04413044825,0.19827032,0.28198865,96.9446063,6.431028149,3.879820306,0.7394268569,0.1196233677,0.4798769791,0.7407820821,0.07280502214,0.484109972
2024-01-13,2024-08-20,-0.2789422,0.7305106,0.7305106,1.0094528,-0.1664312184,-0.1416416317,-0.1001956407,0.04944297,0.24544042,96.96641564,8.615457367,3.874067149,0.8138013913,0.2209977617,0.4598996232,0.8192244201,0.1038938517,0.4808130203
2023-12-12,2024-02-10,-0.31353393,0.4002949,0.4002949,0.7138288,-0.2464828491,-0.2136054188,-0.1580024958,-0.28712323,-0.17768797,96.94535136,6.622891978,3.865245689,0.7516534815,0.1230100284,0.4486265476,0.7553042645,0.07348301153,0.4592000898
2024-01-13,2024-03-13,-0.16401602,0.5270425,0.5270425,0.6910585,-0.06760616973,-0.0226529073,0.004511355655,0.153424,0.27505198,96.95279002,6.814939504,3.860907265,0.742525801,0.1271528799,0.4737082228,0.744966887,0.07378495337,0.4852048843
2023-12-20,2024-08-20,-0.26789322,0.68377995,0.68377995,0.95167315,-0.1947596483,-0.1590890065,-0.08730278909,0.02853365,0.23428595,96.93643451,8.818509744,3.857112691,0.8221375387,0.23223721,0.4410006396,0.8292716352,0.1053988517,0.4575896205
2024-02-06,2024-07-27,-0.20987874,0.37067604,0.37067604,0.5805548,-0.1022338625,-0.08285190165,-0.03021004237,-0.0022931737,0.15124281,96.95878625,7.791779919,3.849505157,0.8235527869,0.2055706927,0.4414478321,0.8299556238,0.106899351,0.464649024
2023-12-12,2024-03-25,-0.3425642,0.51505554,0.51505554,0.85761976,-0.207481876,-0.190132156,-0.1582006961,-0.12421654,-0.012071299,96.95852995,6.570758595,3.845867399,0.7483042189,0.1217174926,0.455382787,0.7513642533,0.07251958916,0.4635538091
2023-12-12,2024-05-04,-0.38089243,0.3712891,0.38089243,0.75218153,-0.2681047916,-0.2476873994,-0.2021322325,-0.2556784,-0.11380008,96.95363045,6.46866104,3.844710486,0.7495891152,0.1199504029,0.4530912912,0.7526614418,0.07254315332,0.4610321222
2023-11-14,2024-01-29,-0.47360736,0.3113934,0.47360736,0.7850008,-0.3851241469,-0.3094090819,-0.2512271404,-0.3662434,-0.2211659,96.9255805,7.162406056,3.844230872,0.7534792215,0.1297559543,0.4278898046,0.7597267198,0.07273803479,0.4469054824
2024-01-25,2024-07-27,-0.21579899,0.42002922,0.42002922,0.6358282,-0.1113478914,-0.09550109506,-0.05719524343,0.022787958,0.21562494,96.93882465,8.11481178,3.832381795,0.8197686684,0.2148454963,0.4599786315,0.8243161132,0.1046874058,0.4745866561
2024-07-27,2024-09-13,-0.2261918,0.3393318,0.3393318,0.5655236,-0.04191586934,-0.03366649151,-0.02399017662,-0.13761045,-0.110697865,96.4951098,7.803533862,3.82149179,0.7215928607,0.1362113073,0.4807056772,0.7225421156,0.0656380503,0.4730207047
2023-08-10,2024-03-17,-0.23174652,1.0227267,1.0227267,1.2544732,-0.08662390709,-0.04682737961,0.07500974834,0.19794808,0.2073909,96.27059698,11.67569522,3.809934424,0.7323296454,0.2086615653,0.4628707564,0.7387078156,0.06912605719,0.4699204205
2023-08-14,2024-01-25,-0.28192163,0.8142851,0.8142851,1.0962067,-0.1179380994,-0.07841774821,0.01044176356,0.25017542,0.2265978,96.27155662,10.71226916,3.804498251,0.7291293012,0.1882183681,0.4613983412,0.735192197,0.06823607532,0.470990506
2023-08-22,2024-02-18,-0.18641683,0.9038608,0.9038608,1.0902777,-0.05530459434,-0.02332812734,0.1547298953,0.25259212,0.24075216,96.21731043,12.39122241,3.803197091,0.7316394515,0.2183470771,0.4518574847,0.74066037,0.06848271315,0.4617430591
2024-01-25,2024-05-24,-0.17108619,0.46551967,0.46551967,0.63660586,-0.05433675554,-0.01357490709,0.01587113086,0.18881369,0.30249012,96.96359038,6.755346896,3.77653218,0.7457610648,0.1276159401,0.4735291287,0.747858496,0.07238088924,0.4804189784
2023-12-20,2024-02-22,-0.25105932,0.41910905,0.41910905,0.6701684,-0.1437576637,-0.1273669451,-0.09527661279,-0.0056273653,0.12877783,96.96419835,6.411791761,3.772212242,0.7501016057,0.12224936,0.4688479845,0.752186512,0.07281761115,0.4746846363
2024-02-18,2024-07-27,-0.1499253,0.4422714,0.4422714,0.5921967,-0.06411191076,-0.04353553429,-0.01949573588,0.08714044,0.24708755,96.95618153,7.794280574,3.764040394,0.8158123107,0.2022371483,0.4629055753,0.8198584607,0.1006250557,0.4769351957
2023-11-30,2024-09-01,-0.47862273,0.70427716,0.70427716,1.1829,-0.2824871242,-0.2616529465,-0.2332669944,-0.11327393,0.06650471,96.96694613,7.682103703,3.743947217,0.812435968,0.1940570502,0.45718827,0.8171177986,0.09819420076,0.4746811015
2023-11-26,2024-01-29,-0.4436898,0.26584986,0.4436898,0.70953965,-0.3371890187,-0.2763331234,-0.2106477618,-0.37052897,-0.25527737,96.91570401,7.137190642,3.742140955,0.7533025691,0.1294076503,0.4288953677,0.7595977527,0.07095154391,0.4484978955
2023-12-24,2024-07-15,-0.23704359,0.6724715,0.6724715,0.90951514,-0.1481756903,-0.1243978888,-0.08485620469,0.09056621,0.20721799,96.94836736,6.663444296,3.730797631,0.8248316203,0.1773577611,0.4476780119,0.8290611629,0.1027513478,0.4632337278
2023-12-24,2024-08-20,-0.24739787,0.67367613,0.67367613,0.92107403,-0.1773995608,-0.1337234527,-0.07540700585,0.05198086,0.24753278,96.92282081,8.333441709,3.723500333,0.8229444379,0.217867909,0.4342341405,0.8302699133,0.1011453453,0.4511797578
2023-12-24,2024-03-17,-0.24393325,0.4198956,0.4198956,0.66382885,-0.1197585072,-0.09083380923,-0.06456643716,0.061788578,0.1996634,96.90527916,6.76510071,3.72306683,0.7493013379,0.1251817868,0.4518289101,0.7537259568,0.07194986456,0.4718901611
2023-12-20,2024-02-18,-0.18829538,0.4636063,0.4636063,0.65190166,-0.08362844959,-0.048472628,-0.01956982259,0.15237428,0.26801077,96.96532488,6.347357094,3.722530294,0.7476026833,0.1198708472,0.4692950975,0.7495241525,0.07092345121,0.4734531326
2023-12-20,2024-03-01,-0.23299947,0.39484635,0.39484635,0.6278458,-0.1398490854,-0.120697245,-0.08823246323,0.018773457,0.16636516,96.96564078,6.384672793,3.721011632,0.7499822823,0.1207973616,0.4644398383,0.7526081215,0.0718909866,0.4742682785
2023-11-26,2024-01-13,-0.13977537,0.4914909,0.4914909,0.63126624,0.02215480991,0.04470912367,0.06282234192,0.24526045,0.32898438,96.92035317,6.211878845,3.717792546,0.7435834356,0.120031254,0.4940391035,0.7439916507,0.07205520601,0.4955302486
2023-08-14,2023-11-26,-0.6595294,0.4539059,0.6595294,1.1134353,-0.09225229733,-0.04323652573,0.02163775871,0.13586593,0.21347691,96.47895694,11.68446371,3.714267526,0.7242427262,0.2112440528,0.4974772299,0.7247699947,0.06737781265,0.4991616677
2023-12-12,2024-01-17,-0.14726463,0.6190045,0.6190045,0.7662691,0.0309994556,0.04122180119,0.05291590467,0.20011015,0.2960863,96.93592191,6.715951152,3.71101475,0.7422615187,0.1243765,0.4698108332,0.7449470025,0.07044339047,0.4815482337
2023-08-10,2024-03-05,-0.19589852,0.95608854,0.95608854,1.1519871,-0.09939194471,-0.05607702211,0.08717112243,0.21722467,0.20944154,96.02673054,11.32229508,3.699644653,0.7351731188,0.2004594555,0.448040143,0.7436680737,0.06663479057,0.4557911357
2023-12-24,2024-03-13,-0.13856167,0.50232786,0.50232786,0.6408895,-0.05906722695,-0.0433325693,-0.008747299202,0.20231089,0.32325876,96.95802927,6.252050107,3.697706915,0.7506358042,0.1175815579,0.4594374401,0.7535605033,0.0712871375,0.4709646535
2023-08-10,2024-01-25,-0.25895393,0.8370849,0.8370849,1.0960388,-0.08946968615,-0.05774414167,0.0839266628,0.23402865,0.22696646,96.42711282,10.34401229,3.68518042,0.7329144733,0.1839254295,0.4602957983,0.7390158759,0.06709736344,0.4713363777
2024-02-22,2024-05-28,-0.17214891,0.23431195,0.23431195,0.40646088,-0.05537850037,-0.03084119596,-0.008796215989,0.16369323,0.39387923,96.95616364,7.236751792,3.682245313,0.7473747791,0.1363416397,0.4669335676,0.7505646374,0.0710670849,0.4783282645
2023-12-12,2024-04-10,-0.3662232,0.46380752,0.46380752,0.8300307,-0.2660789192,-0.2453376949,-0.1982581317,-0.22257347,-0.08256027,96.95198536,6.450078128,3.681947316,0.7494253397,0.1193527154,0.4522723196,0.7526538495,0.06933015805,0.460232517
2023-12-20,2024-04-10,-0.30044797,0.35784948,0.35784948,0.6582974,-0.2167145461,-0.2026884109,-0.176276654,-0.17222008,0.0023894703,96.91140652,6.323275451,3.680947877,0.7523741752,0.1184574775,0.4526807567,0.7558526348,0.07098051421,0.4659626719
2023-12-20,2024-03-25,-0.32491124,0.38089988,0.38089988,0.70581114,-0.1975797787,-0.152653262,-0.1256157234,-0.054526117,0.09326387,96.92418575,6.208146393,3.671835903,0.7517880439,0.117395835,0.4599690143,0.7547761926,0.07140255713,0.4730078387
2024-02-18,2024-05-24,-0.13725878,0.23779073,0.23779073,0.37504953,-0.04376538098,-0.03069029842,-0.008955105208,0.20447494,0.41412082,96.96378112,6.773088727,3.669955655,0.7419847179,0.1267033355,0.4767825493,0.7438685822,0.06952233542,0.4828170568
2023-08-14,2024-02-22,-0.18154636,0.89296013,0.89296013,1.0745065,-0.08533527888,-0.05248368904,0.1333839297,0.25457105,0.2145179,95.78837752,11.74895377,3.660156769,0.735429537,0.2052940834,0.4360283638,0.7470211406,0.0664450169,0.4530021174
2024-02-22,2024-07-27,-0.18380074,0.39652094,0.39652094,0.58032167,-0.06784147024,-0.05534884147,-0.02315473463,0.07201601,0.23758066,96.94328308,7.62502583,3.659197413,0.8207025058,0.2021634264,0.4586586568,0.8250469267,0.1000960595,0.4732160487
2023-11-30,2024-01-29,-0.39061466,0.28612447,0.39061466,0.6767391,-0.2947856784,-0.2499810681,-0.1945116967,-0.36092362,-0.23270735,96.87228203,6.424511984,3.640990294,0.7543321383,0.1174369905,0.4334345479,0.7588492378,0.06826647815,0.4445767353
2024-03-17,2024-07-27,-0.117618404,0.43272886,0.43272886,0.55034727,-0.03552623466,-0.0167034734,-0.001157305553,0.12000286,0.27054548,96.96526527,7.756530971,3.638931556,0.8127446131,0.1981176012,0.4640396431,0.8171747676,0.09698792303,0.4842206721
2023-08-10,2024-01-13,-0.41799164,0.7615351,0.7615351,1.1795268,-0.1037479155,-0.07415357232,-0.0005750955897,0.17163794,0.21884006,96.20351791,11.3688866,3.638449824,0.728769219,0.207706083,0.4923541789,0.7300445749,0.06664636758,0.4936355644
2024-01-13,2024-07-15,-0.26903817,0.66767037,0.66767037,0.93670857,-0.133577086,-0.1115225181,-0.0824961625,0.060197648,0.21272825,96.96606398,6.901201815,3.631549301,0.8169337328,0.1831714391,0.4777303969,0.8188122699,0.09756033873,0.4835437241
2023-12-24,2024-03-01,-0.18489164,0.43259996,0.43259996,0.6174916,-0.07883447409,-0.0626443848,-0.03227928374,0.13699144,0.2932052,96.95634246,6.975277333,3.619170651,0.7488606101,0.1285254954,0.4498565406,0.7537382394,0.06978265148,0.4707438314
2023-12-08,2024-09-13,-0.32028204,0.73309094,0.73309094,1.053373,-0.2193170339,-0.2019343972,-0.1715613827,0.016541861,0.15478486,96.95783854,6.959161004,3.607473554,0.8145369961,0.1754768304,0.4501563945,0.8192462952,0.09479491786,0.4691183546
2024-03-17,2024-05-28,-0.14492102,0.2212058,0.2212058,0.36612684,-0.03293701261,-0.02552246675,-0.0117137637,0.21638277,0.39831382,96.95774317,6.380767662,3.59496267,0.7416491659,0.1204218327,0.4836342412,0.7428344456,0.0683799034,0.4874373881
2023-12-12,2024-09-01,-0.3730378,0.61830527,0.61830527,0.991343,-0.2863264084,-0.2538710237,-0.1980206072,-0.13682534,0.0095853405,96.93419933,7.284284569,3.59235888,0.8168567257,0.1868717452,0.4518368887,0.8216991289,0.09580982135,0.4697375307
2024-07-15,2024-09-13,-0.19728859,0.3301472,0.3301472,0.5274358,-0.06378366798,-0.05101553351,-0.04383219406,-0.1402948,-0.056182187,96.48755193,7.182249428,3.587114862,0.7232724129,0.126293581,0.4820732062,0.7239853975,0.06202577044,0.4740444689
2023-12-12,2024-04-22,-0.5009617,0.35447574,0.5009617,0.85543746,-0.3590782285,-0.3248202801,-0.1852470785,-0.29486102,-0.17262724,96.92401886,6.102425829,3.581006673,0.7553588563,0.1144805578,0.4467510309,0.7587334263,0.06862639423,0.4563755679
2023-11-14,2023-12-08,-0.0843199,0.33961236,0.33961236,0.42393225,0.0246714456,0.04127576575,0.05851587467,0.3911402,0.52295524,96.96026444,6.366928358,3.577554379,0.7414480729,0.1211363158,0.4893330912,0.7425036523,0.06896130346,0.4957690443
2023-12-24,2024-02-22,-0.27353874,0.37269223,0.37269223,0.64623094,-0.1578227431,-0.1429754943,-0.1110657565,-0.04384609,0.08634043,96.94196582,6.196778496,3.577265377,0.7502525154,0.1163619026,0.4595595094,0.7532104497,0.0688877933,0.4712897883
2023-08-10,2023-11-18,-0.71231514,0.42638597,0.71231514,1.1387011,-0.07014650106,-0.04469510913,0.006330524804,0.1310978,0.1926233,96.51204348,10.11633971,3.576559599,0.7256357656,0.1841274914,0.499003272,0.725799879,0.06515850188,0.499475035
2023-12-12,2024-06-09,-0.4885104,0.4584729,0.4885104,0.94698334,-0.3598288372,-0.3330299854,-0.2302059829,-0.32584125,-0.18307726,96.93859816,6.660563952,3.57225752,0.7510526099,0.1211738373,0.4378385714,0.7560367349,0.06736720346,0.4538600113
2024-01-17,2024-06-29,-0.27519834,0.35044557,0.35044557,0.6256439,-0.1662560105,-0.1469705403,-0.1162163168,-0.118304946,0.01803139,96.95462584,6.009782053,3.570203385,0.7459242651,0.1128449803,0.4703930731,0.7476069577,0.06751255984,0.4737279546
2024-02-10,2024-05-24,-0.20387924,0.22317445,0.22317445,0.4270537,-0.1009660438,-0.07093767822,-0.02167653292,0.0603178,0.32651517,96.9586134,6.621539022,3.558191253,0.7542356839,0.126455044,0.458973016,0.7572521411,0.06899884558,0.46603923
2024-03-01,2024-08-20,-0.16250895,0.39483994,0.39483994,0.5573489,-0.08705399185,-0.06942338496,-0.04032130167,0.08045485,0.26855785,96.94567323,7.070674199,3.533131424,0.8200501014,0.1853354719,0.4550029149,0.8240058548,0.0948340867,0.4659304896
2023-08-22,2023-11-14,-0.87066346,0.3606498,0.87066346,1.2313132,-0.08702072501,-0.0618487522,-0.01908415183,0.067220226,0.13101086,96.52324915,10.48809959,3.532846675,0.7225243052,0.1888359265,0.4993393933,0.7226282328,0.06362982283,0.4995097078
2024-01-25,2024-05-12,-0.15070648,0.4506678,0.4506678,0.60137427,-0.06391213089,-0.02415127866,-0.0006171282148,0.14294356,0.2334973,96.9553411,6.251472103,3.528135056,0.7490965078,0.1192895773,0.472117885,0.7512004416,0.06850609151,0.4804124345
2023-12-08,2024-01-25,-0.11673437,0.58392847,0.58392847,0.70066285,-0.003212388372,0.007622822188,0.02702081855,0.2074388,0.3093017,96.93519473,6.180231936,3.524959575,0.7422233648,0.1149006317,0.4730575708,0.744236677,0.0666794563,0.4813203947
2024-02-10,2024-07-27,-0.15192562,0.4248655,0.4248655,0.57679117,-0.05474358145,-0.0402174294,0.01407035766,0.11581824,0.32599053,96.94648385,8.288574166,3.514118465,0.8253854201,0.2217551673,0.4410041841,0.8323366381,0.09801506508,0.4597536905
2023-12-20,2024-02-10,-0.18337843,0.358906,0.358906,0.5422844,-0.0882255882,-0.07183315605,-0.04399326444,0.06717261,0.20480995,96.9102025,6.190573302,3.503264401,0.7541314843,0.1171755783,0.4547854631,0.7573575567,0.06796641033,0.4661457796
2024-02-18,2024-05-28,-0.19647813,0.20036398,0.20036398,0.39684212,-0.09366908483,-0.08252190799,-0.06494422257,0.026867932,0.30594352,96.94363475,6.434065473,3.500299393,0.7437886716,0.1218925467,0.4806788805,0.7453189046,0.0670941998,0.4863435395
2023-12-08,2024-01-29,-0.3986108,0.21352945,0.3986108,0.61214024,-0.3089403212,-0.2697089911,-0.2078698277,-0.37682822,-0.25913543,96.86000943,6.377368751,3.482943254,0.7531324216,0.1157739943,0.4325403125,0.7576884081,0.06459475005,0.4418836427
2023-08-22,2023-11-18,-0.7640001,0.3986307,0.7640001,1.1626308,-0.09188466519,-0.06184823066,-0.01238957327,0.10016039,0.16189995,96.51436806,10.43724434,3.473538639,0.7217787977,0.1873934797,0.4992432389,0.7219215249,0.0624321011,0.499780588
2023-08-10,2023-12-08,-0.48657653,0.4933004,0.4933004,0.97987694,-0.09040196985,-0.05888194405,0.02911252901,0.21321508,0.27940744,96.44434452,10.41118753,3.470024965,0.7284931469,0.1890843242,0.4889056614,0.7303762787,0.06365841498,0.4938476954
2024-02-10,2024-05-28,-0.20823908,0.24090615,0.24090615,0.44914523,-0.1056115627,-0.06757959723,-0.008569647558,0.06870785,0.3717986,96.92035913,7.239930813,3.460942117,0.7544264252,0.1364416832,0.4488403888,0.7593922001,0.06753145107,0.4647196359
2024-01-13,2024-06-21,-0.12892407,0.7967188,0.7967188,0.92564285,-0.01035168953,0.01245274954,0.03424199484,0.19032106,0.2954919,96.93927169,6.300908683,3.449263227,0.7427445298,0.1164408401,0.4679427594,0.7453736141,0.06532360542,0.4795505524
2023-12-20,2024-01-25,-0.12592725,0.43371713,0.43371713,0.5596444,-0.03089262731,-0.01888215169,0.003091774881,0.1900437,0.2975107,96.94752693,5.935438054,3.443891941,0.7490389038,0.1136832866,0.474986293,0.7506284369,0.06665364135,0.479967242
2024-07-03,2024-09-01,-0.20075554,0.32806933,0.32806933,0.52882487,-0.09412354231,-0.06443943828,-0.02961539291,-0.22902746,-0.21750678,96.7222929,7.465437855,3.435370851,0.8126167933,0.1936446995,0.4772324069,0.814573783,0.08944074457,0.4790064677
2023-12-20,2024-09-01,-0.30796725,0.54978025,0.54978025,0.8577475,-0.2194044292,-0.1337260455,-0.06700327992,-0.0007716033,0.12607044,96.95428014,6.940792423,3.433839843,0.8177160622,0.1781278419,0.4499984371,0.8227081218,0.0923602934,0.4716214224
2023-12-24,2024-02-06,-0.12369863,0.5213216,0.5213216,0.64502025,-0.02324969694,-0.008799670264,0.02315555885,0.22715254,0.31775743,96.95653915,5.643917883,3.431752927,0.7474011505,0.1072288825,0.4744290542,0.7489314155,0.06599868931,0.4802412733
2024-02-10,2024-08-20,-0.19661741,0.44619113,0.44619113,0.64280856,-0.09428260289,-0.06983307004,-0.03203463182,0.12916926,0.34862933,96.92007303,7.301993969,3.425972889,0.8275807507,0.1953015645,0.4362545267,0.8334771118,0.09455784121,0.4501876924
2024-03-17,2024-05-24,-0.121045634,0.22853133,0.22853133,0.34957695,-0.04067029059,-0.03072396666,-0.0157319475,0.15720001,0.3376488,96.9630301,6.52135239,3.42552336,0.7401735325,0.1213494149,0.4781928873,0.7420675212,0.0648001711,0.4861298767
2024-01-25,2024-05-16,-0.1912119,0.47848186,0.47848186,0.66969377,-0.04720515851,0.004868180491,0.02550147474,0.17592327,0.2984253,96.95522189,6.759537424,3.421926862,0.7490683302,0.1272150318,0.4627873916,0.7526122158,0.06655599465,0.4782737215
2024-02-06,2024-05-28,-0.20870322,0.39057395,0.39057395,0.59927714,-0.1039040871,-0.07895776629,-0.03855240345,0.016275695,0.13355012,96.95925117,6.270329477,3.41853109,0.752455071,0.1180873504,0.4557417095,0.7562633934,0.06703320162,0.4745218218
2024-01-13,2024-06-29,-0.12874338,0.769735,0.769735,0.8984784,-0.01400728337,0.02161509357,0.04585133865,0.22844416,0.32756045,96.92944288,5.849061924,3.413182009,0.7475265566,0.1107811319,0.471974979,0.7492380645,0.06534023727,0.4770464367
2023-08-14,2023-11-14,-0.8386977,0.35320145,0.8386977,1.1918991,-0.09330991656,-0.0624769032,-0.01678287005,0.068169765,0.12918669,96.51753902,10.2779992,3.410084806,0.72305741,0.185346498,0.4990776647,0.7232068719,0.06153630747,0.4994115499
2023-08-22,2023-12-12,-0.1717175,0.48983207,0.48983207,0.66154957,-0.0691742748,-0.03435600922,0.07538085431,0.25502196,0.31389698,96.01902962,11.54843859,3.406747813,0.7342334852,0.2062036084,0.4566714663,0.7423356835,0.06287587365,0.4720357942
2024-01-17,2024-06-21,-0.27462044,0.30822164,0.30822164,0.5828421,-0.1623565406,-0.1499014646,-0.1226830035,-0.18295702,-0.028426956,96.95141315,5.816037183,3.400052399,0.7441391634,0.1093433365,0.4757158323,0.7452964217,0.06389015613,0.4754784052
2024-01-13,2024-03-05,-0.15833881,0.49526986,0.49526986,0.6536087,-0.04778884072,-0.0117587354,0.01178325294,0.1963726,0.31114104,96.96340561,5.876466297,3.39647908,0.7450731784,0.1109599001,0.4760369628,0.7466465798,0.06489582452,0.4817022545
2023-08-14,2023-12-20,-0.17957012,0.6793111,0.6793111,0.85888124,-0.07756801881,-0.02959760372,0.06018033624,0.27457473,0.26506352,95.14559507,10.36989062,3.395553784,0.7341321244,0.1815827659,0.4459042866,0.7424300297,0.06093518181,0.4569815781
2024-01-13,2024-03-17,-0.12710406,0.5327129,0.5327129,0.6598169,-0.009401604533,0.05570618063,0.08068976551,0.23400716,0.35515434,96.95231915,6.273287389,3.388091463,0.7432608021,0.1164921429,0.4696919052,0.7457835951,0.06444516865,0.4811127473
2024-01-13,2024-03-01,-0.19585058,0.5056663,0.5056663,0.70151687,-0.07303301245,-0.01704400778,0.007103502285,0.15151837,0.24786244,96.95500731,5.808497669,3.387585313,0.7490092126,0.1105424351,0.4713248933,0.7509969335,0.06567964241,0.4801707577
2023-12-20,2024-02-06,-0.16009283,0.45955405,0.45955405,0.6196469,-0.07123130932,-0.05176215991,-0.0154703306,0.16312468,0.27809253,96.96125388,5.70937434,3.385821191,0.7522689536,0.1098565743,0.4701009512,0.7540371103,0.06592312053,0.4756936287
2024-01-13,2024-05-04,-0.17731363,0.5526876,0.5526876,0.7300012,-0.0614237627,-0.009540614672,0.0236694268,0.2491899,0.3848323,96.93616629,5.86706638,3.379993073,0.7432868327,0.1103425513,0.4779334738,0.7447438197,0.06427496294,0.4832495454
2024-03-25,2024-07-27,-0.13206509,0.40617773,0.40617773,0.5382428,-0.04681826103,-0.02971074916,-0.01280529983,0.093912594,0.26605418,96.94348574,7.61895679,3.369256268,0.8167406512,0.1992438095,0.4654914084,0.8208076302,0.09129487978,0.4823193876
2023-08-14,2023-11-18,-0.7099598,0.42190543,0.7099598,1.1318653,-0.06954712421,-0.03763765469,0.01463598385,0.13905586,0.20498332,96.47234678,10.33792237,3.354866924,0.7227418792,0.1861462562,0.4987818101,0.7229466974,0.06047086742,0.4992987377
2023-08-22,2023-12-20,-0.15258074,0.68682855,0.68682855,0.8394093,-0.06287203729,-0.005678274669,0.1035996601,0.28576538,0.2741976,95.83452344,10.49475096,3.3496569,0.733449178,0.1839306622,0.4480432027,0.7416650038,0.0602532414,0.4598519009
2024-03-01,2024-07-27,-0.15524364,0.35342237,0.35342237,0.50866604,-0.07226318866,-0.05239947885,-0.02989697829,0.05188897,0.2139579,96.95664048,6.996621338,3.316179682,0.8191812097,0.181256745,0.4504852763,0.8240886581,0.08954084868,0.4695241626
2023-11-14,2023-12-24,-0.12374822,0.50503147,0.50503147,0.6287797,-0.005453362712,0.007800861029,0.03219641838,0.18075302,0.29413807,96.95175886,6.955047201,3.315790919,0.7439486617,0.1254606817,0.4491185606,0.7490806127,0.0626817335,0.4706600135
2024-02-18,2024-08-20,-0.1964164,0.41174254,0.41174254,0.60815895,-0.1061337367,-0.08620040119,-0.05181477778,0.0875703,0.30765927,96.94083333,6.905501607,3.314733337,0.8232439926,0.1833498113,0.4515389207,0.8273733074,0.08991867326,0.4613295226
2023-08-10,2024-02-22,-0.19853601,0.8846251,0.8846251,1.0831611,-0.09551632963,-0.002370311879,0.1081152055,0.23402914,0.20196648,96.05697989,10.41313464,3.309388538,0.7401257276,0.182492224,0.4298202265,0.7509558215,0.05974952437,0.4428031099
2023-08-10,2024-02-18,-0.16683772,0.894751,0.894751,1.0615888,-0.06495522708,-0.02676281426,0.09897257015,0.23000002,0.21911262,95.96313834,10.66445067,3.307163272,0.7359909042,0.1874473428,0.4424809922,0.7450213139,0.05925510551,0.4510492451
2023-12-20,2024-05-04,-0.32757208,0.42769092,0.42769092,0.755263,-0.2191111818,-0.1797642708,-0.1432102099,-0.022059074,0.16309123,96.92292213,5.884309761,3.306633806,0.75284713,0.1127290737,0.4657666404,0.7550195401,0.06418523994,0.4719294025
2024-05-28,2024-09-13,-0.25073865,0.34723094,0.34723094,0.5979696,-0.07549158484,-0.05820262618,-0.03511092439,-0.18107109,-0.14891267,96.82654738,6.514771521,3.30258404,0.8130082095,0.1656708688,0.4633905379,0.8159941886,0.08572460418,0.4729898397
2023-08-22,2024-02-10,-0.17440693,0.8458942,0.8458942,1.0203011,-0.05906459875,0.03142789751,0.1337337494,0.26633734,0.2054714,95.62732577,10.55987895,3.299078785,0.7410726163,0.1864172375,0.4315867517,0.7518159622,0.0598936119,0.4438424059
2024-01-25,2024-08-20,-0.2449339,0.4481513,0.4481513,0.6930852,-0.1558549106,-0.1400541663,-0.108233504,0.037545465,0.26876155,96.9291389,7.068697194,3.295055033,0.8196476489,0.1824940279,0.4458583752,0.8249826238,0.08868454191,0.4648072622
2023-08-10,2023-11-26,-0.55780244,0.46844485,0.55780244,1.0262473,-0.08749286085,-0.04818227515,0.01310899504,0.18227258,0.23688741,96.51179314,9.904939396,3.289222061,0.727948652,0.1812220024,0.4964685894,0.7284465554,0.06023648683,0.4969344609
2023-12-12,2024-01-25,-0.14748313,0.50732416,0.50732416,0.65480727,-0.04689511657,-0.0348869469,0.01163858525,0.13929555,0.2459994,96.9378233,5.792517811,3.287006206,0.7464452046,0.1097298514,0.4747846711,0.7478819457,0.06261251385,0.4774192129
2024-01-17,2024-05-04,-0.17134507,0.44081193,0.44081193,0.612157,-0.06542852521,-0.02188670542,-0.002944505773,0.15623008,0.2567939,96.9197154,5.67208554,3.255521765,0.7426395766,0.1061558547,0.476720002,0.7439249367,0.06124316131,0.4791805611
2023-11-14,2023-12-20,-0.14751239,0.51510876,0.51510876,0.66262114,0.01065777987,0.02143568732,0.05016196612,0.22369413,0.32475504,96.95855379,6.136882855,3.252355004,0.7468910622,0.1156890033,0.4702668974,0.7494147712,0.06293181723,0.4826946573
2023-08-22,2024-02-06,-0.15738222,0.8101107,0.8101107,0.96749294,-0.05787248071,0.00415731594,0.158272028,0.30269662,0.24801174,95.27440667,10.48047823,3.227715144,0.7390564202,0.1850030611,0.4374942155,0.7491512577,0.05905013237,0.4534194822
2023-12-20,2024-06-29,-0.3736138,0.458688,0.458688,0.8323018,-0.2856882811,-0.2585419416,-0.2147853337,-0.16919903,-0.01689012,96.91331983,5.557869707,3.207848446,0.7556324288,0.1047622652,0.4501782601,0.7587015728,0.06198893271,0.4615176518
2024-01-13,2024-02-22,-0.16754945,0.4489689,0.4489689,0.6165183,-0.05923523195,-0.02848965488,-0.009625855833,0.11417073,0.2052548,96.95750475,5.433296384,3.183607124,0.7473302429,0.1007772021,0.460740997,0.7499528196,0.06077312686,0.4741874674
2023-12-24,2024-02-18,-0.18488652,0.4069303,0.4069303,0.5918168,-0.09593689628,-0.08171371371,-0.05573187023,0.07562852,0.22396597,96.91255689,6.153933966,3.180249033,0.7501166845,0.1137277623,0.45054887,0.7541063556,0.0609232055,0.4670354636
2024-05-28,2024-06-21,-0.06852957,0.35083413,0.35083413,0.4193637,0.07071193308,0.08592816442,0.1029385999,0.12885858,0.08598882,96.95250988,5.9037631,3.171183602,0.7426185786,0.1115324038,0.4822874432,0.7438653279,0.06045510943,0.4866821737
2023-12-24,2024-04-22,-0.19266982,0.49071145,0.49071145,0.68338126,-0.1050533205,-0.08923805878,-0.03507563006,0.14705382,0.30155164,96.90865278,5.818041521,3.1676052,0.7551008833,0.1087183959,0.4458559968,0.7586917318,0.06070158386,0.4572327905
2023-12-24,2024-03-25,-0.22967573,0.4329493,0.4329493,0.662625,-0.1115271375,-0.08358990774,-0.06206334103,0.12000527,0.23816171,96.8983531,5.552015282,3.167316198,0.7500661092,0.1031739243,0.4552144605,0.7531497593,0.06079299442,0.470174278
2023-12-24,2024-05-04,-0.27012727,0.48446995,0.48446995,0.7545972,-0.1567145139,-0.1400710791,-0.1073890589,0.059029527,0.19699408,96.8355,5.686545662,3.165076434,0.7498565828,0.1048628672,0.4510011943,0.7533701233,0.06049706946,0.4674709521
2023-12-24,2024-04-06,-0.23551264,0.43916914,0.43916914,0.6746818,-0.1321203932,-0.1170409992,-0.08470303938,0.08393527,0.22721128,96.91179991,5.621158984,3.161030407,0.749929917,0.1059049376,0.4633873601,0.7524731337,0.06106307383,0.4751205687
2023-11-30,2024-01-13,-0.12167632,0.47365752,0.47365752,0.5953338,0.02051452361,0.02820937894,0.04368022829,0.22934714,0.31066123,96.93402052,5.36495881,3.151059842,0.7429938717,0.1031715484,0.4927412295,0.7434280971,0.06081703148,0.494531447
2023-12-24,2024-09-01,-0.31647274,0.4899054,0.4899054,0.8063781,-0.2288888097,-0.1229331046,-0.06139053777,-0.015158917,0.13218898,96.83270454,6.799780937,3.149903835,0.8206158052,0.1749122792,0.440683639,0.8261928192,0.08466531149,0.460478932
2024-06-09,2024-08-20,-0.111274734,0.2670879,0.2670879,0.37836266,-0.03746278957,-0.03125852346,-0.02322128974,0.16983134,0.4238651,96.96145058,7.246115841,3.148475986,0.8123508457,0.1864679355,0.4727093085,0.8160527656,0.08500993065,0.4959804304
2024-01-17,2024-03-13,-0.13462713,0.2628952,0.2628952,0.39752233,-0.04879102483,-0.02253140137,-0.00138441124,0.19584845,0.3692528,96.882236,6.347623314,3.13653911,0.7400438875,0.1185571211,0.4810332246,0.7416006496,0.05923992154,0.4864322304
2024-03-17,2024-08-20,-0.17941557,0.4182133,0.4182133,0.5976289,-0.07755137235,-0.05677418411,-0.03659093007,0.1380005,0.34737104,96.9517529,6.422783983,3.134084854,0.8187364586,0.168285579,0.4622187943,0.8220080909,0.08434673351,0.4747681019
2023-11-14,2024-09-13,-0.4963794,0.87347466,0.87347466,1.3698541,-0.2747838572,-0.2500571311,-0.2182841077,-0.029918306,0.22193353,96.96546197,8.536754538,3.119992139,0.812247033,0.2165309756,0.4580677923,0.8177900893,0.08190674321,0.4740986036
2024-02-22,2024-08-20,-0.23309807,0.3947196,0.3947196,0.6278177,-0.1018054113,-0.07945273817,-0.05115187354,0.052582353,0.30250585,96.92724347,7.638681169,3.110671828,0.8239349919,0.2005461112,0.4369543627,0.831217117,0.0863923666,0.4622334742
2024-02-06,2024-05-24,-0.19088408,0.43355352,0.43355352,0.6244376,-0.06531248987,-0.03311048448,0.001620037016,0.114272684,0.2057261,96.92416787,5.649192167,3.099111753,0.7526674874,0.1073174865,0.461618642,0.7552627244,0.06018592163,0.4719074929
2023-08-10,2023-11-30,-0.53042465,0.48627618,0.53042465,1.0167009,-0.08073029108,-0.05489814654,0.01078164671,0.20223211,0.2542515,96.42860293,10.05778739,3.082828592,0.7269264202,0.1834786293,0.4970822905,0.7274131972,0.0563846837,0.498375891
2024-01-13,2024-04-06,-0.139078,0.5425351,0.5425351,0.68161315,-0.003436757252,0.02760307491,0.0499933809,0.25413632,0.37058705,96.95646167,5.452891595,3.081292648,0.7461223537,0.1029924875,0.4742020607,0.7475265566,0.0585580591,0.4771319285
2023-12-24,2024-02-10,-0.22239439,0.39394787,0.39394787,0.61634225,-0.1085976828,-0.09473069385,-0.06706267409,0.03885745,0.16323462,96.82476521,5.614873193,3.057639982,0.7496080412,0.1059071346,0.4648390251,0.7519756892,0.05882801323,0.4741493384
2024-01-13,2024-04-22,-0.1724732,0.5660375,0.5660375,0.73851067,0.005883180653,0.05161173828,0.06874637865,0.32272243,0.44908008,96.92453146,5.423318011,3.049983695,0.7458765097,0.1017544921,0.4708682204,0.7477716775,0.05824585363,0.4792679168
2024-03-25,2024-08-20,-0.15393324,0.4436625,0.4436625,0.59759575,-0.06400316209,-0.04510384053,-0.03116601147,0.13392882,0.3525164,96.96071148,7.383131249,3.043334388,0.8144976352,0.1889519907,0.4594032567,0.819592016,0.08226337482,0.4852099803
2023-12-20,2024-04-22,-0.33650455,0.34367955,0.34367955,0.6801841,-0.2563475966,-0.2211432382,-0.1723759808,-0.1897945,0.002986281,96.89730406,5.582602206,3.035516446,0.7585504297,0.1048549608,0.4411627545,0.7623261132,0.05867148617,0.4539845146
2024-03-25,2024-07-15,-0.14673974,0.4017919,0.4017919,0.54853165,-0.05809381232,-0.03900802135,-0.02343999315,0.07865317,0.19111654,96.96358442,6.092159812,3.033074821,0.8143014752,0.1549599119,0.4599205408,0.8180584998,0.08075752763,0.4814316341
2024-04-06,2024-08-20,-0.14176281,0.40920568,0.40920568,0.55096847,-0.05887835473,-0.04627166875,-0.02750818525,0.17116386,0.35756606,96.95652127,6.175681358,3.026355527,0.8188077372,0.1616191597,0.4618547896,0.822376188,0.08250345428,0.4811158593
2023-12-24,2024-06-29,-0.3503481,0.456371,0.456371,0.80671906,-0.2654317617,-0.2257674038,-0.194362849,-0.16464141,0.014801908,96.91440463,5.977859565,3.018769228,0.7556868347,0.1099874022,0.4352776233,0.7605536265,0.05773315518,0.452443636
2024-03-25,2024-05-28,-0.14999951,0.20979582,0.20979582,0.35979533,-0.04580417648,-0.03841433674,-0.01764964499,0.18078452,0.41667032,96.94523215,6.151188448,2.979681722,0.7445877171,0.1163021116,0.4777358845,0.7469560876,0.05822969045,0.4937804612
2023-08-10,2023-11-14,-0.82634217,0.3885876,0.82634217,1.2149298,-0.07123780996,-0.04642338306,9.65E-05,0.09419119,0.14907096,96.52130008,9.736236379,2.978936462,0.7267296232,0.1778461523,0.4987072352,0.726924334,0.05445112058,0.4990429058
2023-08-14,2024-02-06,-0.15559554,0.8002616,0.8002616,0.95585716,-0.06458905712,-0.01796487719,0.1429863945,0.2916097,0.25445965,94.31170821,10.50399119,2.978029095,0.7385004262,0.1856249461,0.4397504644,0.7487247299,0.0549492107,0.459152377
2024-02-18,2024-07-15,-0.16685486,0.33863777,0.33863777,0.5054926,-0.07203580067,-0.05208009109,-0.02590986341,0.07744154,0.27052823,96.94258571,6.695564639,2.966091889,0.8201119326,0.1730478131,0.4463579807,0.8254098942,0.080413541,0.4682189443
2024-03-17,2024-05-12,-0.14256373,0.17364872,0.17364872,0.31621245,-0.02127613733,-0.01591502875,-0.003169342875,0.245297,0.4383324,96.94340825,6.15412541,2.961391268,0.7452314007,0.1145543618,0.4665742253,0.748314285,0.05701607598,0.4825885226
2024-01-13,2024-03-25,-0.13659205,0.52533525,0.52533525,0.6619273,-0.02046911698,0.04170338809,0.06335628033,0.25338334,0.3783557,96.94390893,5.307915959,2.959744496,0.7438197356,0.09918291747,0.4734225153,0.7452217693,0.05560898762,0.4760217917
2024-03-05,2024-08-20,-0.15429273,0.3745575,0.3745575,0.5288502,-0.07522078604,-0.06350922957,-0.03632541653,0.11911638,0.32824707,96.88733816,6.412370299,2.95452113,0.8216450583,0.1660687445,0.4429626706,0.8267831987,0.08000600389,0.4631624036
2024-04-06,2024-07-27,-0.1596807,0.40283802,0.40283802,0.5625187,-0.04128977284,-0.03087112866,-0.01725075394,0.10009605,0.26972428,96.92080617,6.555863343,2.933007917,0.818319324,0.1709271161,0.4600167515,0.8224058107,0.07984119802,0.4802931395
2023-12-20,2024-06-09,-0.35192734,0.43912035,0.43912035,0.7910477,-0.2545534074,-0.2368357033,-0.2114940137,-0.18089153,-0.027028257,96.81114554,5.41620022,2.92139983,0.7529346339,0.09965360325,0.4432739168,0.7565678524,0.05541747713,0.4570141347
2024-01-17,2024-09-01,-0.28172913,0.30454496,0.30454496,0.5862741,-0.1980648935,-0.1734874099,-0.1520610303,-0.27691427,0.0031808724,96.95978761,6.737211898,2.90342285,0.8144113036,0.1704585575,0.4538130176,0.8181334922,0.07396355992,0.4569259915
2024-01-13,2024-02-10,-0.1699191,0.35305402,0.35305402,0.5229731,-0.07331707515,-0.03899169154,-0.02087677084,0.071738206,0.19349867,96.88690901,5.372196927,2.894089694,0.7537807549,0.1008928946,0.4529119615,0.7568342816,0.05584489179,0.4653466583
2024-05-24,2024-06-21,-0.050307967,0.36154878,0.36154878,0.41185674,0.0696009174,0.08925121278,0.1099251658,0.1555819,0.11986567,96.94330692,5.724188158,2.882504837,0.7420293279,0.1086800054,0.4869488937,0.742811078,0.05480551858,0.4876428715
2023-08-14,2024-02-10,-0.15668024,0.86851764,0.86851764,1.0251979,-0.05979670584,0.01938788593,0.1433469132,0.28445622,0.24311678,94.05423999,10.12438555,2.880186883,0.7419186761,0.1792431202,0.4328303125,0.7528169423,0.05337669358,0.4530799539
2024-05-28,2024-06-09,-0.09484031,0.35282472,0.35282472,0.44766504,0.1007397342,0.1096388772,0.1151168346,0.1612563,0.10351677,96.95752263,5.207781914,2.876201551,0.74070181,0.09743535709,0.4815380556,0.7419087848,0.05448478846,0.4875540581
2024-05-16,2024-09-13,-0.21188413,0.34340775,0.34340775,0.5552919,-0.08782997727,-0.06791041791,-0.03679681383,-0.1522118,-0.05570531,96.56688571,6.397344168,2.874618047,0.8148477181,0.1646810019,0.4651386422,0.8174806798,0.07448796285,0.4682142048
2023-12-24,2024-04-10,-0.2543538,0.44050696,0.44050696,0.69486076,-0.1333232373,-0.1189340428,-0.09433276206,0.092692055,0.25923094,96.78058624,5.463941957,2.874051532,0.7519485952,0.1014101955,0.4503008264,0.7553588175,0.05506477727,0.464843259
2023-08-22,2023-12-24,-0.120972835,0.7412737,0.7412737,0.8622465,-0.03685029969,0.03735270724,0.1157553643,0.30454588,0.31391484,94.76054311,10.38929906,2.854822796,0.7340554225,0.1817437142,0.4453684562,0.7431151407,0.05156521715,0.4598582662
2024-01-13,2024-02-18,-0.16748267,0.4598853,0.4598853,0.627368,-0.06170500256,-0.009437309578,0.02183019556,0.14013742,0.2793411,96.93094492,5.594251879,2.839787099,0.7445395523,0.1037226289,0.466749819,0.7471281447,0.0541555545,0.4800758772
2024-02-06,2024-08-20,-0.2337161,0.39175,0.39175,0.6254661,-0.1297025681,-0.1088940911,-0.07341778651,0.02682859,0.27908722,96.84585333,6.698774776,2.829689742,0.8266151232,0.1771933247,0.4359226024,0.8329500446,0.07902610968,0.4602451168
2024-01-25,2024-07-03,-0.28485718,0.30380875,0.30380875,0.58866596,-0.1751623303,-0.1367942244,-0.1165709347,-0.18825324,-0.000395697,96.91428542,5.581421225,2.826077218,0.7474224644,0.1031744875,0.458291802,0.7503861788,0.05358277331,0.4700626358
2024-01-13,2024-09-01,-0.33415228,0.6005137,0.6005137,0.934666,-0.2059419602,-0.1805179641,-0.164147526,-0.06402195,0.124047264,96.90608382,6.276758128,2.824385697,0.8138498371,0.1579378889,0.4538055687,0.8181448759,0.07413280198,0.4733749776
2023-11-30,2024-09-13,-0.40216076,0.7443635,0.7443635,1.1465242,-0.2341717333,-0.2095217854,-0.1825196743,0.032091256,0.16766533,96.96246386,5.994188172,2.822103442,0.814415631,0.1512690986,0.4546068174,0.8186863564,0.0750810671,0.4792504032
2024-01-13,2024-04-10,-0.15305856,0.506047,0.506047,0.65910554,-0.03318849206,0.004769410007,0.02414777875,0.24379401,0.38312316,96.93050981,5.127076026,2.812165806,0.7461180152,0.09605656746,0.4698619318,0.7478222924,0.05330229139,0.4753548288
2024-03-13,2024-09-01,-0.2047493,0.38269842,0.38269842,0.5874477,-0.1300866455,-0.1071117558,-0.06881599687,-0.17201576,-0.07152072,96.76428437,6.373752889,2.805186014,0.8149036445,0.1632117749,0.4613608514,0.8179879751,0.07273836545,0.4671822635
2024-02-22,2024-05-24,-0.1606193,0.23016073,0.23016073,0.39078003,-0.05951888766,-0.02822594251,-0.00780312717,0.23602262,0.46635976,96.81869745,5.671878816,2.803751823,0.7480730799,0.1091703373,0.4806822669,0.7494682365,0.05454032591,0.4858011648
2023-12-12,2024-01-29,-0.34636486,0.22880903,0.34636486,0.57517385,-0.2743323371,-0.249070406,-0.1570063904,-0.33621106,-0.19045928,96.72093987,5.844434273,2.789316778,0.7551932731,0.1061017079,0.4294613253,0.7602468129,0.0522095289,0.4427882621
2024-03-05,2024-07-27,-0.11925394,0.44675794,0.44675794,0.5660119,-0.03427159041,-0.02324511297,-0.006849398371,0.12253217,0.27619395,96.90078497,6.40629565,2.786817434,0.8159884032,0.1631556822,0.4534520127,0.8205769325,0.07439780507,0.475321777
2024-03-17,2024-07-15,-0.13382362,0.3767914,0.3767914,0.510615,-0.04988809116,-0.02732039616,-0.009222898167,0.13375255,0.27865857,96.93143368,5.408968496,2.753696134,0.8178035661,0.1411538064,0.4658132228,0.8203809528,0.07399529629,0.4796470403
2024-05-04,2024-09-01,-0.24911971,0.3284697,0.3284697,0.5775894,-0.122747289,-0.09204920009,-0.05190174282,-0.21355495,-0.09645553,96.69002891,6.489754161,2.751731483,0.8125233911,0.1639687139,0.4608285183,0.815652559,0.07007480852,0.4644751352
2024-02-10,2024-05-12,-0.14637469,0.22901903,0.22901903,0.37539372,-0.06612597406,-0.0291967988,0.01217404474,0.23846567,0.5031891,96.68465853,5.671445313,2.742627923,0.7583763585,0.1089012228,0.4539218059,0.7620264523,0.05467448677,0.4712592202
2024-04-10,2024-08-20,-0.15282097,0.3925214,0.3925214,0.5453424,-0.06332690269,-0.05420338735,-0.03889037669,0.15102232,0.3805667,96.91133499,6.424987581,2.741594125,0.8162952615,0.1643471017,0.4551695421,0.8210906651,0.07432292407,0.4823952949
2023-08-10,2023-12-20,-0.18578795,0.6759415,0.6759415,0.8617295,-0.09598986059,-0.03670037165,0.07277036086,0.2532395,0.24580003,95.74210644,9.518577498,2.720527388,0.7361515406,0.1656953986,0.4391218586,0.7448857117,0.04826384677,0.4475231328
2024-01-13,2024-02-06,-0.12342883,0.42315197,0.42315197,0.5465808,-0.0265388526,0.004980674712,0.02812144021,0.19715704,0.29203865,96.95478678,4.977617353,2.711731313,0.7517655574,0.09337767967,0.457793434,0.7543331808,0.05221262537,0.4698690771
2024-02-06,2024-07-15,-0.22400124,0.3270319,0.3270319,0.55103314,-0.1020656079,-0.08910518512,-0.05190927908,-0.004487083,0.14203572,96.87796235,5.290829826,2.69169134,0.8288382702,0.1428764687,0.4470974614,0.8323200205,0.07489772095,0.4606898403
2023-08-10,2024-02-10,-0.18030702,0.8285249,0.8285249,1.0088319,-0.05159846414,0.005063439254,0.112923095,0.24337736,0.20081437,94.72688437,9.502305237,2.672823237,0.7466005577,0.1688370984,0.4248715659,0.7578256365,0.04950503688,0.4428920803
2024-01-29,2024-05-28,-0.24561213,0.26625273,0.26625273,0.51186484,-0.1429831684,-0.1299914271,-0.1006783694,-0.11747925,0.09527125,96.88108563,5.955172917,2.663947159,0.7553049909,0.1094648224,0.4357104727,0.760590113,0.05118904651,0.4554799165
2023-08-10,2024-02-06,-0.14649355,0.8371047,0.8371047,0.98359823,-0.05277780816,0.002003225032,0.147599712,0.28699687,0.2520262,94.3318367,9.389512041,2.644729248,0.7433801798,0.1655465956,0.4289089347,0.7540113906,0.04876954169,0.4485959192
2024-01-25,2024-06-21,-0.24635375,0.31405765,0.31405765,0.5604114,-0.1400904208,-0.1261990368,-0.1074937899,-0.09976707,0.05205203,96.9370544,4.71311505,2.631651198,0.7472198018,0.08878865849,0.4710652584,0.7485036927,0.04973540234,0.4725730288
2024-01-17,2024-06-09,-0.23536824,0.36546582,0.36546582,0.6008341,-0.118857868,-0.09057757258,-0.07421308011,-0.051614814,0.1287596,96.88944221,5.99516253,2.611900871,0.7390140072,0.1062194676,0.4522610942,0.7431552405,0.04806081106,0.4696999086
2023-08-10,2023-12-24,-0.13916463,0.72872597,0.72872597,0.8678906,-0.06016810052,0.0003032227251,0.08939428069,0.2886636,0.277747,95.90197206,9.160170511,2.577275857,0.7391542596,0.1598547613,0.4341511926,0.748600516,0.04653730476,0.4492202256
2024-01-13,2024-06-09,-0.11287972,0.7929051,0.7929051,0.90578485,0.0002094219781,0.04538528249,0.06583806127,0.22710942,0.35148418,96.92155123,5.210952204,2.575794058,0.7432322408,0.09478753728,0.4593572648,0.7460811386,0.04825346922,0.4730791904
2024-06-29,2024-08-20,-0.12341198,0.17969126,0.17969126,0.30310324,-0.04298172519,-0.03928330541,-0.03113439307,0.16791064,0.4352944,96.92938924,5.850991332,2.569604946,0.8142915969,0.1529482742,0.4790412113,0.8166702432,0.06990802097,0.4985611105
2024-02-10,2024-07-15,-0.17191884,0.376518,0.376518,0.5484369,-0.06457811221,-0.05050663464,-0.007314084913,0.17984332,0.35873455,96.89936638,5.151025162,2.567420528,0.8314699937,0.1403325665,0.4431929756,0.8350644546,0.07197168211,0.4560292669
2024-06-21,2024-09-01,-0.1933498,0.29942125,0.29942125,0.49277103,-0.1075226981,-0.09216336906,-0.06940731592,-0.24590953,-0.14794557,96.900177,5.095057916,2.564332856,0.815269746,0.1344164237,0.4826993063,0.8156543525,0.06630959521,0.4731245057
2023-12-24,2024-01-25,-0.10859061,0.4848948,0.4848948,0.5934854,-0.01819247752,-0.006459316704,0.01831285655,0.23217331,0.3312219,96.93556428,4.634867789,2.559111724,0.7467967753,0.08826557907,0.4783787997,0.747889925,0.04912447725,0.4821993224
2023-11-18,2023-12-20,-0.08077074,0.531515,0.531515,0.61228573,0.05508799106,0.07282318175,0.08917533606,0.26770464,0.34969437,96.95174098,4.707631246,2.544810286,0.7473239759,0.09017977962,0.4805137902,0.748332144,0.04907801991,0.4837608782
2024-01-17,2024-04-22,-0.14045516,0.44529837,0.44529837,0.58575356,-0.03240060527,-0.003015570808,0.01146504981,0.1742133,0.27287132,96.85403705,5.114082943,2.54263907,0.7479232316,0.09702042795,0.472976989,0.7496175041,0.04884768012,0.4789650461
2023-11-14,2023-11-26,-0.072236694,0.24747132,0.24747132,0.31970802,0.01571819372,0.04517736658,0.062110506,0.46895373,0.5837871,96.853894,5.187078148,2.532234548,0.7389872218,0.09681539486,0.4840931567,0.7404322312,0.04842092947,0.4959484136
2024-03-13,2024-07-27,-0.15429576,0.39594147,0.39594147,0.55023724,-0.04965595249,-0.03200325742,-0.01651981007,0.07882611,0.2265804,96.91529274,5.65578726,2.525752172,0.8167484575,0.1447738466,0.4564750409,0.820306466,0.06698933256,0.4729714253
2023-08-14,2023-12-24,-0.17768899,0.69518167,0.69518167,0.8728707,-0.07334108092,-0.01725540403,0.08002351969,0.30401498,0.31754,93.02582741,9.623134494,2.516219388,0.7364162626,0.1691278069,0.4444676139,0.7451085813,0.04580265458,0.4603453965
2024-02-18,2024-05-12,-0.12256363,0.23826233,0.23826233,0.36082596,-0.02581131831,-0.01690857299,0.002822686918,0.28748843,0.50878924,96.60269618,5.084119422,2.510927136,0.7499793896,0.0981029051,0.4781517147,0.7514517687,0.04915286636,0.4850810749
2024-03-13,2024-08-20,-0.1359964,0.43128017,0.43128017,0.5672766,-0.06574806944,-0.04999010637,-0.03036767803,0.11734721,0.32206824,96.86195254,6.08766586,2.496825273,0.8164834148,0.1545884864,0.4508077928,0.8212961276,0.06700844047,0.4764380467
2024-06-21,2024-08-20,-0.13311654,0.22300379,0.22300379,0.35612035,-0.04883884918,-0.0428580828,-0.0262141875,0.18780734,0.4784998,96.92901373,6.189773959,2.482920865,0.8140485662,0.1604154977,0.4733728849,0.8172985271,0.06784056595,0.4990665111
2024-02-18,2024-07-03,-0.26100805,0.2687062,0.2687062,0.5297142,-0.1699602455,-0.1569677591,-0.1364227273,-0.25155962,-0.051335465,96.89296484,4.641754821,2.480192306,0.745465347,0.08742905394,0.4750646558,0.7464090871,0.04644914893,0.4723582925
2024-01-25,2024-09-13,-0.22400872,0.33573344,0.33573344,0.55974215,-0.1291038394,-0.119363796,-0.09623103961,0.05110397,0.22829711,96.93028927,4.805378903,2.476312683,0.8219965117,0.1238513307,0.4452037288,0.8248475154,0.06468728172,0.451231254
2023-12-20,2024-01-17,-0.15819906,0.453385,0.453385,0.61158407,-0.03803304397,-0.02414916549,-0.005988390883,0.16888043,0.28065917,96.93081379,4.640814697,2.472888264,0.7466509883,0.08743818572,0.4725351783,0.7480054903,0.04691829703,0.4758444217
2023-11-18,2023-12-12,-0.11560832,0.24064523,0.24064523,0.35625356,-0.0004407485831,0.01182194147,0.03165033087,0.37317324,0.5567259,96.75960541,4.919831456,2.465778012,0.7469201296,0.09386353413,0.4788755186,0.7487070407,0.04853782453,0.4940857059
2023-12-20,2024-01-29,-0.21578607,0.34997427,0.34997427,0.5657604,-0.1299758404,-0.114332445,-0.0894594118,0.053223714,0.22144389,96.93341255,4.618034764,2.460522015,0.7550741396,0.08837841845,0.4620172884,0.7570708188,0.04782951878,0.4692863861
2024-03-25,2024-05-24,-0.114326365,0.21751608,0.21751608,0.33184245,-0.02230702713,-0.0142715089,0.003879182274,0.31472182,0.5328275,96.8266964,5.168582027,2.456443803,0.7432713135,0.09749742935,0.480471644,0.7450277225,0.04770556324,0.4946616077
2024-03-25,2024-09-01,-0.21048428,0.28377974,0.28377974,0.494264,-0.1273580492,-0.1010399461,-0.06365036964,-0.14324367,0.065507226,96.654737,6.127779295,2.445967484,0.8133109212,0.1520475808,0.4471602231,0.8176286095,0.06187544727,0.4558840905
2023-12-24,2024-01-29,-0.13827331,0.39513388,0.39513388,0.5334072,-0.05063807406,-0.03881669044,-0.01118727215,0.2039133,0.33929586,96.91454768,4.613770651,2.443221966,0.755741745,0.08727214164,0.4539994989,0.7580689327,0.04690296255,0.460758221
2024-01-25,2024-09-01,-0.28887582,0.2962632,0.2962632,0.58513904,-0.2041298896,-0.1834806949,-0.15347277,-0.20255284,0.0035956989,96.92200422,4.552502251,2.431011637,0.8202198726,0.1179912258,0.4554356451,0.8223281414,0.06362529963,0.4599072726
2024-01-25,2024-05-04,-0.18753017,0.43513295,0.43513295,0.62266314,-0.06955666468,-0.02808135189,-0.009976121597,0.1372984,0.22149768,96.90777063,4.665140737,2.418367804,0.7451736685,0.08738967993,0.47255649,0.7464315492,0.04535241562,0.4730678457
2024-04-06,2024-05-28,-0.12474627,0.20355159,0.20355159,0.32829785,-0.01961132698,-0.003765957896,0.0101606613,0.29711154,0.5501262,96.79321051,5.788635579,2.413599273,0.7453272007,0.1084273087,0.4706686304,0.7482677949,0.04712093069,0.4905705562
2023-11-26,2023-12-20,-0.15267168,0.48782417,0.48782417,0.64049584,0.04297560081,0.05013433471,0.06322386488,0.21534584,0.2885094,96.94732428,4.346732906,2.388961862,0.7470514582,0.08349314842,0.4830374655,0.7477710729,0.0459980147,0.4841977922
2024-01-13,2024-01-25,-0.12485121,0.44554397,0.44554397,0.5703952,-0.01861238107,-0.0008514540968,0.01104636956,0.13531382,0.22688732,96.93370461,4.357439781,2.385626515,0.7433873395,0.08033023195,0.4679156365,0.7451964619,0.04505079396,0.4793137938
2024-02-06,2024-07-03,-0.24764547,0.27217355,0.27217355,0.519819,-0.1292715967,-0.1037616059,-0.07303277031,-0.12741187,0.069574185,96.90548778,4.986077334,2.382242568,0.7535857909,0.09239934135,0.4468128269,0.7571477392,0.04578914012,0.4634386752
2023-12-12,2024-01-13,-0.13730454,0.44544455,0.44544455,0.5827491,-0.0006778849784,0.01313007064,0.02853139909,0.17017883,0.26307523,96.92956805,4.408054716,2.367405139,0.7466892409,0.08508899343,0.4867050506,0.7473089124,0.04585101181,0.4883326716
2024-02-06,2024-09-01,-0.26698673,0.26915288,0.26915288,0.5361396,-0.1965907663,-0.1531867906,-0.1132621747,-0.2106865,-0.012777912,96.92949057,4.978202033,2.366347464,0.8256639457,0.1287823323,0.4339932077,0.829915886,0.06361165902,0.4509800928
2024-01-17,2024-09-13,-0.22855912,0.37649068,0.37649068,0.6050498,-0.1378486082,-0.1255333126,-0.1024481207,0.022090778,0.25820157,96.81135416,5.426665721,2.365467818,0.8165781775,0.1373909616,0.4508875582,0.819707624,0.0602324934,0.4534787664
2023-12-24,2024-06-09,-0.3783675,0.3608876,0.3783675,0.7392551,-0.2904269099,-0.253207624,-0.2153273374,-0.27965647,-0.039577737,96.82102799,5.294081097,2.365335957,0.7535395506,0.09566279356,0.4324180473,0.7581614133,0.04412686001,0.4464383896
2024-01-25,2024-04-06,-0.14136745,0.4168402,0.4168402,0.55820763,-0.04496032372,-0.02982147038,-0.01470130123,0.064703405,0.13815463,96.93050385,4.439647013,2.349296353,0.744192507,0.08344401784,0.4769479885,0.7453029968,0.04444463426,0.4800713495
2024-03-01,2024-09-01,-0.22495277,0.30040583,0.30040583,0.5253586,-0.1534000635,-0.1219502315,-0.08082621917,-0.17115036,0.032250296,96.79663181,6.025183758,2.336570253,0.8187545379,0.152139336,0.4391353402,0.8236793424,0.06024945578,0.4484370164
2024-04-10,2024-07-27,-0.13451572,0.3974823,0.3974823,0.53199804,-0.04417552799,-0.03631143086,-0.02330686711,0.13588795,0.3042898,96.76542282,5.407482767,2.33501158,0.8185747413,0.1401693686,0.4587016113,0.8221886476,0.06356736437,0.4817452699
2024-01-29,2024-05-24,-0.20682824,0.28382725,0.28382725,0.49065548,-0.1010405943,-0.07855503261,-0.05579615757,0.10448319,0.2678115,96.84846401,4.835651851,2.325381446,0.7570635674,0.09050186569,0.4446503011,0.7600597945,0.04397825036,0.4493242194
2024-04-22,2024-08-20,-0.13637383,0.43508226,0.43508226,0.5714561,-0.04599609412,-0.03531067818,-0.0272752149,0.18178624,0.32472217,96.89412117,4.777814442,2.307244766,0.8173101972,0.124001444,0.4656190837,0.8196410325,0.06164274435,0.4793156442
2024-05-24,2024-07-03,-0.06877684,0.35626,0.35626,0.42503685,0.05773627013,0.06482695788,0.07081859559,0.15504506,0.15909995,96.92494273,4.356992473,2.303850806,0.7420690657,0.08247572112,0.4859296232,0.7426167243,0.04355211182,0.4852761313
2024-04-22,2024-09-13,-0.20252489,0.32621858,0.32621858,0.52874345,-0.1014356688,-0.09036718309,-0.06971356645,-0.0783799,0.11514781,96.21457458,5.096721345,2.288864382,0.8166013946,0.1318901914,0.4654844389,0.8181962909,0.05827547088,0.4579829276
2024-02-10,2024-05-16,-0.24802954,0.1828055,0.24802954,0.43083504,-0.1282840818,-0.08704510331,-0.04683339968,-0.026397564,0.29711968,96.5754807,6.026484133,2.288244704,0.7613144239,0.1117110516,0.4258850751,0.7686933647,0.04641589713,0.4660414891
2024-01-25,2024-06-29,-0.3109208,0.25851566,0.3109208,0.56943643,-0.1911639869,-0.1746837199,-0.1508997381,-0.23801541,-0.04765178,96.88684344,4.469919961,2.286582943,0.7522715548,0.08412448701,0.4593967705,0.7540843192,0.04311522404,0.4602660516
2024-05-28,2024-07-03,-0.048107095,0.3748721,0.3748721,0.42297918,0.08373332769,0.0887882039,0.09255272709,0.18489437,0.17438221,96.91593051,4.560325601,2.285731229,0.7420360632,0.08670146811,0.4884395814,0.7424511642,0.04324095329,0.486015756
2024-05-04,2024-09-13,-0.18132102,0.34238446,0.34238446,0.5237055,-0.08275129832,-0.06544636935,-0.03957550414,-0.07494986,0.08206722,96.22790217,5.140115341,2.285715937,0.8136244883,0.1311155913,0.4666727577,0.8153498296,0.05782031511,0.4627955494
2023-12-08,2024-01-13,-0.09711555,0.44709796,0.44709796,0.54421353,-0.002230575541,0.01346365502,0.02762539499,0.18037315,0.27243328,96.93912268,4.285737014,2.281392194,0.7464922519,0.08267154169,0.4868383308,0.7469456811,0.04386091845,0.48521254
2024-01-17,2024-03-17,-0.13923548,0.44186765,0.44186765,0.58110315,-0.04591337312,0.001114508137,0.01929415809,0.10507808,0.1742841,96.94449306,4.253919407,2.279342903,0.7426761254,0.07946935409,0.4770743658,0.7435931025,0.04260414394,0.4773290151
2024-04-06,2024-07-15,-0.12657109,0.40827164,0.40827164,0.5348427,-0.02371223457,-0.01473702956,-0.001729027543,0.15310581,0.29390416,96.8793273,4.863829535,2.279141144,0.818671545,0.1273517142,0.4661611135,0.8210030678,0.06131095383,0.478934855
2024-01-17,2024-03-05,-0.15004033,0.23493683,0.23493683,0.38497716,-0.05961545557,-0.04001460969,-0.02023154218,0.14475141,0.28638077,96.79653645,4.683820241,2.277895426,0.7427781726,0.08873779045,0.4845867392,0.7434787518,0.0430757869,0.4836849463
2024-01-13,2024-01-17,-0.13325728,0.43342796,0.43342796,0.56668526,-0.01282147877,0.0005689209793,0.0102951834,0.10699329,0.20091955,96.94105387,4.508199981,2.272032139,0.7421075047,0.08044425311,0.4525485982,0.7451762159,0.04240818142,0.4733785246
2024-02-06,2024-04-10,-0.14445579,0.38358426,0.38358426,0.52804005,-0.04693107028,-0.0262006782,-0.01282023452,-0.00058054796,0.07362073,96.9281435,5.115333429,2.271049091,0.752215922,0.0943129594,0.4468149718,0.755355205,0.04210684797,0.4493207775
2024-03-17,2024-05-16,-0.14922829,0.1974248,0.1974248,0.3466531,-0.0287706349,-0.02259157598,-0.005958827678,0.26391798,0.5580159,96.78307772,5.439775643,2.268230455,0.7492822513,0.1050206386,0.479792877,0.751197212,0.04506454941,0.4937509963
2023-11-30,2023-12-20,-0.08483146,0.48220876,0.48220876,0.5670402,0.039154578,0.06207741052,0.06969753653,0.1903552,0.2850746,96.95814252,4.653508411,2.256887999,0.7470355631,0.08679498508,0.4658970935,0.7494639015,0.04368312129,0.4834811281
2024-03-17,2024-07-03,-0.1419077,0.35396823,0.35396823,0.49587595,-0.05640819576,-0.04708050191,-0.0371036781,0.100637965,0.22912584,96.9309628,4.272069054,2.246969184,0.7427773149,0.07968740036,0.4759708163,0.7438237455,0.04205641247,0.477599691
2024-04-10,2024-07-15,-0.11780312,0.40787464,0.40787464,0.52567774,-0.02716745995,-0.01809529401,-0.00635654456,0.1448553,0.27169853,96.86246514,4.989258788,2.246724671,0.8174633819,0.1284715823,0.4596600049,0.8204438785,0.06000295691,0.4767475541
2024-01-25,2024-03-17,-0.18573494,0.44751212,0.44751212,0.6332471,-0.05308843404,-0.002253360115,0.01626893971,0.061059188,0.14743453,96.93248272,4.572949134,2.233117593,0.7453170856,0.08494381377,0.4675714534,0.7474058468,0.04261542215,0.4803610716
2024-02-10,2024-07-03,-0.23444036,0.25847182,0.25847182,0.49291217,-0.138564527,-0.119682584,-0.08777833916,-0.12533583,0.14468023,96.91218734,5.09864357,2.227337556,0.7562565296,0.09555211934,0.4465841942,0.7597787402,0.04269601601,0.4567925263
2024-05-24,2024-09-13,-0.23533192,0.34723604,0.34723604,0.58256793,-0.07373416238,-0.04968364164,-0.02522026747,-0.11938568,-0.012553432,96.08350992,4.648089625,2.224808789,0.8155878949,0.1207120577,0.4722148819,0.8164390054,0.05641626766,0.4610788166
2024-02-06,2024-06-21,-0.21256141,0.2803691,0.2803691,0.49293053,-0.1036669165,-0.08911093324,-0.06405387819,-0.04588768,0.1049155,96.91637754,4.194212159,2.208985936,0.7557421063,0.07972876431,0.457545951,0.7577651195,0.04269200521,0.4651828351
2024-01-17,2024-04-06,-0.092973955,0.48034546,0.48034546,0.57331944,0.01289169025,0.02720235661,0.04441518523,0.2079174,0.2734918,96.93760276,4.199060008,2.208778372,0.7435456976,0.07918366651,0.4805236216,0.744278845,0.04156933026,0.4795701039
2024-05-12,2024-09-13,-0.2121858,0.32965213,0.32965213,0.54183793,-0.08689026535,-0.07117529586,-0.04751960561,-0.12198887,0.041063655,96.49930596,5.072861614,2.207014827,0.8162397021,0.1297606482,0.4595497138,0.8183527323,0.05588226424,0.4548950935
2023-12-12,2023-12-20,-0.12337882,0.4547229,0.4547229,0.57810175,0.02628957108,0.03409531713,0.04129213095,0.12695494,0.23442979,96.95184827,4.941608441,2.19943586,0.7470496916,0.09227618253,0.4660823505,0.7494408857,0.04213452224,0.4781543823
2024-04-06,2024-09-01,-0.19873433,0.3078441,0.3078441,0.50657845,-0.1186682433,-0.1037399024,-0.07424189895,-0.12241016,0.090933524,96.61185145,5.497393925,2.193163082,0.8170914272,0.1403934184,0.4542766271,0.8199077506,0.05543234999,0.4495964421
2024-02-22,2024-09-01,-0.22346453,0.26093495,0.26093495,0.4843995,-0.1448800042,-0.126783058,-0.08940771222,-0.14733668,0.052198004,96.81816697,5.129422271,2.191356821,0.8217367713,0.1335497822,0.451052891,0.8249923776,0.05814925796,0.4597098582
2024-02-22,2024-07-03,-0.26277778,0.25915682,0.26277778,0.5219346,-0.152963683,-0.1292428821,-0.1110701784,-0.19835663,0.021899387,96.89008594,4.643899098,2.186082536,0.7495162831,0.08714446939,0.4637183975,0.751495946,0.04141960798,0.4682057045
2024-05-24,2024-06-09,-0.10248167,0.34032685,0.34032685,0.4428085,0.07720991969,0.08817574382,0.0963146314,0.10480185,0.056375396,96.7348516,4.199630945,2.185721284,0.7408007086,0.07794341037,0.4775659774,0.7420773745,0.04129099828,0.4861000926
2024-02-06,2024-06-09,-0.24618788,0.2731345,0.2731345,0.5193224,-0.1307626963,-0.1181004457,-0.1037229598,-0.1742473,-0.025985947,96.90175653,4.185036349,2.175606218,0.756464611,0.07771669576,0.4434603964,0.7593026095,0.0415858599,0.4564625399
2023-12-24,2024-09-13,-0.2519779,0.57164127,0.57164127,0.8236191,-0.1663224995,-0.08365977928,0.04194488935,0.15787166,0.31295934,96.72883749,5.384321937,2.170765436,0.8260707159,0.1382614752,0.4262241187,0.8317936758,0.05869806516,0.4488267599
2024-01-13,2024-09-13,-0.29730314,0.5853079,0.5853079,0.88261104,-0.1535617411,-0.1289651245,-0.1117239594,0.09088004,0.26991814,96.31881714,5.034884536,2.165813082,0.815818758,0.1260798067,0.4481344784,0.819859276,0.0572085431,0.4727072413
2024-03-01,2024-07-15,-0.13000728,0.33299255,0.33299255,0.46299982,-0.05550167337,-0.03872771189,-0.01600587927,0.12022783,0.29872072,96.92158103,4.617166957,2.161056295,0.8217484719,0.1229393633,0.4663487141,0.8234161077,0.05758324611,0.466686745
2024-02-22,2024-07-15,-0.18623775,0.31440246,0.31440246,0.5006402,-0.08069516718,-0.06516619027,-0.03740397468,0.11572471,0.30922285,96.8090713,4.560738804,2.15761585,0.8277498168,0.1233389204,0.4546369051,0.8303840691,0.05970001719,0.4651575528
2024-02-06,2024-03-25,-0.17893675,0.36028627,0.36028627,0.539223,-0.0717824623,-0.04633238725,-0.02734227339,-0.06264167,0.02650218,96.93546891,4.79107331,2.155809588,0.7504808269,0.08672837678,0.4415415008,0.7539856973,0.03989336493,0.4513707353
2024-01-17,2024-03-01,-0.14024758,0.27767068,0.27767068,0.41791826,-0.02762618149,0.004119548714,0.01871950505,0.24110983,0.3446599,96.76554203,4.491305726,2.149359419,0.7420728892,0.08570294432,0.4905570685,0.742408704,0.04080690409,0.4880800054
2024-04-22,2024-09-01,-0.19192772,0.30217627,0.30217627,0.49410397,-0.1129711624,-0.09108253568,-0.05673780292,-0.13374065,0.07656822,96.40341401,4.581274586,2.14732095,0.8185834368,0.1211348648,0.4731949644,0.8190566955,0.05445458479,0.4538316371
2024-01-25,2024-03-25,-0.16748956,0.4182429,0.4182429,0.58573246,-0.06112915091,-0.01693302207,-0.004385305336,0.052651063,0.1276267,96.91928625,4.094723259,2.141359494,0.7445494244,0.07638614419,0.472306525,0.7457415572,0.04016425839,0.4748802213
2023-11-18,2023-12-24,-0.06938655,0.52412426,0.52412426,0.5935108,0.04835277796,0.06575171649,0.08636089414,0.27930126,0.34930497,96.9391346,4.143115001,2.135101765,0.7502663359,0.07795923215,0.4643555882,0.7520416671,0.04087195858,0.472407715
2024-03-01,2024-05-28,-0.1392246,0.21960594,0.21960594,0.35883054,-0.04606506974,-0.03402623534,-0.01115850266,0.20490588,0.47986227,95.35189271,5.16533169,2.128441216,0.7479122011,0.09894657637,0.4786772324,0.7493628851,0.04108352144,0.4823321555
2024-02-22,2024-09-13,-0.16809526,0.3079641,0.3079641,0.47605935,-0.09470872954,-0.05854163319,-0.02179541439,0.08562941,0.26894367,96.800071,5.111359653,2.127848655,0.8264102931,0.130907642,0.4249275567,0.8315639193,0.05652785459,0.4407660181
2024-02-06,2024-02-10,-0.13977124,0.23793863,0.23793863,0.37770987,-0.01326125069,-0.006224200595,4.24E-05,-0.06602101,-0.04753105,96.80222869,4.112063372,2.117950341,0.7414589104,0.07895841437,0.4957743262,0.7414589104,0.04034178515,0.491795729
2024-05-12,2024-06-21,-0.048458718,0.38386202,0.38386202,0.43232074,0.05866846442,0.07404594123,0.09265929461,0.14380969,0.14673476,96.9186306,3.936809924,2.111007406,0.7482987398,0.07609680118,0.4841089254,0.7487798605,0.04060688223,0.4817603176
2024-01-29,2024-05-04,-0.22138822,0.24642894,0.24642894,0.46781716,-0.1143724024,-0.09591804445,-0.0790341869,-0.20433435,-0.05277738,96.01303935,5.275079223,2.108991282,0.7560419457,0.09294527691,0.4138280533,0.7617475655,0.03768999579,0.4197327852
2024-02-18,2024-05-16,-0.18122765,0.2291858,0.2291858,0.41041344,-0.06045422424,-0.04605737515,-0.009578960482,0.17136323,0.48586985,95.47681212,5.289645038,2.099080414,0.7537579657,0.1013225253,0.4644746736,0.756836511,0.04188120982,0.4838076208
2024-02-06,2024-05-12,-0.18214025,0.41693732,0.41693732,0.5990776,-0.07417463325,-0.04179287702,-0.0129243175,0.057074346,0.14031363,96.92636132,4.326719525,2.093601932,0.7576668589,0.0819863394,0.4511897804,0.7601508301,0.0403096847,0.458449805
2023-12-08,2023-12-20,-0.10218536,0.45660332,0.45660332,0.55878866,0.02003624663,0.02526528388,0.03096234426,0.15071082,0.25164855,96.93802595,4.068206735,2.079265488,0.7480163379,0.07694646585,0.4723491245,0.7493426362,0.03978067419,0.4777928492
2024-01-25,2024-04-22,-0.12448537,0.43545583,0.43545583,0.5599412,-0.02991581708,-0.0016174966,0.01009997819,0.1113373,0.20874324,96.8988359,4.449689829,2.071132035,0.7478100882,0.08327232611,0.4663484177,0.7494393363,0.03881654197,0.4670341171
2024-02-06,2024-09-13,-0.19083843,0.31094962,0.31094962,0.501788,-0.1251301765,-0.09718163311,-0.04652006552,0.07716798,0.26776522,96.87811732,4.599681809,2.066002251,0.8284824366,0.1193220413,0.4276816989,0.8326274462,0.05505182199,0.4393075713
2024-02-06,2024-06-29,-0.24006236,0.27173167,0.27173167,0.51179403,-0.1186868157,-0.1081969254,-0.07596960291,-0.08763589,0.11717228,96.90289497,4.564495829,2.065713249,0.7593466823,0.08560536506,0.4412830822,0.7629519809,0.0401672895,0.4575215977
2024-01-17,2024-03-25,-0.112406924,0.4571649,0.4571649,0.56957185,-0.02190096024,0.01815924607,0.03188349586,0.15644825,0.231179,96.91991806,3.931928026,2.065405721,0.7427325771,0.07370927375,0.479218819,0.7433832182,0.0384740609,0.4761896419
2024-01-25,2024-06-09,-0.2332773,0.33940881,0.33940881,0.57268614,-0.1179988831,-0.08797811717,-0.07585597411,-0.05906092,0.13645674,96.86831236,4.555320019,2.06434049,0.7484336098,0.08303660343,0.4503164206,0.7515541077,0.03893583761,0.4659456811
2024-03-17,2024-09-01,-0.22491166,0.30009946,0.30009946,0.5250111,-0.1429612041,-0.1102101579,-0.07407172769,-0.15779582,0.06904115,96.52125239,5.504137993,2.046795044,0.8131694769,0.1366347176,0.4501714601,0.8165532009,0.05063934743,0.4486626859
2024-02-06,2024-03-17,-0.14140712,0.4727016,0.4727016,0.61410874,-0.01204827102,0.0183397755,0.04215739854,0.11137126,0.17559405,96.92975283,4.303816125,2.039414078,0.75172498,0.08053927142,0.4578129197,0.7540247126,0.03895984997,0.4673539519
2024-06-29,2024-09-01,-0.1946325,0.3533717,0.3533717,0.5480042,-0.08271853998,-0.06267397106,-0.03199265152,-0.12710638,-0.008477641,96.52017355,4.397124455,2.033557689,0.8164328136,0.1162435203,0.4808250346,0.8167278788,0.05207899441,0.4657932264
2024-05-04,2024-08-20,-0.14200714,0.4059579,0.4059579,0.54796505,-0.05458677001,-0.03648005798,-0.02800819091,0.087858886,0.24162093,96.91836834,5.550209021,2.02597549,0.8118839744,0.1347742255,0.4408544761,0.8173742878,0.05283558746,0.4734674227
2023-12-24,2024-01-17,-0.10313129,0.44529533,0.44529533,0.5484266,0.01268227119,0.02222793736,0.04186175019,0.28884217,0.40664208,96.90779448,3.912290817,2.017594435,0.7468708321,0.07400285628,0.4751241944,0.747938694,0.03841302669,0.4782273948
2024-03-13,2024-05-28,-0.09978719,0.25401452,0.25401452,0.35380173,0.005396201508,0.01644318271,0.02968269587,0.21586873,0.22341764,89.68688846,4.890092248,1.982938915,0.7399967168,0.08483815868,0.44108252,0.7432813662,0.03412470293,0.4375273523
2024-03-25,2024-09-13,-0.17268145,0.3639858,0.3639858,0.5366672,-0.0860453546,-0.06821133941,-0.04211068153,0.027731402,0.21351238,96.66639566,4.960861919,1.97857918,0.8154473677,0.1247144255,0.4519821735,0.8185765356,0.05047811751,0.4586817601
2024-02-06,2024-04-06,-0.11559994,0.4554229,0.4554229,0.57102287,-0.009129642276,0.001164870861,0.01250795112,0.107003614,0.1715755,96.92748189,4.019655018,1.978290178,0.7509974178,0.07513554359,0.4593241664,0.7528419723,0.03735240156,0.463971367
2023-11-30,2023-12-24,-0.06381286,0.4972342,0.4972342,0.5610471,0.03150956798,0.07634400576,0.08593149483,0.21933042,0.29298744,96.9533205,3.771619148,1.974460903,0.7476468021,0.0703820629,0.4661507222,0.7492782178,0.03767554662,0.4766539813
2024-03-01,2024-07-03,-0.26523206,0.16698234,0.26523206,0.43221438,-0.1736668497,-0.1604474932,-0.1428100839,-0.34493646,-0.16872832,96.94062471,3.817338205,1.971078887,0.7501341485,0.07214528447,0.4675482135,0.7511755169,0.0369349947,0.4635676548
2024-02-06,2024-05-16,-0.30222672,0.3241148,0.3241148,0.6263415,-0.1618339717,-0.1243685894,-0.1018635798,-0.20604108,-0.065869674,96.89903259,4.549684482,1.955892532,0.7597278036,0.08496179598,0.4381858316,0.7633952375,0.03750660084,0.4499649071
2024-04-10,2024-09-13,-0.15443422,0.3363976,0.3363976,0.4908318,-0.07870206237,-0.06513551623,-0.05197618902,0.018545272,0.19808821,96.64384723,4.693016802,1.942962752,0.8176322189,0.1189622764,0.450503821,0.8208144522,0.05054559214,0.4623385806
2024-05-12,2024-07-27,-0.12683439,0.35208613,0.35208613,0.47892052,-0.01423689676,-0.001083046664,0.008554765722,0.092379704,0.199608,96.93332314,4.910826516,1.920148411,0.8152120832,0.1239297585,0.4552361759,0.818708516,0.05072684314,0.4765613243
2024-03-13,2024-07-15,-0.14063467,0.36775947,0.36775947,0.5083941,-0.05827317759,-0.04537141696,-0.03026608191,0.05983922,0.20905876,96.92473412,3.972747969,1.916551682,0.8173313345,0.1042040869,0.4736415764,0.8183922285,0.05020675017,0.4730397706
2024-01-25,2024-04-10,-0.17951973,0.38875705,0.38875705,0.56827676,-0.07360421121,-0.05299005285,-0.04071491584,0.014905156,0.104845814,96.88296318,3.808105636,1.908929725,0.745977455,0.07177591518,0.475230994,0.7468567432,0.03585786947,0.4736194694
2024-03-05,2024-09-01,-0.21191955,0.27841014,0.27841014,0.49032968,-0.1364337876,-0.1153586321,-0.08692801371,-0.22717448,-0.012895945,96.35926485,5.214579736,1.879814521,0.8165589863,0.1317942967,0.4506150582,0.820285494,0.04872444375,0.4621258752
2024-01-17,2024-04-10,-0.12612091,0.4549831,0.4549831,0.581104,-0.01224415423,0.008068039082,0.02254218888,0.1719316,0.2504042,96.91708088,3.902833727,1.871877972,0.7437367646,0.07312289784,0.4767273671,0.7445263636,0.03476523334,0.4725680483
2024-02-18,2024-06-29,-0.25116244,0.23323378,0.25116244,0.48439622,-0.1461417973,-0.128728047,-0.1052112617,-0.24358109,0.047263123,96.83418274,4.969496585,1.870340961,0.7532911579,0.09017922419,0.4361812043,0.7580272144,0.03556353177,0.4570428798
2024-03-01,2024-06-21,-0.2449774,0.22861825,0.2449774,0.47359565,-0.1545932293,-0.1390909553,-0.1196959317,-0.36692658,-0.16403122,96.92221284,3.742562171,1.87012401,0.7502324999,0.07109229041,0.4702137115,0.7510865666,0.03499618019,0.463225058
2023-11-26,2023-12-24,-0.09640912,0.48088664,0.48088664,0.5772958,0.02718754113,0.03643454984,0.05089142546,0.20529872,0.28354797,96.94829583,3.68015005,1.869264216,0.7488143698,0.06871396242,0.4640627454,0.7505700562,0.03581556315,0.4762098021
2024-02-10,2024-09-01,-0.23447198,0.23575696,0.23575696,0.47022894,-0.1423551999,-0.105723992,-0.07572658733,-0.0933578,0.18068822,96.84055448,4.755164825,1.864640185,0.8276797339,0.1243392344,0.4342323179,0.832053055,0.05047705648,0.449550527
2024-03-13,2024-03-17,-0.062032342,0.26159918,0.26159918,0.32363153,0.05017676111,0.06069058552,0.07287419215,0.14086956,0.12470369,96.65605426,3.829559819,1.847199442,0.7401804026,0.0729095647,0.4937494099,0.7402136685,0.03475449332,0.4879419019
2024-03-25,2024-05-16,-0.17675078,0.16441098,0.17675078,0.34116176,-0.03740858659,-0.02592630871,-0.01668822113,0.22966988,0.5185093,96.54223919,4.66716375,1.839641522,0.7486850414,0.09023848619,0.4828087992,0.7501300508,0.03651580143,0.4956601995
2024-03-13,2024-09-13,-0.19706528,0.42135265,0.42135265,0.6184179,-0.09634919465,-0.07811154053,-0.05378603656,-0.03274906,0.13828099,96.3519752,4.896239214,1.838521373,0.8165437997,0.1228164821,0.4472121704,0.8200222592,0.04681900505,0.4540180152
2024-03-01,2024-06-29,-0.24621691,0.22267291,0.24621691,0.46888983,-0.1535103321,-0.1394482255,-0.1224789582,-0.27983716,-0.06903105,96.93458676,3.651514757,1.82413024,0.7507564384,0.06883966628,0.4650743667,0.7520089731,0.0343406835,0.4644188075
2024-02-18,2024-06-21,-0.23801512,0.23319484,0.23801512,0.47120994,-0.1468352377,-0.1273630261,-0.1087650917,-0.20743473,-0.004863673,96.937114,3.546654749,1.817260102,0.7491253229,0.06707672452,0.4705156699,0.7499403383,0.03395767354,0.4648812129
2024-03-01,2024-09-13,-0.18220353,0.32549062,0.32549062,0.5076941,-0.112478856,-0.09499074519,-0.06485728733,0.041871548,0.21129662,96.86034918,3.721156266,1.79339541,0.8218106648,0.09702018584,0.456059546,0.8236222118,0.04709408688,0.4593330376
2024-03-13,2024-06-21,-0.12351168,0.36007106,0.36007106,0.48358274,-0.02307584323,-0.01290695649,2.08E-05,0.062549636,0.17601976,96.76826596,3.725350666,1.784717341,0.7435178436,0.06933566697,0.4737158831,0.7445064203,0.03315485382,0.472831152
2024-02-06,2024-05-04,-0.20280628,0.34464702,0.34464702,0.5474533,-0.1027305834,-0.07360929251,-0.05454038456,-0.04187357,0.050951112,96.91115618,3.610861847,1.764790033,0.7548516192,0.06688233242,0.4469856134,0.7571051114,0.03330194653,0.4553754196
2024-03-13,2024-07-03,-0.16191849,0.33069614,0.33069614,0.49261463,-0.0702550672,-0.06103072315,-0.05032440275,-0.018243007,0.122235745,96.91408873,3.503842939,1.760418746,0.74514462,0.06624322527,0.479051,0.7455676759,0.03267567205,0.4703200099
2024-02-22,2024-06-21,-0.19834544,0.22942242,0.22942242,0.42776787,-0.09557405114,-0.08396679163,-0.06738791615,-0.040967084,0.15301478,96.84294462,3.485001524,1.757998489,0.7524012444,0.06615137996,0.4654089354,0.7533961334,0.03296224047,0.4597238205
2023-12-08,2023-12-24,-0.07606816,0.43901467,0.43901467,0.51508284,0.01152335666,0.01831107214,0.02394256368,0.16687281,0.25603256,96.93777561,3.52561043,1.756802883,0.7473394485,0.0658065392,0.4672936495,0.7489586316,0.0337142428,0.4804470424
2024-02-10,2024-06-21,-0.23450682,0.24389754,0.24389754,0.47840434,-0.1351690553,-0.1214700378,-0.08604856022,-0.14458688,0.0748129,96.91077471,3.626540199,1.747016417,0.759334761,0.06949062527,0.454885046,0.7609387215,0.03328215187,0.4522539289
2024-01-17,2024-02-22,-0.1441818,0.26617795,0.26617795,0.41035974,-0.01669805311,-0.001622452284,0.01308599394,0.10933379,0.20355187,96.71410322,4.762273524,1.738637663,0.7439376021,0.08341915551,0.438230422,0.7483676072,0.03184340249,0.4582067186
2024-02-18,2024-09-01,-0.2777334,0.26240617,0.2777334,0.54013956,-0.1628227979,-0.1301589459,-0.09195697494,-0.12348453,0.0900732,96.73812985,4.192520082,1.719704136,0.818631237,0.107015041,0.4528581778,0.8213865241,0.04509028655,0.4651808242
2024-01-25,2024-03-13,-0.05748952,0.39082548,0.39082548,0.448315,0.08579239249,0.1121431775,0.1310629994,0.42812678,0.51178765,96.86190486,4.086197703,1.717249222,0.7426553783,0.0752728716,0.4694638942,0.7445382256,0.03248943951,0.4821608886
2024-04-22,2024-06-29,-0.16860296,0.41895887,0.41895887,0.58756185,0.02383994265,0.03110941127,0.03753390908,0.1594975,0.24806055,96.85336351,4.153315561,1.715671376,0.743809284,0.07316943319,0.4429915498,0.7473695789,0.03177807579,0.4657514024
2024-04-06,2024-05-24,-0.1573944,0.18040067,0.18040067,0.33779508,-0.02742104512,-0.004596935818,0.007816015277,0.38332635,0.6145567,96.61047459,4.0015924,1.714142452,0.7453972837,0.07644193197,0.483903584,0.7465655738,0.03359754254,0.4965015806
2024-04-06,2024-09-13,-0.15962666,0.34947056,0.34947056,0.5090972,-0.07143656164,-0.06141876057,-0.04831730574,0.03861861,0.22095859,96.61748409,4.329465043,1.710168676,0.8182943976,0.109672858,0.4491347229,0.8213787702,0.04450525269,0.4614068441
2024-05-28,2024-06-29,-0.04689261,0.35315782,0.35315782,0.40005043,0.0773549825,0.08824993297,0.09534941614,0.17039599,0.18670085,96.66839242,3.479327392,1.694393099,0.7439947758,0.06535497292,0.4779992517,0.7448596901,0.03198336961,0.4803457106
2024-01-17,2024-02-10,-0.10862133,0.27809706,0.27809706,0.3867184,-7.84E-06,0.01572945807,0.0278465529,0.1666373,0.2271729,96.86164856,3.410329489,1.69304212,0.7519027092,0.06463126431,0.4657583668,0.7532409022,0.03241575805,0.4705467448
2024-02-10,2024-06-29,-0.26551208,0.22219229,0.26551208,0.48770437,-0.1633215994,-0.1501616389,-0.1004778668,-0.30636594,0.061460424,96.68779373,5.304629666,1.686398271,0.7617706857,0.09950153913,0.4336556797,0.7671663509,0.03291873057,0.4512874341
2024-06-09,2024-07-27,-0.11508714,0.1883872,0.1883872,0.30347434,-0.02338754665,-0.0158149451,-0.008373619523,0.29194376,0.56312233,96.6013968,4.436156888,1.676964643,0.814008357,0.1128135274,0.465114194,0.8170464045,0.04568846045,0.4982966061
2024-04-22,2024-07-27,-0.122510314,0.37051916,0.37051916,0.49302948,-0.03335360158,-0.02317081299,-0.01323643397,0.1305988,0.32136196,96.68591022,4.461729724,1.670661144,0.8200784712,0.1178272867,0.467481389,0.8220149243,0.04446193153,0.4711092823
2024-01-29,2024-02-10,-0.16327451,0.25038296,0.25038296,0.4136575,-0.01211516885,-0.0009206263057,0.008919137064,0.05459795,0.13047132,96.53396606,4.513053493,1.669852912,0.7536706852,0.08193615411,0.4368756404,0.7578149723,0.03146956031,0.4534873659
2024-04-22,2024-07-15,-0.13625777,0.37411666,0.37411666,0.5103744,-0.04791805055,-0.03353152797,-0.02463066671,0.07323002,0.21289735,96.87052369,4.040428162,1.651195304,0.8166249128,0.1028062748,0.457938569,0.8192321775,0.04367326671,0.4760276974
2024-06-29,2024-09-13,-0.15969534,0.33100018,0.33100018,0.49069554,-0.07104768604,-0.0613204129,-0.04782892857,-0.028460339,0.1296552,96.5660274,3.540855298,1.648377939,0.8158749445,0.0927492843,0.4782662108,0.8161685598,0.0417290382,0.4622201698
2024-01-29,2024-07-15,-0.21173646,0.3612252,0.3612252,0.5729616,-0.09301035106,-0.07374679297,-0.04841536283,0.16612458,0.35022658,96.61152959,3.474525206,1.642036481,0.8344040853,0.09560971035,0.4451965066,0.8365195792,0.04551503622,0.4484533814
2024-04-10,2024-06-09,-0.15271217,0.3047889,0.3047889,0.45750105,-0.04572945088,-0.03826202638,-0.03415903449,-0.022112649,0.07953863,96.79358006,3.496479731,1.635513174,0.7451089703,0.06369384722,0.459115725,0.7469354464,0.0303980973,0.4684336178
2024-05-24,2024-07-27,-0.121342175,0.3434973,0.3434973,0.4648395,-0.02769734059,-0.01368639525,-0.001283299876,0.041411664,0.13472943,96.85744643,4.053901742,1.629464899,0.8130923636,0.1008869398,0.4563349908,0.8159520372,0.04257586862,0.4791158604
2024-01-29,2024-07-27,-0.17138925,0.4046371,0.4046371,0.5760263,-0.07741779834,-0.05643511191,-0.03227800503,0.15473598,0.3864369,96.44188285,4.55387501,1.629392648,0.8318529212,0.122978245,0.439107395,0.8358331997,0.04528953309,0.4519554807
2024-03-17,2024-06-21,-0.12842366,0.35577103,0.35577103,0.4841947,-0.03512544371,-0.01321343472,0.0008481926634,0.12105729,0.2446162,96.75516486,3.325147021,1.627933549,0.745779927,0.06270706886,0.4764680296,0.7463714821,0.03029019336,0.470103505
2023-12-12,2023-12-24,-0.10629114,0.44249475,0.44249475,0.54878587,0.02643788466,0.04577895626,0.0536259748,0.20363107,0.29406717,96.88600302,3.30529989,1.621774834,0.7492590335,0.06221798908,0.4680062128,0.7506451597,0.0311489832,0.4775290918
2024-03-05,2024-05-28,-0.1457486,0.2223395,0.2223395,0.3680881,-0.03976973146,-0.022463114,-0.001164943969,0.22607751,0.5417971,95.27104497,4.719857448,1.606816913,0.7447902655,0.08863161809,0.4747724696,0.7468187643,0.03107891651,0.4890184077
2023-11-18,2023-12-08,-0.12225108,0.2226551,0.2226551,0.34490618,-0.003584291087,0.01439726166,0.02785885893,0.45745993,0.61652523,96.02950811,3.397664061,1.606482962,0.7434501641,0.06557254313,0.4943871682,0.7436434023,0.03098870891,0.4941433527
2024-06-21,2024-07-27,-0.14303626,0.13133365,0.14303626,0.2743699,-0.0317222327,-0.02573479339,-0.01864433475,0.1657974,0.5256386,96.32076025,5.029363364,1.59057591,0.815473276,0.1317867808,0.4776272016,0.8177070356,0.04358520444,0.4994763206
2024-03-05,2024-07-15,-0.12961197,0.3193862,0.3193862,0.44899818,-0.04127852619,-0.03161394969,-0.0137308836,0.15020823,0.36932826,96.76203728,4.123167843,1.589966994,0.8213655521,0.1060739254,0.4486714023,0.8242669201,0.04176653038,0.4581324479
2024-01-25,2024-03-05,-0.17336795,0.26376423,0.26376423,0.43713218,-0.0336080119,-0.01134306472,0.003301746096,0.18040504,0.2721333,96.85790539,3.259002048,1.58531986,0.744753532,0.06257114874,0.4886381271,0.7450707115,0.03031326738,0.4866466138
2024-05-12,2024-08-20,-0.1435794,0.36091012,0.36091012,0.50448954,-0.05342347175,-0.0391228497,-0.03053009696,0.07269835,0.27230227,96.43362761,4.841981466,1.583508396,0.8152023308,0.1217923162,0.4535031182,0.8188222945,0.04146624382,0.4721259124
2024-02-06,2024-02-18,-0.117032774,0.24220161,0.24220161,0.3592344,-0.02921832353,-0.008754416369,0.008337005042,0.0028576567,0.0818712,96.60254121,4.400053754,1.58069583,0.7485567968,0.0799400742,0.4486042693,0.7521953306,0.03021746509,0.4720266935
2024-02-06,2024-03-01,-0.15530257,0.23320118,0.23320118,0.38850373,-0.04722285643,-0.01872040331,-0.008554616012,-0.029053938,0.0849167,96.63611054,3.928330422,1.578745067,0.7505263447,0.07376254161,0.4629765868,0.7526909688,0.03050570819,0.4764312846
2024-02-06,2024-03-05,-0.16388552,0.25846294,0.25846294,0.42234844,-0.02678938303,-0.009376962669,0.00487230299,0.08073114,0.19293271,96.49870992,4.083813438,1.572242525,0.7499649585,0.07501621885,0.4521079914,0.7529987558,0.03015678711,0.4720830844
2024-04-06,2024-06-21,-0.14670886,0.31269607,0.31269607,0.45940495,-0.04362235218,-0.0366486907,-0.02769977879,0.04690781,0.17283292,96.87018394,3.288191238,1.569930509,0.7462220228,0.06125231223,0.4689305882,0.747404763,0.02947309206,0.4725942289
2024-03-05,2024-07-03,-0.26922208,0.28023857,0.28023857,0.54946065,-0.1460093707,-0.1260218918,-0.1133677289,-0.19501832,-0.00015340777,96.83836102,3.192806459,1.568994993,0.7469210932,0.06040115058,0.4758550396,0.7474200822,0.02911525784,0.4667680678
2024-02-06,2024-04-22,-0.16393985,0.3782251,0.3782251,0.5421649,-0.03585519642,-0.02382719144,-0.001417065447,0.055529784,0.1966484,96.67815566,4.246810503,1.559381941,0.7578810815,0.07871350753,0.4391874649,0.7614972176,0.02963610058,0.4503312792
2024-01-25,2024-02-10,-0.19231689,0.24678777,0.24678777,0.43910468,-0.02353354823,-0.01492590457,-0.006739705452,0.036713287,0.11376981,96.6886878,3.278798677,1.552590396,0.7498349077,0.06344351258,0.4817434609,0.7503984614,0.02990800662,0.479594211
2024-04-10,2024-06-29,-0.16239583,0.36114243,0.36114243,0.52353823,-0.04136903957,-0.03612761572,-0.02593363263,0.07160982,0.21120428,96.83760405,3.710580908,1.548310871,0.7476686399,0.06847460183,0.4601983748,0.7497727751,0.02934004471,0.4725633961
2024-02-18,2024-06-09,-0.14316405,0.3280161,0.3280161,0.47118014,-0.04119388759,-0.02772860788,-0.008625340648,0.12809177,0.2810523,96.80619836,3.174293244,1.54252688,0.7534426625,0.05983430318,0.459960359,0.7547118302,0.02899916574,0.4587435537
2024-02-06,2024-02-22,-0.11520881,0.2555219,0.2555219,0.3707307,-0.008893307298,-0.003564143786,0.004679830046,0.083976656,0.14618625,96.75037265,3.234364637,1.538429304,0.7513767327,0.0613256349,0.4674083009,0.7524301446,0.02906402497,0.4657164326
2024-03-17,2024-06-29,-0.17413113,0.33910236,0.33910236,0.5132335,-0.06431608647,-0.04640508443,-0.02889142558,0.092833646,0.25052288,96.7094481,3.398042806,1.538115528,0.751098499,0.06439300665,0.467481059,0.7522902872,0.02911111502,0.4669001834
2024-01-17,2024-02-18,-0.13082425,0.25105235,0.25105235,0.3818766,-0.04272878729,-0.0004159261007,0.01613639481,0.114201345,0.19457558,96.67270184,3.160711985,1.537148788,0.7433824945,0.05921341783,0.4781667888,0.7440664276,0.0287482455,0.4773529827
2024-07-03,2024-09-13,-0.16750014,0.32833275,0.32833275,0.4958329,-0.07723822445,-0.06409589946,-0.0440559797,-0.06862494,0.117240034,96.51200771,3.685350224,1.536931666,0.8149541077,0.09514573089,0.4725064315,0.8155034255,0.03795270889,0.4519448107
2024-03-25,2024-05-12,-0.15323229,0.16156977,0.16156977,0.31480205,-0.03784940392,-0.03149756044,-0.01787625253,0.3256915,0.592652,96.47994041,3.625600943,1.531132006,0.7464109578,0.06978340713,0.4861504125,0.7473718891,0.03022345793,0.4985843715
2024-05-28,2024-07-27,-0.13708708,0.3039046,0.3039046,0.44099167,-0.03119237348,-0.02290953975,-0.01342254714,-0.0047695404,0.102737695,96.73278928,3.907951715,1.527991114,0.8126054024,0.09681306778,0.4556523992,0.8153823847,0.03966414441,0.4774480572
2024-04-10,2024-09-01,-0.19347338,0.2975844,0.2975844,0.4910578,-0.1234579012,-0.1032763943,-0.07574064285,-0.0877742,0.1771363,95.89033127,4.248906898,1.523509553,0.8173617905,0.1083251492,0.45612811,0.8196582624,0.0385764112,0.4530137636
2024-05-16,2024-07-27,-0.10482901,0.36010644,0.36010644,0.46493545,-0.01400416624,0.008643788286,0.02045048587,0.10788094,0.22816168,96.56098485,3.986642677,1.514278642,0.8150695441,0.1001033474,0.4554317043,0.8178696894,0.03966705372,0.4751230703
2024-03-05,2024-06-21,-0.20289306,0.24677575,0.24677575,0.44966882,-0.114077691,-0.1068872735,-0.09662167728,-0.23396233,-0.027996112,96.84103727,3.067191401,1.500582877,0.7479899421,0.05805304828,0.4739584561,0.7485945143,0.02797965169,0.4669156627
2024-05-24,2024-08-20,-0.1254258,0.377393,0.377393,0.5028188,-0.03707968444,-0.02241433412,-0.01093035843,0.089331694,0.23194231,96.68993354,4.476783756,1.495295772,0.8126454944,0.1093701444,0.4458781188,0.816634443,0.03861752812,0.4713471202
2024-01-29,2024-06-21,-0.2097993,0.3021315,0.3021315,0.5119308,-0.09747163206,-0.08131219447,-0.06169876829,0.039717965,0.229561,96.52805328,3.802036596,1.476221647,0.760258122,0.06998310413,0.4317313722,0.7639067709,0.02818083666,0.4477535239
2024-05-16,2024-08-20,-0.14617586,0.36749622,0.36749622,0.5136721,-0.05603163596,-0.03175311349,-0.02118087746,0.07612906,0.24751365,96.69919014,4.433044755,1.47541387,0.8139133714,0.1072702519,0.4367122706,0.8187088645,0.03861600743,0.4723584813
2024-06-09,2024-09-01,-0.18414885,0.30775154,0.30775154,0.49190038,-0.1092486791,-0.08143457025,-0.05258589052,-0.07372004,0.104230545,96.54943943,3.754783786,1.474693303,0.8138308181,0.09520461063,0.4654667668,0.8151911056,0.03680745958,0.45819439
2024-03-01,2024-06-09,-0.16661374,0.27504066,0.27504066,0.44165438,-0.07669487596,-0.06243183091,-0.05013087764,-0.059202835,0.15192097,96.7348218,3.485040454,1.474404034,0.7472165092,0.06397238194,0.4587371086,0.7489109023,0.02713480008,0.4599274083
2024-01-25,2024-02-22,-0.12813897,0.2596025,0.2596025,0.38774145,-0.01802149229,-0.007029230474,0.006066046422,0.12851372,0.20857579,96.72973156,2.997310837,1.463577814,0.7466584157,0.0566787454,0.4763890563,0.7474170456,0.02774427885,0.4775633114
2024-02-10,2024-09-13,-0.16945656,0.32611755,0.32611755,0.49557412,-0.07881679386,-0.04554552585,0.01875065546,0.27319533,0.44853783,96.56313062,3.4583411,1.443708935,0.8325830122,0.09137482303,0.4294488781,0.8356168095,0.03873295001,0.4360674607
2024-03-25,2024-06-29,-0.05838654,0.45871285,0.45871285,0.5170994,0.03665916249,0.05103495717,0.06389824301,0.27835035,0.40240017,96.77569866,3.489553304,1.437928897,0.74732312,0.06447129063,0.4619238892,0.7491792346,0.02715394363,0.4721384785
2024-05-04,2024-07-15,-0.10780248,0.37122586,0.37122586,0.47902834,-0.02470163815,-0.005011655856,0.008385597728,0.09544842,0.20878488,96.67740464,3.468239415,1.437639895,0.8148447988,0.08753507919,0.4603774764,0.8168049541,0.03724682084,0.4725851844
2024-05-12,2024-07-03,-0.039548993,0.39583808,0.39583808,0.43538707,0.0740789324,0.07840809971,0.08198925108,0.2360602,0.30369848,96.74912095,3.374129865,1.430864544,0.7470395906,0.06468387515,0.4827006659,0.7474296885,0.02686996663,0.4728378856
2024-02-06,2024-03-13,-0.14303581,0.24795033,0.24795033,0.39098614,-0.03760108631,-0.01752577163,-0.001414632279,0.12219856,0.22633204,96.49816751,3.13082971,1.417698765,0.7528499199,0.0592113223,0.4630420234,0.7543115469,0.02721094458,0.4699317093
2024-01-29,2024-03-25,-0.14039733,0.288321,0.288321,0.42871833,-0.03877621517,-0.01183557138,0.004321733955,0.09008781,0.21430317,96.69114351,3.5041479,1.416542757,0.7596862595,0.06360285082,0.4268865979,0.7633031182,0.02691078889,0.4468019994
2024-01-13,2024-01-29,-0.16022286,0.3496731,0.3496731,0.5098959,-0.05242609605,-0.03055694699,-0.01819229685,0.1795746,0.35913098,96.56991363,3.13884906,1.412952073,0.7611119667,0.06160210697,0.4644551947,0.7623440789,0.02774111349,0.4646384525
2024-03-13,2024-06-29,-0.15202901,0.35959488,0.35959488,0.51162386,-0.04896902852,-0.03620706871,-0.02401469648,0.05166957,0.20441337,96.60605788,3.145004758,1.411343394,0.7490360111,0.05956813321,0.4720044149,0.7497454433,0.02620742491,0.462748514
2023-12-12,2024-09-13,-0.3175134,0.4340939,0.4340939,0.7516073,-0.2417834252,-0.1896413043,-0.08590552583,0.040198255,0.27461576,95.98917365,4.225407107,1.409119799,0.8285748063,0.109873839,0.4304733222,0.8327180003,0.03732635666,0.4385262726
2024-01-25,2024-03-01,-0.16683798,0.26825538,0.26825538,0.43509334,-0.03049853072,0.003808225272,0.01948598772,0.16943567,0.25330323,96.77097201,2.892258651,1.393133604,0.7451866735,0.05545420808,0.4871349704,0.745406315,0.02638415131,0.4811741521
2023-12-20,2024-09-13,-0.20716348,0.6015681,0.6015681,0.80873156,-0.1336673386,-0.09837479889,0.0412394749,0.28794816,0.40310773,96.45884633,3.282696797,1.391456151,0.8294914796,0.08706016063,0.4421276408,0.8321751726,0.03838637542,0.4599033314
2024-05-28,2024-08-20,-0.13197027,0.3585173,0.3585173,0.49048758,-0.04501539096,-0.03284370899,-0.02585042641,0.051154822,0.20441155,96.6545105,4.167209046,1.37966844,0.8125432096,0.1017753046,0.4470446342,0.8162783954,0.03583400991,0.4754167103
2024-03-25,2024-06-21,-0.065603845,0.4344795,0.4344795,0.5000833,0.03365131281,0.05223730579,0.06526920199,0.26989007,0.3696892,96.73707485,2.871884018,1.379550515,0.7445696545,0.05391381239,0.4770434476,0.745034225,0.02546419701,0.4690478684
2024-03-05,2024-06-29,-0.21214241,0.21853687,0.21853687,0.43067926,-0.1138982698,-0.1025741324,-0.0847535152,-0.22063565,0.057733294,96.67486548,3.850097918,1.375184771,0.7556609941,0.0709548272,0.4420819324,0.7589080385,0.02613625401,0.4559055532
2024-05-24,2024-06-29,-0.060581386,0.36063355,0.36063355,0.42121494,0.05064849369,0.06790075451,0.0774140209,0.14552456,0.18472195,96.35311365,3.473730451,1.371313962,0.7442333286,0.06397783409,0.4668150336,0.7457924938,0.02557944637,0.4727871444
2023-08-22,2024-01-29,-0.17570366,0.7452371,0.7452371,0.92094076,-0.0434875153,0.03735200316,0.1332656145,0.35316548,0.30282816,89.48373199,7.453828417,1.359373441,0.7496743601,0.1329786311,0.4272368984,0.7591096035,0.02543383038,0.4480632008
2024-03-25,2024-07-03,-0.05924183,0.45818815,0.45818815,0.51742995,0.04291913286,0.05038490891,0.06237339228,0.30066183,0.4494993,96.35486007,3.462387127,1.347977059,0.7447741233,0.0635175684,0.4635866617,0.7463621887,0.02482405868,0.4653749263
2024-03-25,2024-06-09,-0.061895445,0.42905867,0.42905867,0.4909541,0.03585355356,0.04267161153,0.05198637024,0.23021126,0.33405036,96.6519177,2.89370366,1.343931033,0.7443225579,0.0546028439,0.4803001174,0.7446484075,0.02479999205,0.4697059298
2024-01-29,2024-09-13,-0.212757,0.29021108,0.29021108,0.5029681,-0.1456288844,-0.1059707366,-0.0452590771,0.04992567,0.32466927,95.7975924,3.750088507,1.341185515,0.834923205,0.09978127585,0.4240809957,0.8387857152,0.03632860753,0.4317190109
2024-05-12,2024-07-15,-0.1369902,0.34727642,0.34727642,0.48426664,-0.03104693256,-0.01430609217,-0.001971834281,0.037254773,0.15248151,96.59599662,3.75873747,1.333267835,0.8166456929,0.09519950087,0.4560166055,0.8189581064,0.03426491918,0.46272215
2024-01-25,2024-02-18,-0.17733717,0.24381422,0.24381422,0.4211514,-0.04603205249,-0.006795044057,0.0142701338,0.048024997,0.18243645,96.7056036,3.254522518,1.319365872,0.7442466949,0.06036353597,0.4708402708,0.7456743642,0.02506016004,0.4821751273
2023-11-14,2023-11-18,-0.08975118,0.1316804,0.1316804,0.22143158,0.02441391908,0.02836230397,0.03379354719,0.39767858,0.44278404,95.0869143,3.507471421,1.310984817,0.7396378373,0.06197769533,0.4544143699,0.7426022742,0.02503550513,0.4910994764
2024-01-29,2024-02-18,-0.14758064,0.19917202,0.19917202,0.34675264,-0.04940311238,-0.02703901008,-0.01176680485,-0.016984422,0.08004663,95.93520761,2.986184265,1.304337774,0.7581848947,0.05599968519,0.4476059132,0.7599362462,0.02443705181,0.4471832936
2024-03-13,2024-03-25,-0.07541736,0.23721345,0.23721345,0.3126308,0.01321291528,0.02587810531,0.03721167892,-0.007322544,-0.001901818,95.94749808,3.065745056,1.285800653,0.7407148271,0.05813695084,0.4905998632,0.7407972687,0.02389574595,0.4807930259
2024-01-29,2024-07-03,-0.27359223,0.25702205,0.27359223,0.53061426,-0.162932992,-0.1473219022,-0.1300225072,-0.19543979,-0.075741276,96.30887508,3.194482376,1.282734883,0.7610532385,0.05866613677,0.4306893744,0.7641376111,0.02448311876,0.4476174383
2024-05-04,2024-06-09,-0.08615232,0.40598005,0.40598005,0.49213237,0.06681980751,0.07558678091,0.08241395652,0.16185819,0.23373452,96.58708572,2.896810431,1.281795627,0.7413830474,0.05370541983,0.4769915698,0.7419523812,0.02342600393,0.4702102474
2024-04-22,2024-07-03,-0.08150306,0.42946365,0.42946365,0.5109667,0.02775140852,0.03531132266,0.04011756927,0.19558926,0.31183594,96.49391174,3.447914043,1.280331252,0.7473377388,0.06293161932,0.4555690809,0.7493964866,0.02363432892,0.4607471882
2023-11-14,2024-11-16,-0.25738946,1.3186669,1.3186669,1.5760564,-0.07300708257,-0.03208195046,0.03911347687,0.19476013,0.13776754,93.79672408,4.616588419,1.266839779,0.8641420184,0.1686732839,0.4945302596,0.8645516786,0.04644533825,0.4962358846
2024-01-29,2024-05-16,-0.22078936,0.28450525,0.28450525,0.5052946,-0.09686209261,-0.08255459368,-0.05979399383,-0.016491335,0.19147345,96.53018117,3.589620208,1.251522679,0.7646466157,0.06685933855,0.428848902,0.7683812426,0.02419538309,0.4451275834
2024-05-16,2024-06-09,-0.06135486,0.38948834,0.38948834,0.45084321,0.09139721841,0.1036701873,0.1158343256,0.14508612,0.14607374,95.38974166,2.841181315,1.247870399,0.7450275527,0.05403183757,0.4830603459,0.7455464734,0.02369012648,0.4822236399
2024-02-22,2024-06-29,-0.22958793,0.20109409,0.22958793,0.430682,-0.1375262439,-0.1215936691,-0.09246533364,-0.14015892,0.116047844,96.24093771,3.308999374,1.224862254,0.7602711271,0.06094500059,0.4334155768,0.7634653205,0.02344924141,0.4505102342
2024-04-06,2024-06-29,-0.18026243,0.31810653,0.31810653,0.49836898,-0.06372095644,-0.05579884723,-0.04674592614,0.017624065,0.22883981,96.53612375,3.22576683,1.212435173,0.7492977254,0.0594285198,0.4567272157,0.7512188655,0.02269716854,0.4640962994
2024-06-21,2024-09-13,-0.17751704,0.33185866,0.33185866,0.5093757,-0.07151960582,-0.05742207915,-0.05021648481,0.023309615,0.20875463,95.70883512,2.818926405,1.184964567,0.8156844112,0.07252582063,0.4698347851,0.8161247892,0.02899366978,0.4468215159
2024-02-22,2024-05-12,-0.13323009,0.22052696,0.22052696,0.35375705,-0.04235272668,-0.01207010262,0.008936556056,0.31945378,0.5968522,92.23338962,3.800519336,1.183390483,0.7541381458,0.07448750185,0.4786985286,0.7553822989,0.02345806833,0.4841565419
2024-01-29,2024-04-10,-0.1359222,0.31446448,0.31446448,0.45038667,-0.02649316937,-0.01396089606,-0.001637837966,0.14821249,0.3021609,96.19043469,3.046513409,1.179994711,0.7618133135,0.05683289556,0.4372005882,0.7641600088,0.02201793003,0.4373010042
2024-01-29,2024-03-17,-0.2527213,0.3305925,0.3305925,0.5833138,-0.0609626323,-0.02939887345,-0.009843077743,0.08381662,0.22191526,96.44693732,2.704190672,1.178405201,0.7603646915,0.05159796894,0.4523217912,0.76167387,0.02217741935,0.4461373391
2024-05-04,2024-07-03,-0.057721492,0.38928327,0.38928327,0.44700477,0.04997805506,0.05576226488,0.06073208153,0.2261324,0.3224667,96.34477496,3.120497892,1.172697414,0.7422507756,0.05625843813,0.4602106969,0.7438287259,0.02119686279,0.4614010227
2024-04-22,2024-06-21,-0.05213283,0.43187296,0.43187296,0.4840058,0.04501156136,0.05691452697,0.06730725616,0.22034813,0.31906727,96.44747972,2.653649881,1.172147495,0.7457283698,0.05021523879,0.4790570205,0.7460142064,0.02151959159,0.4647796024
2024-05-16,2024-06-21,-0.029539773,0.40513662,0.40513662,0.43467638,0.08645852655,0.1066080555,0.1335353106,0.20977697,0.25814506,96.39050961,2.691150267,1.171660705,0.7476829503,0.05174339444,0.4834202883,0.748088244,0.02233179907,0.4792142813
2024-05-28,2024-07-15,-0.13263647,0.29915377,0.29915377,0.43179023,-0.02081483789,-0.004998561926,0.008266724879,0.0049370117,0.115410455,96.33576274,3.062418462,1.15374936,0.8145322954,0.07737007283,0.4628190899,0.8161500323,0.02969030654,0.4714178263
2024-05-04,2024-07-27,-0.12560731,0.36861107,0.36861107,0.49421838,-0.03991926461,-0.02290778048,-0.01201458601,0.07637703,0.26561514,96.23914361,3.791777029,1.139751198,0.8151702871,0.09496073846,0.4541834188,0.8177886442,0.02906270293,0.4624405705
2024-01-29,2024-05-12,-0.26370695,0.28951198,0.28951198,0.55321896,-0.1239297614,-0.09355397522,-0.07520183921,0.015337008,0.12611924,96.15121484,2.728611331,1.138233938,0.7660435786,0.05145220928,0.4344119049,0.7685094872,0.02228728058,0.4510917862
2024-02-10,2024-06-09,-0.25119796,0.21066988,0.25119796,0.46186784,-0.1418233365,-0.1270738393,-0.1015840173,-0.18121564,0.12173913,96.22533321,3.096293984,1.134043411,0.7604763185,0.05726253342,0.4355967798,0.7631264658,0.02123322653,0.4410040775
2023-08-10,2023-12-12,-0.1506533,0.5122965,0.5122965,0.6629498,-0.06914103776,-0.0413145721,0.05639698077,0.35677752,0.41098183,91.37716293,6.776214683,1.129044596,0.7440011683,0.1243338514,0.4596999302,0.7491443155,0.021896858,0.4858955408
2024-02-18,2024-09-13,-0.18887839,0.32097766,0.32097766,0.50985605,-0.1019782498,-0.04114213213,-0.0161862243,0.21849957,0.3987259,95.50378323,2.825651795,1.129016861,0.8277985328,0.07418927678,0.4437847107,0.8299109196,0.03024903038,0.4528567768
2024-01-29,2024-03-05,-0.1624942,0.23828904,0.23828904,0.40078324,-0.01814641804,-0.001152741781,0.01362901833,0.20259805,0.2825592,95.37471533,3.090297195,1.12631261,0.7588452641,0.05647747363,0.4331805854,0.7614809613,0.02060751082,0.4336711784
2024-03-05,2024-03-17,-0.082665294,0.26360312,0.26360312,0.34626842,0.03797335178,0.05085212365,0.07011220604,0.17296538,0.23195308,96.20789289,2.784792551,1.123737702,0.7405351187,0.0527779019,0.4907681521,0.7406030969,0.02083635876,0.4801467276
2024-03-13,2024-04-06,-0.073792025,0.25497234,0.25497234,0.32876438,0.04290924594,0.05228075013,0.05865778401,0.16030611,0.19981919,95.87756395,2.736267678,1.122580626,0.7416925562,0.05184112403,0.4881597378,0.7418118797,0.02075834186,0.4764542936
2024-05-04,2024-06-29,-0.05714188,0.41135514,0.41135514,0.468497,0.04276497103,0.05576662719,0.06460342743,0.20106824,0.30132055,96.20610476,2.958729085,1.121255077,0.7438648512,0.0532431154,0.4562648043,0.7456458253,0.02051987872,0.4640118564
2024-05-24,2024-07-15,-0.12126076,0.3464719,0.3464719,0.46773267,-0.02116037533,0.001502773259,0.0180961322,0.077208556,0.1727099,95.87597847,3.239060917,1.119665567,0.8139376941,0.07842838002,0.4413129308,0.8169751039,0.02861905479,0.4658643608
2024-04-10,2024-06-21,-0.15137613,0.32120916,0.32120916,0.4725853,-0.04641336296,-0.0373322051,-0.02907486446,0.063723244,0.22452629,96.36676311,2.590110854,1.112516278,0.7459180862,0.04887996226,0.4772758996,0.7462564832,0.02033651166,0.4623033927
2024-03-05,2024-06-09,-0.18963781,0.23682557,0.23682557,0.42646337,-0.09555941448,-0.0816767998,-0.07238682173,-0.1833539,0.076466,96.2212801,2.728746684,1.111733039,0.7534802675,0.05171320032,0.4634007368,0.7543025146,0.02032978977,0.4471475964
2024-05-12,2024-06-09,-0.07745949,0.33996713,0.33996713,0.41742662,0.06165948138,0.0693712011,0.07518951595,0.10611273,0.15009789,94.47972178,2.827414923,1.110334126,0.746864769,0.0539115929,0.4805692532,0.7474650862,0.02103839076,0.477553676
2024-03-17,2024-09-13,-0.18111353,0.28550884,0.28550884,0.46662235,-0.1082016155,-0.06213147938,-0.03789375722,0.10708672,0.35005125,95.55390477,3.161999312,1.074634292,0.8212954044,0.0819294048,0.45579087,0.8230700696,0.02764279783,0.4524899058
2024-01-29,2024-04-06,-0.1640686,0.3163618,0.3163618,0.48043042,-0.05649265833,-0.04676328041,-0.03527071513,0.084378704,0.23403303,96.23891115,2.653904343,1.059336423,0.7601230137,0.04998712183,0.446463574,0.7619523956,0.02021034856,0.4522234347
2024-04-06,2024-06-09,-0.1860593,0.2836977,0.2836977,0.469757,-0.07106270641,-0.0606771335,-0.05244037136,-0.07411312,0.1220759,96.41372561,2.478118945,1.05579615,0.7470297831,0.04703081413,0.4780314295,0.7473057799,0.01934470667,0.4615068774
2024-07-03,2024-08-20,-0.1500519,0.16716798,0.16716798,0.31721988,-0.04514167272,-0.03606437892,-0.02865879983,0.20633559,0.587438,95.58829069,3.832848187,1.054632145,0.8130644258,0.09600018888,0.4606582451,0.8160802453,0.02867098607,0.5
2024-04-10,2024-05-28,-0.16648223,0.16955154,0.16955154,0.33603376,-0.04901438206,-0.0361921601,-0.02109868824,0.32378304,0.5874639,96.07171416,3.228148267,1.048018389,0.7460561927,0.05975074893,0.4659648337,0.7482282965,0.02076469929,0.4987926038
2023-11-18,2024-11-16,-0.24195245,1.2529203,1.2529203,1.4948727,-0.06747398525,-0.0236447379,0.04288069531,0.1968248,0.14439566,91.8053329,4.337800732,1.029084166,0.8652691512,0.1597043052,0.4941771223,0.8656563515,0.03789465738,0.4942682326
2024-03-13,2024-06-09,-0.15326756,0.34167135,0.34167135,0.4949389,-0.06249840651,-0.04502265528,-0.03506584466,-0.02218373,0.18799321,95.96985579,2.605156509,1.027989667,0.7456992933,0.04871300663,0.472865312,0.7461570615,0.01843484676,0.4534998241
2024-04-22,2024-06-09,-0.14198644,0.41359678,0.41359678,0.55558324,0.04558083136,0.05504337512,0.05857602507,0.17582272,0.2941872,95.88984251,2.885647959,1.021630962,0.7453560584,0.05283810064,0.4622840234,0.7467924782,0.01876684824,0.4637696558
2024-02-22,2024-06-09,-0.21583991,0.2146603,0.21583991,0.4305002,-0.09509559534,-0.08283361793,-0.07212863304,-0.03149951,0.21490386,95.6284225,2.509114397,1.018587156,0.7582076536,0.04746939053,0.4529774246,0.7594900995,0.01902125124,0.4471201589
2024-05-04,2024-06-21,-0.038211152,0.39835295,0.39835295,0.4365641,0.05958960578,0.07898619771,0.09682546929,0.22933438,0.3206829,95.74103355,2.436358172,1.012445866,0.7435007088,0.04542972188,0.476112808,0.7440389748,0.01860057781,0.4691001213
2024-04-10,2024-07-03,-0.13138472,0.31888425,0.31888425,0.45026898,-0.04551948979,-0.03359985724,-0.02119860239,0.14265436,0.3451941,96.12232447,2.681000816,1.011358715,0.7475880176,0.04989706962,0.4664221371,0.7484520868,0.01830963362,0.4537070137
2024-06-09,2024-09-13,-0.1473638,0.33643836,0.33643836,0.48380214,-0.06563844532,-0.05171522871,-0.03829737753,0.10220263,0.2822187,96.0182786,2.34401893,0.9957361751,0.8145619455,0.05944476785,0.4662635362,0.8150609345,0.02413505562,0.4456387537
2024-03-05,2024-09-13,-0.13942152,0.28863975,0.28863975,0.42806128,-0.06619755179,-0.04615773261,-0.02213571034,0.16829185,0.37870508,95.22591829,2.817696898,0.9920479955,0.826308436,0.07388599237,0.4477324641,0.8282638943,0.02615127887,0.4501020557
2023-11-30,2024-11-16,-0.23408665,1.1396643,1.1396643,1.3737509,-0.06429761276,-0.01117240172,0.04132885672,0.20597318,0.14232528,92.98645258,4.412408585,0.991131977,0.8640405065,0.1604830438,0.49189468,0.8647030433,0.036447315,0.4973392623
2023-08-10,2024-01-29,-0.10848867,0.77007204,0.77007204,0.8785607,-0.02243609354,0.03235678375,0.1361595541,0.33536282,0.2967999,89.28260803,6.449795901,0.9818988477,0.7547881477,0.1164296215,0.4252398922,0.7636085478,0.01909350148,0.4580736544
2024-05-16,2024-07-15,-0.122886896,0.32087746,0.32087746,0.44376436,-0.03135263175,-0.007385694655,0.01121035521,0.06687488,0.21449518,96.17294669,2.441822258,0.9788566954,0.8172490834,0.06458989704,0.4809419366,0.8176232563,0.02538775234,0.4715711645
2023-12-12,2024-11-16,-0.16260105,1.0398144,1.0398144,1.2024155,-0.04529367015,-0.01676861197,0.0894336924,0.19632715,0.14847405,90.64689875,5.053105913,0.9778082431,0.8670070883,0.1824878891,0.4689628527,0.8699008164,0.0367141823,0.4875767211
2024-04-06,2024-07-03,-0.17483683,0.30248404,0.30248404,0.47732085,-0.06515533477,-0.05067809299,-0.0427756682,0.0662483,0.33499703,95.89928985,2.785111201,0.9645438033,0.746744755,0.05091723574,0.4588046072,0.748209272,0.01756307795,0.4569662921
2024-02-22,2024-05-16,-0.22195454,0.16595836,0.22195454,0.3879129,-0.1048921794,-0.06344264373,-0.04539926164,-0.050029553,0.274284,91.74715281,5.779315268,0.9607145283,0.7567033988,0.1066856417,0.4353231654,0.7638518605,0.01967563692,0.4829660826
2024-01-29,2024-09-01,-0.26435295,0.2577014,0.26435295,0.5220543,-0.1905396134,-0.1507931501,-0.1080901995,0.04454437,0.2532068,96.15912437,2.396692662,0.9459754319,0.8344727233,0.06377019397,0.4317195225,0.8365947196,0.02560426055,0.4391659665
2023-11-26,2024-11-16,-0.22449294,1.148703,1.148703,1.3731959,-0.06399525702,-0.04850960523,0.01315945364,0.19753358,0.1396238,90.52664638,4.388421428,0.9388226352,0.8641474372,0.1584149117,0.4859563048,0.8652673195,0.03445074172,0.4939972295
2024-01-29,2024-03-01,-0.12727001,0.21342848,0.21342848,0.34069848,-0.03622501902,-0.01428172551,-0.001934403612,0.07647323,0.26193595,93.93135309,3.199973412,0.938172381,0.7584836504,0.05876195012,0.4359787762,0.7616944614,0.0178907535,0.4527531767
2023-12-08,2024-11-16,-0.19719256,1.0687932,1.0687932,1.2659857,-0.06170525774,-0.03779248521,0.01882912777,0.2146102,0.14163756,89.83407617,4.046149974,0.9189352587,0.8643968452,0.1449839306,0.4801429848,0.8658923659,0.03387401877,0.4939403478
2024-02-18,2024-03-17,-0.10874386,0.23860008,0.23860008,0.34734392,0.02120108902,0.02715674415,0.0330818668,0.25673133,0.3908228,95.99673748,2.260130923,0.9134391479,0.7405166778,0.04250635836,0.4868972579,0.7406193683,0.01669583386,0.473200855
2024-03-17,2024-06-09,-0.19722919,0.24168192,0.24168192,0.4389111,-0.0960054826,-0.08496013284,-0.07211905718,-0.07581145,0.18807413,96.15184665,2.299399188,0.9033870506,0.7485789661,0.04344834763,0.4727009687,0.7490012988,0.01639069402,0.4538904899
2024-01-29,2024-04-22,-0.19951014,0.22440566,0.22440566,0.4239158,-0.08467278816,-0.07207773626,-0.05515693128,0.047708437,0.2915957,95.57867646,2.376101278,0.8916430769,0.7675420534,0.04499314777,0.4342597379,0.7695130463,0.01692579116,0.4353374929
2024-01-29,2024-06-09,-0.24743834,0.19150303,0.24743834,0.43894136,-0.1369388998,-0.1229442731,-0.09978469461,-0.12994961,0.14737852,93.98220181,2.567059276,0.8863687924,0.7628696154,0.04627111865,0.4200253307,0.7655826206,0.01602986454,0.4214215846
2024-03-05,2024-05-24,-0.14583457,0.2119445,0.2119445,0.3577791,-0.04979208112,-0.02505618148,-0.008331543766,0.2292998,0.33806503,92.59777069,3.694037298,0.8491491153,0.7442941692,0.069982288,0.4818915056,0.7454780025,0.01638857221,0.4909299949
2024-03-01,2024-03-17,-0.074569196,0.2618626,0.2618626,0.3364318,0.03299690597,0.04584277608,0.05599009991,0.19575487,0.29484856,94.57761645,2.412647997,0.8359150591,0.7431219066,0.04525185447,0.4799922067,0.7435044649,0.01519321794,0.4651353923
2024-07-03,2024-07-27,-0.08623505,0.104378015,0.104378015,0.19061306,-0.00549157057,0.002821931499,0.01140753296,0.31850109,0.51144344,93.79788041,3.074876566,0.8155812274,0.8140979248,0.07919237285,0.4747916961,0.8156481732,0.0221202372,0.5
2024-01-29,2024-02-22,-0.070094705,0.29418766,0.29418766,0.36428237,0.05361622572,0.06164208427,0.07082239538,0.34706452,0.43610093,92.95763373,2.514749934,0.8124565594,0.7589586973,0.04667469711,0.4419640292,0.7608523822,0.01490689637,0.4369052912
2024-05-12,2024-06-29,-0.04575799,0.3932199,0.3932199,0.43897787,0.06400671043,0.07656054944,0.08484665118,0.23797317,0.36325067,94.17439103,2.486223766,0.7698653729,0.7510561539,0.04808899845,0.479544398,0.7515062112,0.0143824101,0.4631697476
2024-03-13,2024-04-22,-0.048701983,0.24534155,0.24534155,0.29404354,0.0342786843,0.04540382698,0.05351852998,0.22210893,0.34288624,95.62467933,2.469633988,0.7693108745,0.7452664746,0.04541888352,0.465329429,0.7463816065,0.01402209065,0.461176913
2024-05-16,2024-07-03,-0.05106337,0.37373474,0.37373474,0.4247981,0.07517814636,0.08694441617,0.09587723017,0.28064883,0.41059864,95.69271803,2.039278751,0.7568136387,0.7473095011,0.03836274098,0.4733115662,0.7478182895,0.01388785014,0.4617002965
2024-03-01,2024-03-25,-0.078085795,0.23656401,0.23656401,0.31464982,0.02067754697,0.02933202032,0.0368196778,0.18701218,0.33091924,94.49303746,2.03667063,0.7189057533,0.7433768249,0.03807841912,0.4781273302,0.7436899586,0.01292610403,0.4598128961
2023-12-20,2024-11-16,-0.10930245,0.8942888,0.8942888,1.0035912,-0.03274507169,0.03669240326,0.1495566964,0.21387506,0.15439145,88.08361292,4.081440791,0.718544167,0.8713816065,0.1551062959,0.4837432227,0.8725177105,0.02747446284,0.4867149758
2024-04-06,2024-05-12,-0.16237052,0.12883303,0.16237052,0.29120356,-0.03798594326,-0.02012578025,-0.0123529993,0.33377048,0.5423646,93.66886616,2.293591239,0.7040086007,0.7501062082,0.04524311733,0.4922349976,0.750456623,0.01409468163,0.499589491
2024-01-29,2024-06-29,-0.24057035,0.22358842,0.24057035,0.46415877,-0.1363347061,-0.1154005229,-0.08250904642,0.02740993,0.4072746,92.37633348,2.783810692,0.670845634,0.765729289,0.04981218408,0.4102517519,0.7695347214,0.01203156316,0.4112008616
2024-01-13,2024-11-16,-0.18689784,0.86678004,0.86678004,1.0536779,-0.06379424036,-0.01090034377,0.02783472557,0.2419813,0.15003501,89.6093905,3.274858622,0.633554376,0.8656784462,0.1196164605,0.4876686317,0.8664036859,0.02341746616,0.4934946359
2024-03-01,2024-04-06,-0.03396518,0.26267898,0.26267898,0.29664415,0.04796887934,0.05947002582,0.06827873737,0.3447951,0.5362951,92.86439419,1.931376718,0.613756476,0.7443050168,0.0364233057,0.4808102745,0.7447143324,0.01138565136,0.4729586426
2024-02-22,2024-03-17,-0.20546003,0.19665867,0.20546003,0.40211868,-0.02497069724,0.0002302113426,0.01677050116,0.09790996,0.25667483,94.23864484,1.748316925,0.61362326,0.744113754,0.03267358283,0.4766922886,0.744409981,0.01101157809,0.4577298952
2023-12-24,2024-11-16,-0.10400146,0.90125436,0.90125436,1.0052558,-0.02600216167,0.05562713183,0.1482691169,0.23244792,0.17158975,87.49489188,4.233444166,0.6082767251,0.8701669853,0.1572704915,0.4742123767,0.8722788666,0.02354585924,0.4941204419
2024-03-13,2024-04-10,-0.062375598,0.2482044,0.2482044,0.31058,0.04156782385,0.05426577106,0.06059861928,0.21595657,0.3360549,93.27071309,1.814512047,0.5946647228,0.7425809736,0.03406888977,0.4821051373,0.7427227154,0.01059116769,0.4573148486
2024-01-17,2024-11-16,-0.16784461,0.62002724,0.62002724,0.78787184,-0.0434563607,-0.01147366688,0.0309216762,0.30273372,0.19078495,88.50154281,3.444779455,0.5925973103,0.8645396225,0.123453093,0.4806920604,0.8658553796,0.02203642701,0.4987787005
2024-05-16,2024-06-29,-0.04383507,0.3912461,0.3912461,0.43508118,0.06294479221,0.0801250115,0.09675139934,0.2694266,0.43154448,93.78728867,1.646360969,0.5682796874,0.7471448505,0.03082575976,0.4716898189,0.7475617241,0.01025610087,0.4546612328
2024-03-05,2024-03-25,-0.07607312,0.22221847,0.22221847,0.2982916,-0.00279250351,0.009466464631,0.02501916885,0.06656979,0.26714432,92.34604836,1.941501132,0.5663163619,0.7442963387,0.0361772622,0.4746340373,0.7447490447,0.01007171573,0.4530072788
2024-03-05,2024-04-06,-0.104385816,0.21666501,0.21666501,0.32105082,0.005983903771,0.01094808429,0.0177442953,0.12111048,0.30433014,92.73779392,1.765697905,0.5489602226,0.7444832788,0.0328472596,0.4736033748,0.7448622212,0.009694962341,0.4496113819
2024-03-05,2024-04-10,-0.104897045,0.18220085,0.18220085,0.2870979,-0.02255746257,-0.01815550961,-0.01149611827,-0.028222773,0.25165507,91.85652733,2.910046023,0.5460675327,0.7436545232,0.05120976208,0.445526839,0.7461993671,0.009548986759,0.4427228182
2024-03-01,2024-05-24,-0.24165897,0.14784019,0.24165897,0.38949916,-0.1069268864,-0.09207901731,-0.07033930905,-0.051456705,0.017260225,89.23488855,3.90939806,0.545561312,0.7495057116,0.07376744417,0.4679331841,0.7517822586,0.01053466525,0.4788573701
2024-02-18,2024-04-06,-0.13604972,0.19613458,0.19613458,0.3321843,-0.02810761146,-0.0115494011,-0.0009084690537,0.20103596,0.4802554,91.95446372,1.80077177,0.5362323871,0.7471930061,0.03370678401,0.4712662142,0.7477585269,0.009717089928,0.4562373567
2024-02-06,2024-11-16,-0.08884411,0.5391915,0.5391915,0.6280356,-0.001372115541,0.04561032355,0.1192767695,0.32233152,0.21515496,89.42353129,3.597784512,0.5219374109,0.8715950159,0.1303186878,0.4528074544,0.8748737423,0.02040780941,0.4887873754
2024-03-25,2024-05-04,-0.1189469,0.14626452,0.14626452,0.26521143,-0.008707148256,-0.005221216241,0.002324595,0.6115567,0.80860275,91.24115109,1.674549193,0.4612470142,0.7419913964,0.03236630275,0.4985977478,0.7420383592,0.00894022485,0.5
2024-08-20,2024-11-16,-0.14597204,0.29513666,0.29513666,0.4411087,-0.02075004857,0.002612137119,0.01428830647,0.16944458,0.3278293,86.30903363,3.805514481,0.4351513527,0.7940655287,0.08799160958,0.471073903,0.7958397509,0.009630654167,0.4508962383
2024-01-25,2024-11-16,-0.15531255,0.5834,0.5834,0.73871255,-0.03963651508,-0.0114814667,0.040765699,0.32153124,0.20211945,87.7121985,3.201779674,0.4264222867,0.8660331745,0.1139017797,0.4696716687,0.8679355295,0.01599883983,0.4953405625
2024-02-18,2024-03-25,-0.10690517,0.1944308,0.1944308,0.30133596,-0.02368885977,-0.01649811398,-0.00685493229,0.12845248,0.48831585,89.68091011,1.814584364,0.3934781414,0.7472302494,0.03387095847,0.4697712418,0.7479946427,0.007156362424,0.4577283588
2024-04-06,2024-05-16,-0.13917808,0.17369512,0.17369512,0.31287318,-0.01333774999,0.01612834632,0.02562483214,0.4556579,0.7816678,88.20006251,2.334701757,0.3504870404,0.7514764384,0.04558166119,0.4837222257,0.7522365134,0.007073016391,0.5
2024-01-29,2024-03-13,-0.15538786,0.20332225,0.20332225,0.3587101,-0.05542565882,-0.03843911365,-0.02537490614,0.12273505,0.304263,88.06472421,1.830248961,0.3435509951,0.7605348413,0.03308607627,0.4281343755,0.7626662303,0.006198967957,0.4273396425
2023-11-18,2023-11-26,-0.106780864,0.13507907,0.13507907,0.24185994,-0.006461200071,0.01875099819,0.03560963646,0.62342924,0.7876451,87.99487948,1.655841947,0.3324132201,0.7430249675,0.03218369761,0.4994317933,0.7430437847,0.006468285264,0.5
2023-11-18,2023-11-30,-0.07433555,0.17684262,0.17684262,0.25117818,0.01477090991,0.02224797755,0.03099276265,0.520978,0.7075427,87.30560541,2.615447191,0.3126551515,0.7423500811,0.05072301933,0.4996402679,0.7423688983,0.006067884457,0.5
2024-03-13,2024-05-04,-0.11678393,0.23231103,0.23231103,0.34909496,0.01085923612,0.02631783299,0.03819924966,0.27465633,0.5998337,88.45029473,1.41539316,0.2942588784,0.7430014984,0.02636014483,0.4774422645,0.7433695932,0.005211661145,0.4540427623
2024-03-17,2024-04-06,-0.08850706,0.15126432,0.15126432,0.2397714,0.0002328084083,0.01842126623,0.02896831557,0.11511904,0.10402073,87.46387959,1.457337163,0.2715512628,0.7403149127,0.02211224612,0.3891177054,0.7430275326,0.004282018202,0.4043941411
2024-04-10,2024-05-24,-0.14657031,0.17943318,0.17943318,0.3260035,-0.03356782906,-0.01294549089,0.00274372811,0.5398759,0.7267108,87.15832829,1.509409678,0.2571961784,0.7461172922,0.0289537758,0.4862035928,0.7465337808,0.00507357902,0.5
2024-06-09,2024-07-15,-0.09089112,0.1531915,0.1531915,0.24408263,-0.008858607151,0.00360937498,0.01263555302,0.55645627,0.77320176,86.90651059,1.486625648,0.2468187643,0.8162914125,0.03992724736,0.4928248285,0.8165047484,0.006725480962,0.5
2024-03-25,2024-11-16,-0.12855718,0.47362557,0.47362557,0.60218275,-0.02762512863,-0.02054328844,0.00765625434,0.24303897,0.19053946,83.84501338,3.630730727,0.1708723667,0.8643739424,0.1283306792,0.4722598106,0.8663312077,0.006180767161,0.4832980973
2024-03-01,2024-11-16,-0.11116785,0.5029811,0.5029811,0.614149,-0.02267328463,-0.009776700288,0.04201253131,0.23232055,0.16554245,83.48426819,2.775535943,0.1659680821,0.8684853008,0.1008534977,0.4722902553,0.8700234886,0.006384541342,0.5
2024-03-13,2024-05-12,-0.08130231,0.24557368,0.24557368,0.32687598,0.01497240923,0.02760718204,0.03567426093,0.2499127,0.62436914,85.02475619,2.003332379,0.1645217371,0.7468390131,0.03443420342,0.4303479893,0.7494142303,0.002855195242,0.4345054945
2024-06-21,2024-07-15,-0.101500645,0.098405845,0.101500645,0.1999065,-0.01232634299,-0.01002288144,-0.005600437522,0.50672644,0.70429534,84.78966355,1.442745062,0.1589127298,0.8168617706,0.03909055831,0.4958833275,0.8169805567,0.0043414166,0.5
2024-02-22,2024-11-16,-0.07356291,0.49440548,0.49440548,0.56796837,-0.001930185943,0.01530909725,0.09019889683,0.3439479,0.21353573,83.33647251,2.995576826,0.1362643905,0.8723269132,0.1107052599,0.4638214225,0.8744944273,0.005428619127,0.5
2024-03-13,2024-05-16,-0.13376121,0.2394823,0.2394823,0.3732435,0.00336891925,0.02827703208,0.03899414837,0.25005227,0.8113095,83.33443403,1.957989465,0.125253472,0.7479639079,0.03722878158,0.4775438596,0.7488150819,0.002437384555,0.4887413395
2024-03-13,2024-05-24,-0.13076045,0.21543145,0.21543145,0.34619188,-0.02970944531,-0.01394660724,0.0006416192191,0.2584476,0.7611754,82.81618953,1.671468532,0.07860884758,0.7450419295,0.03156086657,0.480162679,0.7456103431,0.001359352516,0.4397424103
2024-01-29,2024-11-16,-0.2032127,0.43228883,0.43228883,0.6355015,-0.1350816935,-0.07977540046,-0.02061496302,0.22335608,0.044869095,81.2589705,2.515255687,0.04320578235,0.8785552651,0.09285672826,0.4365610548,0.8817350084,0.001777951568,0.4866220736
2024-02-10,2024-11-16,-0.11069424,0.52395886,0.52395886,0.6346531,-0.0148956934,0.03448081762,0.127238363,0.2506299,0.12350017,80.73304892,2.81256638,0.03742574458,0.8746721635,0.1046065316,0.4571645088,0.8770817167,0.001522383147,0.5
2024-02-18,2024-11-16,-0.10874627,0.5319027,0.5319027,0.64064896,-0.01852984726,-0.003304784419,0.08007751405,0.27117088,0.18343408,80.31815886,2.669735811,0.006074648755,0.8712084067,0.09873374547,0.4704743072,0.8727849227,0.0002387550629,0.5
2024-04-22,2024-11-16,-0.121505566,0.4262912,0.4262912,0.5477968,-0.01968133962,-0.008476703428,0.008172235219,0.33719078,0.23336907,80.09624481,2.224388309,0.003473458436,0.8665772251,0.07900433494,0.4689807736,0.8679572012,0.0001315277496,0.5
2024-04-10,2024-11-16,-0.15355065,0.434947,0.434947,0.58849764,-0.03129566368,-0.0193864163,0.00286131131,0.28041232,nan,79.30341959,2.999802602,0,0.8663339096,0.1059606653,0.4646515776,0.8684546754,0,nan
2024-09-01,2024-11-16,-0.13872099,0.28673518,0.28673518,0.42545617,-0.05121602118,0.001051721803,0.03213083465,0.4460062,nan,79.09376025,2.791735969,0,0.7934470227,0.06735827118,0.4981111286,0.7935524873,0,nan
2024-04-06,2024-11-16,-0.1413379,0.48866034,0.48866034,0.6299982,-0.01554389764,-0.007812969387,0.0198543123,0.23613308,nan,75.08115768,2.421113322,0,0.8666169583,0.08727704788,0.4767681289,0.8677418982,0,nan
2024-07-27,2024-11-16,-0.13162163,0.35214424,0.35214424,0.48376587,-0.03541297931,-0.004073589575,0.004953943193,0.22776721,nan,69.70229745,2.101529672,0,0.7927299145,0.04306998132,0.4177023499,0.7961889336,0,nan
2024-03-13,2024-11-16,-0.13405085,0.48048955,0.48048955,0.6145404,-0.02680321783,-0.01387160923,0.01492719818,0.297836,nan,78.87761593,2.087798923,0,0.8672262575,0.07540558044,0.4759092484,0.8682321904,0,nan
2024-02-22,2024-04-22,-0.16348279,0.14622219,0.16348279,0.30970496,-0.07151524536,-0.05369203724,-0.03903260641,-0.20410934,nan,79.36436534,1.93573465,0,0.7566820849,0.03207053858,0.3964802926,0.7606898186,0,nan
2024-03-17,2024-11-16,-0.15050536,0.4824572,0.4824572,0.6329626,-0.02223746013,-0.008396524936,0.03447505087,0.28844157,nan,71.01122737,1.806340198,0,0.8688353163,0.06729029366,0.4868484266,0.8693104406,0,nan
2024-05-04,2024-11-16,-0.15610315,0.39112952,0.39112952,0.5472327,-0.02653335175,-0.02054283395,-0.00587493577,0.17580442,nan,71.86600566,1.707928911,0,0.8635051305,0.05791174284,0.4579508439,0.8649414699,0,nan
2024-01-29,2024-08-20,-0.21712254,0.18823871,0.21712254,0.40536124,-0.1287757009,-0.1097367406,-0.0748296082,-0.26768905,nan,77.76449919,1.650923289,0,0.8399500316,0.0417850619,0.3964332604,0.8433696464,0,nan
2024-03-05,2024-11-16,-0.1491198,0.49865618,0.49865618,0.647776,-0.01788933389,0.001707216841,0.04901656881,0.2636111,nan,71.46269083,1.60110385,0,0.8707640173,0.05953198145,0.4778906956,0.8714720031,0,nan
2024-03-01,2024-05-16,-0.1492793,0.20510851,0.20510851,0.35438782,-0.03758624569,-0.02056952007,-0.0007435418083,0.14533404,nan,74.02733564,1.51258754,0,0.7507398054,0.02883512722,0.4736565309,0.7515367415,0,nan
2024-05-24,2024-11-12,-0.10533955,0.1609429,0.1609429,0.26628244,-0.009511810727,0.00303273485,0.03760451823,0.15779129,nan,61.16566062,1.347688057,0,0.8847276229,0.04722423074,0.3939044658,0.8875872966,0,nan
2024-02-10,2024-03-13,-0.14243798,0.1628859,0.1628859,0.3053239,-0.0277017206,-0.006727953907,0.01488186186,0.38866937,nan,64.50852752,1.335549978,0,0.7533603695,0.02354232794,0.4315390857,0.7551890289,0,nan
2023-08-14,2024-01-29,-0.20995395,0.33725274,0.33725274,0.5472067,-0.1052578613,-0.05220192671,0.0114811426,-0.39780316,nan,59.28611755,1.325782738,0,0.7624032649,0.0218733317,0.3870563674,0.7653980393,0,nan
2024-02-10,2024-05-04,-0.19286963,0.23099534,0.23099534,0.42386496,-0.04434150457,-0.005264844745,0.0322121419,0.6770874,nan,77.54308581,1.276521342,0,0.7608841724,0.02539327613,0.4743604256,0.7615387617,0,nan
2024-03-01,2024-04-22,-0.121170454,0.22366025,0.22366025,0.3448307,-0.01466317754,-0.00687787449,0.002134994837,0.07488448,nan,67.51552224,1.192294453,0,0.7491650974,0.01865825496,0.3883665919,0.7518270952,0,nan
2024-04-10,2024-05-16,-0.13316439,0.1590177,0.1590177,0.2921821,-0.01764723659,0.007137930952,0.01766689308,0.36225417,nan,72.09788561,1.19140327,0,0.7507500049,0.02369388339,0.4954785459,0.7508577424,0,nan
2023-12-12,2024-11-12,-0.17759214,0.6081341,0.6081341,0.78572625,-0.02253784891,0.02035129443,0.04482310265,0.012355323,nan,58.37342143,1.152646691,0,0.8875314445,0.04112704945,0.3924471489,0.8900108533,0,nan
2024-05-04,2024-05-12,-0.117957875,0.09238558,0.117957875,0.21034345,0.0004489970233,0.004181471886,0.008454176597,0.11994996,nan,64.85437155,1.131875897,0,0.7433590979,0.01624466442,0.3639091025,0.746439858,0,nan
2024-06-09,2024-11-12,-0.08321561,0.1916036,0.1916036,0.2748192,-0.01862011524,-0.002113059978,0.03126422036,0.16693948,nan,58.49549174,1.12301453,0,0.8854465879,0.04013351015,0.4014746603,0.8876594957,0,nan
2024-03-01,2024-05-12,-0.13954598,0.20695698,0.20695698,0.34650296,-0.0294379089,-0.02005366329,0.0004970942391,0.29323816,nan,79.24537063,1.074200388,0,0.7571037232,0.02054639031,0.4630739195,0.7578970434,0,nan
2024-05-24,2024-11-16,-0.12880012,0.38856038,0.38856038,0.5173605,-0.01355167665,-0.007380220108,0.005645727739,0.35134122,nan,69.4195509,1.056157402,0,0.8637435571,0.03534627814,0.4526611028,0.8647435036,0,nan
2024-02-10,2024-04-22,-0.18555848,0.16886362,0.18555848,0.3544221,-0.07116626576,-0.04594298452,-0.01202160167,-0.3060392,nan,58.03399086,1.053267383,0,0.7636340253,0.01870694354,0.4166895322,0.7653889893,0,nan
2023-08-14,2023-08-22,-0.08916995,0.067691274,0.08916995,0.15686122,-0.008939846186,-0.005597827025,-0.003350408748,-0.06679144,nan,57.36731291,1.045956778,0,0.7210023084,0.01873296411,0.4996692247,0.7210092279,0,nan
2024-05-28,2024-11-12,-0.12790012,0.12645373,0.12790012,0.25435385,-0.0495993197,-0.03913867846,0.01314656809,0.018079193,nan,57.66185522,1.044839586,0,0.8857271788,0.0376144957,0.4041456156,0.8877303666,0,nan
2024-01-13,2024-11-12,-0.15325357,0.6128686,0.6128686,0.76612216,-0.01383846393,0.01558752265,0.02886941191,-0.0024663603,nan,58.35072398,1.031749303,0,0.8872725853,0.03711704763,0.3979606139,0.8893781666,0,nan
2024-03-01,2024-04-10,-0.13224259,0.20745994,0.20745994,0.33970255,-0.005306168227,0.006660130573,0.01704584854,0.21448955,nan,75.48356056,1.026760274,0,0.7451041224,0.01862208523,0.4608395549,0.7459082902,0,nan
2024-03-01,2024-05-04,-0.10056638,0.21322145,0.21322145,0.31378782,-0.01355563151,-0.002421440789,0.009575407952,0.45130384,nan,73.64339232,0.9506102129,0,0.7484704902,0.0180402424,0.4764929631,0.7489174108,0,nan
2024-04-22,2024-11-12,-0.098617606,0.1918386,0.1918386,0.2904562,-0.02927944995,-0.01087535918,0.02290038019,-0.12944715,nan,60.63843369,0.9494843361,0,0.8880931292,0.04063800367,0.4770614236,0.8885287588,0,nan
2024-03-05,2024-05-16,-0.19886744,0.1883514,0.19886744,0.38721883,-0.07128481567,-0.0377846919,-0.02156998776,-0.15511613,nan,60.57695746,0.9206708726,0,0.7562062661,0.01748235105,0.4615898201,0.7569135288,0,nan
2024-05-28,2024-11-16,-0.118587084,0.3823824,0.3823824,0.50096947,-0.01330761425,-0.003096509492,0.005695486092,0.36858687,nan,64.46900368,0.9054842507,0,0.8646687581,0.03119722715,0.4640204457,0.8653203365,0,nan
2024-03-01,2024-11-12,-0.14171751,0.1578413,0.1578413,0.29955882,-0.07083990052,-0.05171395838,-0.01385392924,-0.32392487,nan,61.58135533,0.8453163012,0,0.8877900283,0.03006482,0.3926341004,0.8896051912,0,nan
2023-11-26,2024-11-12,-0.22901738,0.6830071,0.6830071,0.9120245,-0.003838632838,0.0452565141,0.07561561093,0.17137568,nan,56.81399703,0.8400562398,0,0.8865476123,0.02872089744,0.3810527221,0.8885460604,0,nan
2024-03-05,2024-05-12,-0.098798886,0.21828769,0.21828769,0.31708658,-0.02988295117,-0.01056618942,0.001630885934,0.24185161,nan,78.7971437,0.8374337212,0,0.7498965863,0.01539376015,0.458462867,0.7505922783,0,nan
2023-11-14,2024-11-12,-0.31386736,0.7118705,0.7118705,1.0257379,-0.05612560362,-0.02074210532,0.004875120008,-0.2709751,nan,61.16164923,0.8318196859,0,0.8864103364,0.030111487,0.4054981325,0.8879825067,0,nan
2024-04-22,2024-05-16,-0.16823103,0.09422431,0.16823103,0.26245534,-0.02910247725,-0.00811920967,-0.0005895711947,-0.08953721,nan,56.73968196,0.8243674687,0,0.7510561485,0.01409683135,0.4235428371,0.7523167244,0,nan
2023-11-18,2024-11-12,-0.1948214,0.7247765,0.7247765,0.9195979,0.004490403924,0.03460206836,0.0602449514,-0.13129131,nan,61.01444364,0.8227462413,0,0.8869368046,0.02964918433,0.4016097818,0.8885558082,0,nan
2024-04-22,2024-05-24,-0.16201408,0.121024124,0.16201408,0.2830382,-0.04394714907,-0.02925190702,-0.01900406927,-0.3011227,nan,76.66684389,0.7819623303,0,0.7460156537,0.01116127883,0.3593836757,0.7482147871,0,nan
2024-04-22,2024-05-12,-0.15108736,0.091492735,0.15108736,0.24258009,-0.02640249394,-0.01947661676,-0.01138922223,0.04441919,nan,72.77451754,0.7777652347,0,0.7479524686,0.01107317857,0.3556475623,0.7501979148,0,nan
2024-02-06,2024-11-12,-0.08569069,0.19546533,0.19546533,0.281156,-0.0006675322074,0.01499458542,0.02596050221,-0.036504116,nan,59.91588235,0.7508991571,0,0.8885507567,0.02759972679,0.404358703,0.8899870961,0,nan
2024-04-10,2024-11-12,-0.12676921,0.18794218,0.18794218,0.3147114,-0.07032138109,-0.02556551062,-0.0007709172787,-0.12211788,nan,60.03596187,0.7363750017,0,0.8871897937,0.02664866286,0.4030832679,0.8886171349,0,nan
2024-03-01,2024-03-05,-0.12901022,0.0866235,0.12901022,0.21563372,-0.01508509181,-0.006925715832,0.003590058244,-0.1334165,nan,67.76251793,0.7210029534,0,0.7399992479,0.01056966119,0.3785857573,0.7417500485,0,nan
2024-03-05,2024-11-12,-0.094148,0.24419911,0.24419911,0.3383471,-0.03276118264,-0.002486145939,0.04803586751,0.046717983,nan,59.68356133,0.7160853806,0,0.8881711402,0.02627608215,0.405372652,0.8895263654,0,nan
2024-05-12,2024-05-28,-0.12633757,0.09329236,0.12633757,0.21962994,-0.01228223089,-0.009754653554,-0.005727503099,0.09327728,nan,63.25253844,0.704849061,0,0.7490919388,0.01404596285,0.5,0.7490919388,0,nan
2024-02-22,2024-11-12,-0.13941582,0.19058383,0.19058383,0.32999963,-0.0642439127,-0.04935957864,-0.01386404457,-0.2832883,nan,59.44944024,0.6975060582,0,0.8885764056,0.02531300587,0.3992645536,0.8899816773,0,nan
2024-02-18,2024-04-22,-0.18847875,0.19653015,0.19653015,0.3850089,-0.06249006093,-0.04996428639,-0.03020968288,0.17527787,nan,62.23573685,0.6965597239,0,0.7575578755,0.01288196346,0.4469995847,0.7582962346,0,nan
2024-03-13,2024-11-12,-0.14366853,0.1286954,0.14366853,0.27236393,-0.08128744178,-0.05537385494,-0.00995901553,-0.4009715,nan,58.90225768,0.6658248939,0,0.8871565292,0.02429510502,0.4072444879,0.8883917078,0,nan
2024-05-04,2024-11-12,-0.13653617,0.14036337,0.14036337,0.27689952,-0.02849470405,-0.01937873103,0.006822148454,0.03746444,nan,58.20373893,0.6639095886,0,0.8865790413,0.02408338861,0.4069539667,0.8878145244,0,nan
2024-06-29,2024-11-16,-0.14623587,0.35987556,0.35987556,0.50611144,-0.02658213768,-0.004732469562,0.004274102859,0.019895531,nan,56.82966113,0.6634255406,0,0.8649898938,0.01995272073,0.4021418424,0.8662883259,0,nan
2023-11-30,2024-11-12,-0.22687674,0.6117721,0.6117721,0.83864886,-0.08249989152,-0.05635865778,-0.01793304458,-0.24467595,nan,58.83060098,0.65646779,0,0.8873459801,0.02443021535,0.4150891481,0.8884608048,0,nan
2024-07-03,2024-11-12,-0.08813495,0.12498816,0.12498816,0.21312311,-0.02734551812,-0.01802620664,0.01618123148,0.013096936,nan,58.7048471,0.6484699439,0,0.8875917882,0.02331693971,0.3994977679,0.8888952417,0,nan
2024-02-18,2024-03-05,-0.10288068,0.09739215,0.10288068,0.20027283,-0.009530619718,0.005340911681,0.01595012471,0.6728912,nan,67.75910258,0.6474563132,0,0.740605628,0.01248015345,0.5,0.740605628,0,nan
2024-04-06,2024-11-12,-0.11199655,0.22271013,0.22271013,0.33470666,-0.05413804296,0.008510853164,0.04376832303,0.18617432,nan,58.53939652,0.6376104168,0,0.8872820384,0.02319170165,0.4056090652,0.8884857313,0,nan
2024-03-17,2024-11-12,-0.10834073,0.20453623,0.20453623,0.31287697,-0.05269685201,-0.03757477924,0.01087458245,-0.116795875,nan,58.47949982,0.631618836,0,0.8878055765,0.02334629083,0.4105220975,0.8889358951,0,nan
2023-12-24,2024-11-12,-0.1749653,0.5453082,0.5453082,0.7202735,-0.001451291027,0.05085995607,0.06795954704,-0.16324711,nan,58.43222737,0.6309633733,0,0.888987872,0.02342491071,0.4078209092,0.8901511046,0,nan
2024-05-16,2024-11-12,-0.10338939,0.21195154,0.21195154,0.31534094,0.02995344345,0.0391044952,0.07269977033,0.36073634,nan,58.23966861,0.6308830916,0,0.8888615879,0.02265379634,0.3942870254,0.8901954384,0,nan
2024-01-17,2024-11-12,-0.12648533,0.2597535,0.2597535,0.3862388,-0.05827497318,-0.02819318324,0.01402805233,-0.14665504,nan,58.32654238,0.6259616679,0,0.8876486017,0.02243991751,0.3981963233,0.8889231056,0,nan
2024-03-25,2024-11-12,-0.13126676,0.199731,0.199731,0.33099777,-0.06265416928,-0.04186841287,-0.004631502554,-0.102815665,nan,58.19139481,0.6173802846,0,0.8876602696,0.02252189313,0.4055588063,0.8888263922,0,nan
2024-06-09,2024-06-29,-0.14208198,0.06493919,0.14208198,0.20702118,-0.02872560546,-0.02156544849,-0.01561104879,0.30023757,nan,73.76424074,0.6044275511,0,0.7442547563,0.01181698518,0.5,0.7442547563,0,nan
2023-12-20,2024-11-12,-0.18274623,0.6281657,0.6281657,0.81091195,-0.01907525957,0.01863156725,0.03388574347,-0.17393307,nan,58.01894069,0.6025473027,0,0.8881310041,0.02192432319,0.4027844455,0.8893025435,0,nan
2024-02-10,2024-11-12,-0.13905504,0.1750558,0.1750558,0.31411085,-0.059968438,-0.04482519254,-0.01322828233,-0.435667,nan,57.93775916,0.5997511694,0,0.8905340321,0.02264954701,0.4092880376,0.8916221243,0,nan
2024-02-18,2024-11-12,-0.15213281,0.2211302,0.2211302,0.373263,-0.06584169902,-0.05274413899,-0.02386584412,-0.3042982,nan,57.8437686,0.5915550812,0,0.8879212841,0.02175527756,0.408190709,0.8890074892,0,nan
2023-12-08,2024-11-12,-0.21019402,0.59109294,0.59109294,0.80128694,-0.06080514565,-0.03114874847,-0.01194800856,-0.22501855,nan,57.7070415,0.583600184,0,0.8880485625,0.02156192737,0.4097273854,0.8891022248,0,nan
2024-02-10,2024-03-25,-0.12652653,0.18916951,0.18916951,0.31569606,-0.04057063442,-0.002242226386,0.01531906077,0.033613082,nan,54.70938087,0.5735964985,0,0.7558353094,0.01007310237,0.4273208213,0.7566690798,0,nan
2024-05-12,2024-11-16,-0.15994404,0.3949279,0.3949279,0.5548719,-0.02568958607,-0.02058384474,-0.006155879353,0.40673602,nan,59.86618996,0.5398521096,0,0.8648426461,0.01735803225,0.4322226683,0.8655744408,0,nan
2024-03-05,2024-05-04,-0.13543257,0.17189412,0.17189412,0.30732667,-0.06429441273,-0.03999182209,-0.02745178994,0.3587908,nan,64.59727883,0.5383295873,0,0.7509545877,0.009955494793,0.4597662547,0.751387768,0,nan
2023-11-26,2023-12-08,-0.15228578,0.10908312,0.15228578,0.2613689,-0.004535866668,0.001969474601,0.01122201653,0.1507975,nan,57.70313144,0.5071983145,0,0.7433099675,0.00726388826,0.3656695157,0.7446726114,0,nan
2024-02-10,2024-02-18,-0.12203362,0.09958857,0.12203362,0.2216222,-0.01483028941,0.01244507357,0.02636881731,-0.24867837,nan,57.38993287,0.4746133516,0,0.7481251002,0.007163945126,0.3783866058,0.7492796628,0,nan
2024-02-10,2024-03-17,-0.126105,0.21235956,0.21235956,0.33846456,-0.0285911262,0.008689229377,0.02592026256,-0.24588487,nan,57.43553638,0.4714343308,0,0.7526393097,0.007096195647,0.3704980843,0.7538603427,0,nan
2024-06-29,2024-11-12,-0.15037493,0.10168198,0.15037493,0.2520569,-0.0606387062,-0.0514573399,-0.008291161386,-0.24629693,nan,58.34934115,0.4561549013,0,0.8868403081,0.01500046947,0.368165925,0.8880430433,0,nan
2024-04-22,2024-05-28,-0.20073384,0.13330117,0.20073384,0.334035,-0.0361619927,-0.03024189733,-0.02010137402,0.47135174,nan,62.22245097,0.4475695922,0,0.7485476602,0.008899690345,0.5,0.7485476602,0,nan
2024-02-22,2024-03-01,-0.15097705,0.055772636,0.15097705,0.20674968,-0.03605077043,-0.01777508017,-0.008178639458,-0.37616777,nan,56.97034001,0.4400053754,0,0.7434533847,0.006408397816,0.3720032841,0.7445797696,0,nan
2024-03-17,2024-05-04,-0.12521885,0.15409091,0.15409091,0.27930975,-0.02536524413,-0.01888215169,-0.009165097028,0.74586445,nan,65.68718553,0.4386764208,0,0.7481689273,0.008684339758,0.4985163205,0.7481819444,0,nan
2024-05-04,2024-05-28,-0.16240618,0.091223076,0.16240618,0.25362927,-0.03614110872,-0.0314434357,-0.0253493879,-0.18991879,nan,56.76837564,0.4349478424,0,0.7429888142,0.006247749751,0.3675249169,0.7441412092,0,nan
2024-06-09,2024-11-16,-0.12224356,0.34012678,0.34012678,0.46237034,-0.01702523185,-0.005205066176,0.008992112707,0.49628574,nan,52.45011449,0.4298537167,0,0.8652230698,0.01589490687,0.4983176312,0.8652375332,0,nan
2024-02-10,2024-03-01,-0.123233855,0.113967046,0.123233855,0.2372009,-0.02847716585,-0.002622818109,0.009689833038,-0.15098631,nan,56.48521781,0.422954264,0,0.7505957051,0.006359975794,0.3734198838,0.7516664571,0,nan
2024-05-24,2024-05-28,-0.11294792,0.12556624,0.12556624,0.23851416,0.003676938009,0.007943536155,0.01426682528,0.04909938,nan,56.2977016,0.4113941885,0,0.7407215944,0.005837602162,0.3663505444,0.7418212466,0,nan
2024-04-06,2024-04-10,-0.095066585,0.0828825,0.095066585,0.17794909,-0.002692230744,0.003536327975,0.007021197584,-0.23244749,nan,60.6621623,0.3911640563,0,0.7418851882,0.005496884022,0.3611932028,0.7429711128,0,nan
2024-05-04,2024-05-16,-0.17387645,0.10573371,0.17387645,0.27961016,-0.003832918126,0.005049040075,0.009568503127,-0.030094896,nan,56.01378679,0.3872625308,0,0.7478418784,0.007678962079,0.5,0.7478418784,0,nan
2024-07-03,2024-07-15,-0.094996445,0.09971714,0.09971714,0.19471359,-0.01899742708,-0.00527483318,0.004934894852,-0.04401185,nan,53.62404585,0.288699398,0,0.8153988452,0.005469679422,0.3480822261,0.8162760166,0,nan
2024-03-17,2024-04-22,-0.119770385,0.19404024,0.19404024,0.31381062,-0.002525192569,0.005571190733,0.01578907901,0.23891212,nan,53.98628116,0.2709727248,0,0.7505506958,0.004294682642,0.3944488924,0.7511227253,0,nan
2024-04-10,2024-05-04,-0.1182771,0.12064221,0.12064221,0.23891932,-0.01647662185,-0.001870624023,0.008084094152,0.74304646,nan,59.2263341,0.2368055902,0,0.7452778073,0.004648310924,0.5,0.7452778073,0,nan
2024-06-21,2024-11-16,-0.15949278,0.36955988,0.36955988,0.5290527,-0.03439269587,0.001989220968,0.01385005843,0.4315946,nan,52.07557082,0.2215651962,0,0.8653272559,0.008226059317,0.5,0.8653272559,0,nan
2024-01-29,2024-11-12,-0.06328781,0.2579314,0.2579314,0.3212192,0.0235331906,0.03601523116,0.05709194578,0.28487357,nan,53.55030894,0.2075756065,0,0.8900329751,0.006885073754,0.3628611208,0.8906023088,0,nan
2024-01-17,2024-01-29,-0.09317779,0.12570621,0.12570621,0.21888399,-0.01922747679,-0.00757772848,0.005591185647,-0.10591519,nan,53.6958456,0.2012717538,0,0.7585234716,0.00306388654,0.3667745415,0.759059762,0,nan
2024-06-21,2024-11-12,-0.13864641,0.098642506,0.13864641,0.23728892,-0.09880433232,-0.06831216812,-0.02411182411,-0.3683403,nan,53.33111882,0.1870882321,0,0.8867670748,0.006103437199,0.3677893922,0.8872617758,0,nan
2024-02-10,2024-04-06,-0.1175306,0.1946496,0.1946496,0.31218022,-0.02513402142,-0.0109896129,0.01565125212,0.037994653,nan,53.3629775,0.164658826,0,0.7549907014,0.002452052043,0.3641948223,0.7554379318,0,nan
2023-08-10,2023-08-22,-0.084426425,0.078084506,0.084426425,0.16251093,-0.01553778187,-0.007920689881,-0.00335671677,-0.17550877,nan,51.20508075,0.1411653443,0,0.7236636232,0.002554230208,0.5,0.7236636232,0,nan
2023-08-10,2023-08-14,-0.09809704,0.080574594,0.09809704,0.17867163,-0.01215845137,-0.00538055622,0.004754880676,-0.10141211,nan,51.02533698,0.1229459747,0,0.7242275891,0.002229120279,0.5,0.7242275891,0,nan
2024-01-25,2024-11-12,-0.09502222,0.27965134,0.27965134,0.37467355,-0.02385070734,0.009325373918,0.03746026009,0.15686338,nan,52.01793909,0.1227535522,0,0.8888437323,0.004232690447,0.3822836963,0.8891327342,0,nan
2024-02-22,2024-04-10,-0.11691444,0.20341244,0.20341244,0.3203269,-0.01066295477,0.006419373443,0.01716755657,-0.024181418,nan,52.83491611,0.1203692866,0,0.752752743,0.001824222219,0.3742496999,0.7530554725,0,nan
2024-05-12,2024-11-12,-0.1536857,0.109115265,0.1536857,0.26280096,-0.08966949396,-0.07988471165,-0.02833610913,-0.29132524,nan,51.62260532,0.09528501706,0,0.8909235784,0.003100806077,0.3540561031,0.8912017037,0,nan
2024-03-05,2024-04-22,-0.111815296,0.3053563,0.3053563,0.4171716,0.01977179386,0.03223618492,0.04350498691,0.07141022,nan,51.37506127,0.08728691723,0,0.7555225066,0.001161001601,0.3247721624,0.7558284085,0,nan
2024-09-13,2024-11-16,-0.178452,0.2385561,0.2385561,0.4170081,-0.0357332956,-0.007730904967,0.01292313263,-0.046972122,nan,50.77565908,0.07747675972,0,0.7931194931,0.001872500239,0.5,0.7931194931,0,nan
2024-07-03,2024-11-16,-0.15241517,0.36233482,0.36233482,0.51475,-0.020150322,-0.01087819459,0.003628335544,0.27045795,nan,51.08377337,0.05189207028,0,0.8643984935,0.001705960718,0.4456066946,0.8644549451,0,nan
2024-04-06,2024-04-22,-0.090470836,0.16298203,0.16298203,0.25345287,0.01055289595,0.02129249368,0.02786004962,0.16260658,nan,50.73801279,0.04913032107,0,0.747589363,0.0006129996018,0.3147058824,0.7477714342,0,nan
2024-03-25,2024-04-22,-0.102446504,0.1593151,0.1593151,0.2617616,-0.01710184105,-0.01140664145,-0.003840203397,0.027747933,nan,50.71380138,0.04782981257,0,0.7452740966,0.0006173146105,0.3285498489,0.7454381052,0,nan
2024-04-10,2024-04-22,-0.11688459,0.14124855,0.14124855,0.25813314,0.01076745614,0.01707256213,0.02280197479,-0.02097369,nan,50.67982078,0.04555344178,0,0.7468197552,0.0005986826125,0.3325396825,0.746972323,0,nan
2024-02-18,2024-03-13,-0.110293895,0.1476839,0.1476839,0.25797778,-0.0192607902,-0.009891692083,-0.0003344206416,0.42013687,nan,51.11678243,0.0261065262,0,0.7426153243,0.0005071499717,0.5,0.7426153243,0,nan
2024-03-25,2024-04-10,-0.12150839,0.08879235,0.12150839,0.21030074,-0.005487083923,0.004944382235,0.01464162953,nan,nan,49.19931591,0,0,0.7429281238,0,nan,0.7429281238,0,nan
2024-03-05,2024-03-13,-0.12644885,0.12791929,0.12791929,0.25436813,-0.02085360978,-0.01242782222,-0.004955100711,nan,nan,49.20476973,0,0,0.7412962577,0,nan,0.7412962577,0,nan
2024-06-09,2024-06-21,-0.07455783,0.13062477,0.13062477,0.20518261,-0.001423072885,0.01231080201,0.01963368803,nan,nan,49.20316339,0,0,0.7435221826,0,nan,0.7435221826,0,nan
2024-03-17,2024-03-25,-0.11688306,0.19755134,0.19755134,0.3144344,0.01022618823,0.01362005062,0.01651734672,nan,nan,49.20476973,0,0,0.7429986057,0,nan,0.7429986057,0,nan
2024-06-29,2024-07-15,-0.09387877,0.0794749,0.09387877,0.17335367,-0.01367736049,-0.006242308766,0.001328361512,nan,nan,49.22686517,0,0,0.8170842045,0,nan,0.8170842045,0,nan
2024-07-15,2024-08-20,-0.14411575,0.13101366,0.14411575,0.2751294,-0.03918600082,-0.03224287927,-0.02329263091,nan,nan,49.25011098,0,0,0.7233817225,0,nan,0.7233817225,0,nan
2024-02-18,2024-03-01,-0.13863853,0.07682705,0.13863853,0.21546558,-0.02122672834,-0.01608912088,-0.01095226547,nan,nan,49.20476973,0,0,0.7414723502,0,nan,0.7414723502,0,nan
2024-02-10,2024-03-05,-0.15457249,0.14180945,0.15457249,0.29638195,-0.0109518955,0.004812949104,0.02048715949,nan,nan,49.19931591,0,0,0.750682767,0,nan,0.750682767,0,nan
2023-11-30,2023-12-12,-0.10893665,0.11952269,0.11952269,0.22845934,-0.0003780339321,0.021328995,0.03361468762,nan,nan,49.19931591,0,0,0.7454969893,0,nan,0.7454969893,0,nan
2024-02-22,2024-04-06,-0.088768505,0.20396467,0.20396467,0.29273316,-0.003773532109,0.006503278855,0.01472744346,nan,nan,49.19931591,0,0,0.7491033716,0,nan,0.7491033716,0,nan
2024-07-15,2024-11-16,-0.15353738,0.36422485,0.36422485,0.51776224,-0.02359941415,0.01198535785,0.02007920854,nan,nan,49.25011098,0,0,0.7961841588,0,nan,0.7961841588,0,nan
2024-06-29,2024-07-03,-0.1318962,0.102543205,0.1318962,0.2344394,-0.004713183502,0.001809412381,0.01003639121,nan,nan,49.22534525,0,0,0.7455555346,0,nan,0.7455555346,0,nan
2024-09-13,2024-11-12,-0.116118655,0.15496415,0.15496415,0.27108282,-0.05751023628,-0.04016413167,0.01617153734,nan,nan,49.24342036,0,0,0.9319356789,0,nan,0.9319356789,0,nan
2024-05-16,2024-11-16,-0.13254717,0.40394345,0.40394345,0.5364906,-0.02787305135,-0.01780821476,-0.007197769592,nan,nan,49.21323359,0,0,0.8669456921,0,nan,0.8669456921,0,nan
2024-01-17,2024-01-25,-0.119201206,0.19600883,0.19600883,0.31521004,-0.002359955164,0.002189270803,0.007214579266,nan,nan,49.21323359,0,0,0.7422896489,0,nan,0.7422896489,0,nan
2024-03-25,2024-04-06,-0.124569505,0.09941704,0.124569505,0.22398654,-0.01159999333,0.005048176739,0.01458764728,nan,nan,49.19931591,0,0,0.7411930287,0,nan,0.7411930287,0,nan
2023-12-08,2023-12-12,-0.09649551,0.07562273,0.09649551,0.17211825,-0.008547408506,-0.003430068027,0.00239379477,nan,nan,49.20476973,0,0,0.7427617667,0,nan,0.7427617667,0,nan
2024-01-25,2024-01-29,-0.1170975,0.08440065,0.1170975,0.20149815,-0.02165975608,-0.01118356735,-0.003312203567,nan,nan,49.19931591,0,0,0.7529608243,0,nan,0.7529608243,0,nan
2024-05-16,2024-05-24,-0.16702567,0.13420942,0.16702567,0.30123508,-0.01353173517,-0.007788434625,-0.0004741833254,nan,nan,49.21323359,0,0,0.7470286905,0,nan,0.7470286905,0,nan
2024-07-27,2024-11-12,-0.079493545,0.10965855,0.10965855,0.18915209,-0.0321226567,-0.02137401514,0.02354465611,nan,nan,49.24342036,0,0,0.9314182527,0,nan,0.9314182527,0,nan
2023-11-26,2023-12-12,-0.11388664,0.13768399,0.13768399,0.25157064,-0.01706754928,-0.006307268282,0.00588181545,nan,nan,49.19769764,0,0,0.7443908346,0,nan,0.7443908346,0,nan
2024-01-17,2024-02-06,-0.09788578,0.13044196,0.13044196,0.22832775,-0.01265345793,0.002782893251,0.01680860994,nan,nan,49.21323359,0,0,0.7507628207,0,nan,0.7507628207,0,nan
2024-02-22,2024-05-04,-0.18216456,0.17177148,0.18216456,0.35393605,-0.07756634615,-0.04179177247,-0.02918703714,nan,nan,49.19931591,0,0,0.7560845735,0,nan,0.7560845735,0,nan
2024-07-15,2024-07-27,-0.12592818,0.06913162,0.12592818,0.1950598,-0.0227667354,-0.01658198982,-0.01169005199,nan,nan,49.25011098,0,0,0.7237656796,0,nan,0.7237656796,0,nan
2024-08-20,2024-11-12,-0.09499128,0.13140012,0.13140012,0.2263914,-0.0475874804,-0.04007146135,-0.01262029051,nan,nan,49.25011098,0,0,0.9273277466,0,nan,0.9273277466,0,nan
2023-12-20,2023-12-24,-0.09917197,0.10286236,0.10286236,0.20203432,0.003020812816,0.01361175906,0.02129857987,nan,nan,49.20476973,0,0,0.7425976066,0,nan,0.7425976066,0,nan
2023-12-20,2024-01-13,-0.11936655,0.14077184,0.14077184,0.2601384,-0.03041943628,-0.01954976469,-0.005272625014,nan,nan,49.20476973,0,0,0.750677251,0,nan,0.750677251,0,nan
2024-04-22,2024-05-04,-0.14515476,0.069631465,0.14515476,0.21478623,-0.0298545137,-0.02002523094,-0.01196419727,nan,nan,49.21470582,0,0,0.7451299218,0,nan,0.7451299218,0,nan
2023-12-24,2024-01-13,-0.10773063,0.1319194,0.1319194,0.23965003,-0.01566445082,0.005779248662,0.01960849762,nan,nan,49.19931591,0,0,0.7522755286,0,nan,0.7522755286,0,nan
2024-05-04,2024-05-24,-0.13395813,0.09190057,0.13395813,0.2258587,-0.01775231119,-0.0119055286,-0.004862736911,nan,nan,49.19931591,0,0,0.74253761,0,nan,0.74253761,0,nan
2024-06-29,2024-07-27,-0.082688354,0.1297784,0.1297784,0.21246675,-0.001970063429,0.00189582014,0.008147889283,nan,nan,49.22686517,0,0,0.8177653195,0,nan,0.8177653195,0,nan
2024-02-10,2024-04-10,-0.1510224,0.16752778,0.16752778,0.31855017,-0.06312159449,-0.04169581085,-0.02384826168,nan,nan,49.19931591,0,0,0.7589106507,0,nan,0.7589106507,0,nan
2023-11-30,2023-12-08,-0.13451913,0.09426352,0.13451913,0.22878265,-0.02291017585,0.002282805508,0.01294982713,nan,nan,49.19931591,0,0,0.7421908077,0,nan,0.7421908077,0,nan
2024-01-29,2024-02-06,-0.1191562,0.07286347,0.1191562,0.19201967,-0.02055124193,-0.01521647349,-0.008858829038,nan,nan,49.19769764,0,0,0.7529452905,0,nan,0.7529452905,0,nan
2024-09-01,2024-11-12,-0.1568317,0.15696575,0.15696575,0.31379744,-0.09580335021,-0.07421167195,0.004273754545,nan,nan,49.25011098,0,0,0.9271838314,0,nan,0.9271838314,0,nan
2024-04-06,2024-05-04,-0.09500672,0.12040377,0.12040377,0.21541049,-0.01508113649,0.005979622714,0.01401675306,nan,nan,49.19931591,0,0,0.7445396706,0,nan,0.7445396706,0,nan
2024-02-18,2024-05-04,-0.17374139,0.18654442,0.18654442,0.36028582,-0.06122484803,-0.0497181192,-0.02562732808,nan,nan,49.93986487,0,0,0.7538454696,0,nan,0.7538454696,0,nan
2024-02-18,2024-02-22,-0.08956427,0.13624303,0.13624303,0.22580731,-0.008299046196,0.009000925347,0.02233448625,nan,nan,49.20476973,0,0,0.7418451456,0,nan,0.7418451456,0,nan
2024-05-16,2024-05-28,-0.1298081,0.09580175,0.1298081,0.22560984,-0.01493641711,-0.002565051545,0.0046079366,nan,nan,49.21323359,0,0,0.7451194676,0,nan,0.7451194676,0,nan
2024-02-22,2024-03-05,-0.14227684,0.07707145,0.14227684,0.21934828,-0.01020221622,-0.001442990208,0.006479388452,nan,nan,49.19769764,0,0,0.7421622688,0,nan,0.7421622688,0,nan
2024-07-15,2024-11-12,-0.08739781,0.11585869,0.11585869,0.20325649,-0.0330023542,-0.01776883751,0.03822139744,nan,nan,49.25011098,0,0,0.9283203224,0,nan,0.9283203224,0,nan
2024-05-12,2024-05-16,-0.18888983,0.117432356,0.18888983,0.3063222,-0.008166200481,0.001364321331,0.009952906519,nan,nan,49.20068383,0,0,0.7553959927,0,nan,0.7553959927,0,nan
2024-02-18,2024-04-10,-0.14143683,0.1671954,0.1671954,0.30863222,-0.05032444,-0.03812014312,-0.02558664419,nan,nan,49.20476973,0,0,0.7490869948,0,nan,0.7490869948,0,nan
2024-02-10,2024-02-22,-0.11365535,0.09524053,0.11365535,0.20889589,-0.02508728392,-0.01913873106,-0.008393923054,nan,nan,49.19931591,0,0,0.7493598608,0,nan,0.7493598608,0,nan
2024-06-21,2024-07-03,-0.08104887,0.104768604,0.104768604,0.18581748,-0.01162124425,0.005277028773,0.01640809141,nan,nan,49.22008514,0,0,0.7443739534,0,nan,0.7443739534,0,nan
2024-02-22,2024-03-13,-0.10550048,0.12571242,0.12571242,0.23121291,-0.002970884787,0.01273438055,0.02371425368,nan,nan,49.19931591,0,0,0.7462176878,0,nan,0.7462176878,0,nan
2023-11-26,2023-11-30,-0.15378848,0.14120372,0.15378848,0.2949922,-0.006787735387,0.01307339501,0.03119067801,nan,nan,49.19769764,0,0,0.7415051507,0,nan,0.7415051507,0,nan
2024-01-25,2024-02-06,-0.11613476,0.07657169,0.11613476,0.19270645,-0.0123275076,-0.002594450256,0.007919788361,nan,nan,49.19769764,0,0,0.7466338505,0,nan,0.7466338505,0,nan
2024-02-22,2024-03-25,-0.15912054,0.17910247,0.17910247,0.338223,-0.04340743087,-0.01816171966,-0.003811033559,nan,nan,49.19931591,0,0,0.7505519936,0,nan,0.7505519936,0,nan
2024-07-27,2024-08-20,-0.09549133,0.09828856,0.09828856,0.19377989,-0.01739748567,-0.0115653025,-0.002337946789,nan,nan,49.24342036,0,0,0.7259901607,0,nan,0.7259901607,0,nan
2024-03-01,2024-03-13,-0.14361899,0.07335995,0.14361899,0.21697894,-0.0251897797,-0.01964432374,-0.01426626928,nan,nan,49.20476973,0,0,0.7418379139,0,nan,0.7418379139,0,nan
2024-09-01,2024-09-13,-0.09253584,0.093586735,0.093586735,0.18612257,-0.01421410311,0.001203618129,0.01473960932,nan,nan,49.25011098,0,0,0.7251630856,0,nan,0.7251630856,0,nan
2024-05-12,2024-05-24,-0.13436498,0.07019621,0.13436498,0.20456119,-0.02192240674,-0.01585241966,-0.01125279116,nan,nan,49.20068383,0,0,0.746279261,0,nan,0.746279261,0,nan
2024-03-17,2024-04-10,-0.10410954,0.10665885,0.10665885,0.2107684,-0.02125852322,-0.007540446706,0.002276039857,nan,nan,49.20476973,0,0,0.744278621,0,nan,0.744278621,0,nan
2024-06-09,2024-07-03,-0.14411552,0.09395671,0.14411552,0.23807223,-0.02379426546,-0.02049072273,-0.01490840223,nan,nan,49.20316339,0,0,0.7427693601,0,nan,0.7427693601,0,nan
2024-06-21,2024-06-29,-0.18992214,0.1780948,0.18992214,0.36801696,-0.007047709078,0.003779553343,0.007971466985,nan,nan,49.22008514,0,0,0.7444318979,0,nan,0.7444318979,0,nan
2024-04-10,2024-05-12,-0.12984829,0.123102605,0.12984829,0.2529509,-0.04126157425,-0.0302049946,-0.01644896995,nan,nan,49.20782447,0,0,0.7510677944,0,nan,0.7510677944,0,nan