Start Date,End Date,Minimum Value,Maximum Value,Absolute Maximum Value,Range,25th Percentile,50th Percentile (Median),75th Percentile,Normalized Displacement (50% Threshold),Normalized Displacement (80% Threshold),[AI] Max Probability,[AI] Percent Above 50%,[AI] Percent Above 80%,Accuracy (50% Threshold),Recall (50% Threshold),Precision (50% Threshold),Accuracy (80% Threshold),Recall (80% Threshold),Precision (80% Threshold)
2023-12-24,2024-06-09,-0.3783675,0.3608876,0.3783675,0.7392551,-0.29042690992355347,-0.25320762395858765,-0.21532733738422394,0.12160303,0.30305585,94.86082196235655,1.683508251726425,0.6204148044107468,0.7587004018571262,0.031007002993519325,0.440753615724647,0.7600478731628512,0.011610265823912226,0.44782811226272273
2024-03-25,2024-11-16,-0.12855718,0.47362557,0.47362557,0.60218275,-0.027625128626823425,-0.020543288439512253,0.007656254339963198,nan,nan,45.07451355457306,0.0,0.0,0.8663882855974464,0.0,nan,0.8663882855974464,0.0,nan
2024-03-25,2024-05-28,-0.14999951,0.20979582,0.20979582,0.35979533,-0.04580417647957802,-0.03841433674097061,-0.01764964498579502,0.3070247,0.5090227,96.916264295578,4.162638702843923,2.258260757734052,0.746633850502213,0.08100086212196381,0.49167737008366025,0.7472053517369736,0.04444717680076976,0.4973125159969286
2023-11-30,2024-06-21,-0.2667691,0.91880995,0.91880995,1.1855791,-0.09560320526361465,-0.06952334940433502,-0.03071923740208149,0.20709462,0.23853473,96.52114510536194,4.147971856996086,2.110002788868225,0.7450067698692411,0.08028365651599012,0.49230112696173206,0.7455378108395938,0.04126597272227596,0.49744897959183676
2023-12-08,2024-07-27,-0.3434194,0.8482749,0.8482749,1.1916943,-0.18712763488292694,-0.17153812944889069,-0.10820896551012993,0.21569012,0.31517884,95.73639631271362,3.222456530102777,1.30301215797558,0.8219422821587566,0.08737029708642904,0.4791180430879713,0.8230545214189222,0.036207344596931125,0.49103674103674105
2024-04-10,2024-05-04,-0.1182771,0.12064221,0.12064221,0.23891932,-0.016476621851325035,-0.0018706240225583315,0.008084094151854515,0.3631012,0.5064789,96.63342237472534,3.8128230769397633,1.9462165697390656,0.7441418635406882,0.07261300363206952,0.48510363922550304,0.7451527161058893,0.03795718444355815,0.49678629811264674
2024-06-09,2024-07-03,-0.14411552,0.09395671,0.14411552,0.23807223,-0.02379426546394825,-0.020490722730755806,-0.014908402226865292,0.2453183,0.38657877,94.95136737823486,2.3649186141701306,0.9271794248753974,0.7423998189176133,0.04525052889041953,0.49218702220047705,0.7427628514979795,0.018009685195988164,0.4996490133374932
2024-01-29,2024-11-16,-0.2032127,0.43228883,0.43228883,0.6355015,-0.1350816935300827,-0.07977540045976639,-0.02061496302485466,nan,nan,17.348645627498627,0.0,0.0,0.8817465684638249,0.0,nan,0.8817465684638249,0.0,nan
2024-02-06,2024-04-10,-0.14445579,0.38358426,0.38358426,0.52804005,-0.046931070275604725,-0.026200678199529648,-0.012820234522223473,0.10955792,0.23169005,96.64113521575928,2.972312174060057,1.4104737174457436,0.7556348143235116,0.057152141863720314,0.46598118573616276,0.7568681298832288,0.027472977948575,0.47203155414404263
2024-06-29,2024-11-16,-0.14623587,0.35987556,0.35987556,0.50611144,-0.026582137681543827,-0.004732469562441111,0.004274102859199047,nan,nan,34.18352007865906,0.0,0.0,0.8662883258564141,0.0,nan,0.8662883258564141,0.0,nan
2023-12-24,2024-08-20,-0.24739787,0.67367613,0.67367613,0.92107403,-0.17739956080913544,-0.1337234526872635,-0.0754070058465004,0.63747555,nan,71.03925347328186,0.5063313088751035,0.0,0.8334554366312784,0.013887257652672834,0.455550799086758,0.8339055570728154,0.0,nan
2024-02-18,2024-05-28,-0.19647813,0.20036398,0.20036398,0.39684212,-0.09366908483207226,-0.08252190798521042,-0.06494422256946564,0.29510632,0.51381767,95.6095278263092,3.3605824720349204,1.3814040538156027,0.7456602420024356,0.06501353854923757,0.49085431461157736,0.7461838188713302,0.027042895824426393,0.4967019160297351
2024-01-13,2024-04-06,-0.139078,0.5425351,0.5425351,0.68161315,-0.0034367572516202927,0.02760307490825653,0.04999338090419769,0.32072192,0.37631696,96.4139461517334,4.018608942502157,1.7582905456362332,0.7479481066760376,0.07806445202530388,0.48771074365295,0.748742038089908,0.034630831505719,0.494489451823827
2024-09-13,2024-11-12,-0.116118655,0.15496415,0.15496415,0.27108282,-0.05751023627817631,-0.04016413167119026,0.016171537339687347,nan,nan,0.0,0.0,0.0,0.9319356789257727,0.0,nan,0.9319356789257727,0.0,nan
2024-02-06,2024-04-22,-0.16393985,0.3782251,0.3782251,0.5421649,-0.03585519641637802,-0.023827191442251205,-0.0014170654467307031,0.13884711,0.27852815,96.59842252731325,2.752092734926023,1.2614932438583486,0.7607862729882939,0.05330351275988188,0.45894043212307367,0.7619733482458307,0.024354992887884706,0.4574742268041237
2023-11-30,2024-02-10,-0.35780892,0.3962833,0.3962833,0.7540922,-0.2514258101582527,-0.23142533004283905,-0.1860668621957302,0.051943753,0.26425514,93.7925934791565,2.594658956096278,0.8540005808937962,0.756330586370382,0.05075843973851532,0.47404767208732457,0.7573153603058796,0.016874259263400346,0.4788071065989848
2023-11-30,2024-05-04,-0.18668647,0.89237916,0.89237916,1.0790657,-0.02968757739290595,0.03112090192735195,0.06231391988694668,0.41172123,0.42261976,95.52645683288574,1.873743744915373,0.724021981483649,0.7432752873040025,0.03622306888676753,0.49600910002313564,0.7434024481349986,0.014065707551553142,0.49845324817882447
2023-08-22,2024-05-16,-0.42009854,1.1256291,1.1256291,1.5457276,-0.12554319947957993,-0.06754735857248306,0.038433478213846684,0.17922495,nan,66.7568564414978,2.235414103118384,0.0,0.727776114935648,0.0410420219399832,0.4997830399206546,0.7277858148480717,0.0,nan
2023-08-14,2024-05-04,-0.35983482,1.0036159,1.0036159,1.3634506,-0.10393363982439041,-0.057230763137340546,0.0228972383774817,0.20569262,nan,75.77228546142578,1.6158496080775873,0.0,0.7262085658296799,0.029494499162174254,0.49974306269270297,0.7262168692706258,0.0,nan
2023-11-18,2024-05-12,-0.20949557,1.0164374,1.0164374,1.225933,-0.05922812223434448,-0.013916844502091408,0.03376856632530689,0.24786164,0.27644303,96.601003408432,4.064806465013744,1.9614768323980216,0.7488007648471391,0.08077878024142707,0.49904743251905137,0.7488550452553857,0.03900818062214229,0.499409637665117
2023-08-14,2024-03-17,-0.3000813,1.0298544,1.0298544,1.3299358,-0.09112180769443512,-0.033814962953329086,0.09144747070968151,0.3809175,nan,71.9142496585846,2.1083820468535497,0.0,0.7360903525087463,0.03938961195785141,0.4924515917295701,0.7364086510783402,0.0,nan
2024-01-29,2024-05-24,-0.20682824,0.28382725,0.28382725,0.49065548,-0.10104059427976608,-0.07855503261089325,-0.05579615756869316,0.46100917,nan,62.19368577003479,0.2657372365928411,0.0,0.7622497063018306,0.00524126228207023,0.4685970636215334,0.762416604892513,0.0,nan
2023-08-14,2023-12-24,-0.17768899,0.69518167,0.69518167,0.8728707,-0.07334108091890812,-0.01725540403276682,0.08002351969480515,0.515142,nan,60.29437780380249,0.4673453345733138,0.0,0.7470488186971348,0.009130433592991155,0.4940775836541309,0.7471041749701076,0.0,nan
2024-01-17,2024-03-25,-0.112406924,0.4571649,0.4571649,0.56957185,-0.021900960244238377,0.01815924607217312,0.03188349585980177,0.19509567,0.29196838,96.64964079856873,3.929612061540956,2.0054077761389117,0.7431928749364919,0.07456428433915042,0.48506335641667897,0.7438702944314091,0.03825323035457459,0.4876213504637482
2023-11-26,2023-12-24,-0.09640912,0.48088664,0.48088664,0.5772958,0.027187541127204895,0.03643454983830452,0.05089142546057701,0.36927873,0.4262348,87.3013973236084,1.5832245963727374,0.2848113612422457,0.751025956704627,0.03097833275435794,0.4863094966458267,0.7514305593487054,0.005671536358443424,0.49492643328259767
2024-02-18,2024-05-16,-0.18122765,0.2291858,0.2291858,0.41041344,-0.06045422423630953,-0.04605737514793873,-0.009578960482031107,0.38215733,0.53464854,91.27088785171507,2.5470857595769734,0.8668668408065976,0.7566455934208661,0.05072538326988373,0.4829079242497374,0.7575155699032974,0.017873252899221755,0.4999582881454909
2023-08-22,2024-02-22,-0.16367573,0.90488064,0.90488064,1.0685563,-0.07547251135110855,0.029936380684375763,0.15586447715759277,0.47738567,nan,61.28534078598023,0.7561774585120888,0.0,0.7493327845954305,0.01482313182908044,0.49111233278358074,0.7494671976675867,0.0,nan
2024-07-15,2024-11-16,-0.15353738,0.36422485,0.36422485,0.51776224,-0.0235994141548872,0.011985357850790024,0.02007920853793621,nan,nan,20.06204873323441,0.0,0.0,0.7961841587769621,0.0,nan,0.7961841587769621,0.0,nan
2024-03-01,2024-04-06,-0.03396518,0.26267898,0.26267898,0.29664415,0.04796887934207916,0.059470025822520256,0.0682787373661995,0.31883824,0.42672324,96.30800485610962,2.552292601367085,1.136537855186159,0.7443353900358405,0.04865990259510026,0.48607372566797946,0.7447598922762287,0.021727476180616028,0.4874013743955205
2023-11-26,2023-12-08,-0.15228578,0.10908312,0.15228578,0.2613689,-0.004535866668447852,0.0019694746006280184,0.011222016531974077,0.35264698,0.47150257,94.24004554748537,2.217800493326224,0.8216323693675339,0.7444457449529432,0.04298625888531715,0.4948853270784467,0.7446632188741353,0.016071388146873727,0.49942842068237775
2024-01-17,2024-07-27,-0.22704992,0.44859955,0.44859955,0.67564946,-0.11042870581150055,-0.09181293100118637,-0.051639216020703316,0.18259121,0.2571376,95.01530528068542,3.6694279713457343,1.6363010000622416,0.8204964992755375,0.10101524792795197,0.4926727283485533,0.8209698244354475,0.04553551750145079,0.49803175726480603
2023-12-20,2024-02-18,-0.18829538,0.4636063,0.4636063,0.65190166,-0.08362844958901405,-0.048472627997398376,-0.01956982258707285,0.25579247,0.38087016,96.52380347251892,3.707271354559892,1.891674549246599,0.750014463449417,0.0716029730170186,0.4799566947565543,0.7509791755255294,0.03701283961539357,0.4862183653184494
2024-03-17,2024-11-16,-0.15050536,0.4824572,0.4824572,0.6329626,-0.022237460128962994,-0.00839652493596077,0.03447505086660385,nan,nan,41.08595550060272,0.0,0.0,0.8693104405855961,0.0,nan,0.8693104405855961,0.0,nan
2023-12-08,2024-02-10,-0.3788431,0.35647324,0.3788431,0.73531634,-0.2875472456216812,-0.27232831716537476,-0.23186630010604858,-0.062100247,0.1841671,95.27344703674316,2.564514216124432,1.0393434751040644,0.7556700337576909,0.04933121707315256,0.4667108454119903,0.7567909510875067,0.020210284726413758,0.4717854160868355
2023-11-18,2023-12-08,-0.12225108,0.2226551,0.2226551,0.34490618,-0.003584291087463498,0.014397261664271355,0.027858858928084373,0.4522711,0.6350059,96.63041830062866,3.959140603627089,2.03580480475699,0.7435348415084453,0.07669694859323947,0.4962525592278444,0.7436889978678656,0.039457383285563134,0.496498275800775
2024-03-17,2024-07-15,-0.13382362,0.3767914,0.3767914,0.510615,-0.049888091161847115,-0.027320396155118942,-0.009222898166626692,0.22093707,0.35999048,96.60869836807252,3.5415925414884044,1.7116046040052184,0.8201415827063429,0.09539494341166771,0.48079554039981215,0.8211337753363476,0.04691352022574562,0.48924708467128614
2024-03-17,2024-09-13,-0.18111353,0.28550884,0.28550884,0.46662235,-0.10820161551237106,-0.062131479382514954,-0.03789375722408295,0.24687175,nan,78.63874435424805,0.9412089708098664,0.0,0.8235582110448685,0.025237825082426845,0.4716865155589704,0.8240911891558842,0.0,nan
2024-01-13,2024-02-22,-0.16754945,0.4489689,0.4489689,0.6165183,-0.0592352319508791,-0.028489654883742332,-0.009625855833292007,0.24618907,0.3894918,96.0698902606964,3.054105196635408,1.309046841230348,0.7506570903209059,0.0595840367933865,0.48462285146076994,0.751302792281367,0.025758281422832856,0.4887870083959346
2024-06-09,2024-06-29,-0.14208198,0.06493919,0.14208198,0.20702118,-0.028725605458021164,-0.021565448492765427,-0.01561104878783226,0.07798828,0.18359025,96.63549661636353,3.7908700921900262,1.882996479596412,0.7432994454713494,0.07224648551436687,0.4873998473864937,0.7442359538210988,0.03677714986985481,0.4995007297027421
2023-11-30,2024-05-24,-0.19184597,0.9557371,0.9557371,1.1475831,-0.04345130641013384,0.015516725834459066,0.06088600307703018,0.37588194,0.37883297,96.73548340797424,3.449743294072427,1.587776376118618,0.7434490496895397,0.06633300267956546,0.4922822376274949,0.7439389078907631,0.03092576940497843,0.49865762650163814
2024-03-01,2024-09-13,-0.18220353,0.32549062,0.32549062,0.5076941,-0.11247885599732399,-0.09499074518680573,-0.06485728733241558,0.09450866,0.25092652,95.88373303413393,2.7299760774546646,1.129884668454349,0.8227269242896277,0.07130675651931247,0.45688741721854303,0.8244531369775441,0.030505111058283636,0.472224
2023-12-24,2024-02-06,-0.12369863,0.5213216,0.5213216,0.64502025,-0.02324969694018364,-0.00879967026412487,0.023155558854341507,0.2747267,0.38816002,96.72305583953856,4.029192080770248,2.1898395606015284,0.7492298099668081,0.078558708178479,0.4868739577169294,0.749882954235106,0.04303708836715415,0.4907618199214755
2024-03-17,2024-03-25,-0.11688306,0.19755134,0.19755134,0.3144344,0.010226188227534294,0.013620050624012947,0.01651734672486782,nan,nan,17.34422594308853,0.0,0.0,0.7429986057234762,0.0,nan,0.7429986057234762,0.0,nan
2024-01-17,2024-05-12,-0.17624344,0.45489568,0.45489568,0.6311391,-0.06338594108819962,-0.0231054974719882,0.005233998876065016,0.262866,0.33152863,96.05697393417358,4.034481810273327,1.9332510201098057,0.7498751550610329,0.07949833891862877,0.4915149340748049,0.750438223829244,0.03850807329068199,0.4968553459119497
2023-08-14,2024-06-21,-0.35739034,1.1035382,1.1035382,1.4609284,-0.1056784987449646,-0.06132005527615547,0.04948251508176327,0.28008607,nan,73.11820387840271,1.7950655418272,0.0,0.7291915769895044,0.03313079073380383,0.4998072623544831,0.729198496523626,0.0,nan
2024-03-05,2024-09-13,-0.13942152,0.28863975,0.28863975,0.42806128,-0.06619755178689957,-0.04615773260593414,-0.02213571034371853,0.3504456,nan,66.15148186683655,0.3665038082262314,0.0,0.829031903476724,0.010082293197575675,0.4697119179163378,0.8292539174252745,0.0,nan
2023-11-26,2024-07-27,-0.3581987,0.998987,0.998987,1.3571857,-0.20198926329612732,-0.17496152222156525,-0.14371775090694427,0.109043114,0.14313978,96.66526913642883,4.852486210997388,2.4596950741073096,0.8182376809332449,0.13266816326611916,0.4958384205354218,0.8186300009970565,0.06778121495457416,0.49976500998707557
2024-03-05,2024-03-13,-0.12644885,0.12791929,0.12791929,0.25436813,-0.020853609777987003,-0.012427822221070528,-0.004955100710503757,nan,nan,40.469104051589966,0.0,0.0,0.7412962577270978,0.0,nan,0.7412962577270978,0.0,nan
2023-12-08,2024-02-06,-0.34898326,0.38904512,0.38904512,0.7380284,-0.22128679975867271,-0.19906651228666306,-0.1480092518031597,0.1235057,0.3160259,92.78932213783264,1.6361053980485916,0.5298684693910021,0.7531938912175042,0.03141556808740598,0.47215346534653463,0.753797740230663,0.01014932835327074,0.4709976798143852
2023-11-18,2024-08-20,-0.48507524,0.9422954,0.9422954,1.4273705,-0.3161296248435974,-0.294721394777298,-0.24231930077075958,0.14182143,0.11767707,95.33643126487732,2.2040016964436924,0.8270886739223892,0.8196110048823418,0.06046598524661299,0.49418776475224113,0.8197955582703801,0.022758867299873038,0.49566853342667133
2023-11-26,2023-11-30,-0.15378848,0.14120372,0.15378848,0.2949922,-0.006787735386751592,0.013073395006358624,0.031190678011626005,nan,nan,46.871984004974365,0.0,0.0,0.7415051507361601,0.0,nan,0.7415051507361601,0.0,nan
2023-11-14,2024-05-04,-0.23460609,1.020396,1.020396,1.255002,-0.061309996992349625,-0.015423460863530636,0.024098748341202736,0.31772685,0.32935846,96.087384223938,2.292796483425019,0.9598475226035602,0.7426344256159714,0.04442335286800199,0.49851893867775887,0.7426965610220263,0.018641240708864172,0.4996989085434701
2023-11-26,2023-12-12,-0.11388664,0.13768399,0.13768399,0.25157064,-0.017067549284547567,-0.0063072682823985815,0.005881815450266004,0.3499199,0.55758715,96.65945768356325,3.326989741877963,1.5557694169531395,0.7442904064378061,0.06488317664550486,0.49849070535093815,0.7443532643485825,0.030359091191750853,0.49879255096828123
2024-04-10,2024-07-15,-0.11780312,0.40787464,0.40787464,0.52567774,-0.027167459949851036,-0.018095294013619423,-0.0063565445598214865,0.20898853,0.30280134,96.62509560585022,3.476016835973625,1.6801989311571803,0.8202739569527205,0.09395879366249527,0.4825265741684521,0.8212414252876555,0.0463687750501763,0.4926410466067048
2024-01-29,2024-04-22,-0.19951014,0.22440566,0.22440566,0.4239158,-0.08467278815805912,-0.07207773625850677,-0.05515693128108978,0.3066023,nan,59.95076894760132,0.2397270666163803,0.0,0.7704783125757727,0.0048170376321219855,0.46081977094635324,0.7706661638033805,0.0,nan
2023-12-24,2024-02-18,-0.18488652,0.4069303,0.4069303,0.5918168,-0.09593689627945423,-0.0817137137055397,-0.055731870234012604,0.22327326,0.40826187,94.632226228714,2.8826493381134246,1.161209588504661,0.7544878380780219,0.055602149167390265,0.47024913529500223,0.755461774442696,0.02229479630030258,0.4680811348929816
2023-08-14,2024-02-10,-0.15668024,0.86851764,0.86851764,1.0251979,-0.05979670584201813,0.01938788592815399,0.14334691315889359,nan,nan,43.337756395339966,0.0,0.0,0.7555197123688057,0.0,nan,0.7555197123688057,0.0,nan
2024-01-25,2024-05-12,-0.15070648,0.4506678,0.4506678,0.60137427,-0.06391213089227676,-0.024151278659701347,-0.0006171282147988677,0.24918413,0.32531372,93.82798075675964,3.549882448481801,1.4652395753406249,0.7515472438612386,0.06964642394084872,0.4854171330877414,0.7524727724095677,0.029388746773195033,0.4962524654832347
2023-11-26,2024-02-22,-0.41514865,0.48045462,0.48045462,0.8956033,-0.27383656799793243,-0.2536008656024933,-0.21037188917398453,0.10252132,0.32929945,91.10400080680849,3.0382768551392485,1.012229114917266,0.749489550414212,0.05816061349622076,0.47685009036431086,0.7505884800957174,0.019699632807197675,0.484796573875803
2023-12-08,2024-05-04,-0.25549057,0.7672596,0.7672596,1.0227501,-0.1037888154387474,-0.07474716007709503,-0.04107435420155525,0.33403903,0.44159853,94.57003474235536,3.114993100934628,1.1835440657913388,0.7446069412986442,0.05864979923908696,0.47831638575474766,0.7457517233199981,0.022888594417409053,0.49129292435537086
2023-12-24,2024-01-25,-0.10859061,0.4848948,0.4848948,0.5934854,-0.018192477524280548,-0.0064593167044222355,0.018312856554985046,0.26561612,0.37432882,96.66910767555235,3.553278220673172,1.758215239936593,0.7479397777864478,0.06901213191516288,0.48788125254168363,0.7484368610348868,0.034271653656544276,0.48964454489418535
2023-11-14,2024-03-17,-0.29655114,0.9048096,0.9048096,1.2013607,-0.12406705506145954,-0.06725223362445831,-0.016177982557564974,0.29558057,0.31343007,92.36060380935668,1.868975213753022,0.5649264417942971,0.7466681694764875,0.036688360786238265,0.49708133601360754,0.7467498125100247,0.011100522427877277,0.49757002174191073
2024-02-22,2024-11-12,-0.13941582,0.19058383,0.19058383,0.32999963,-0.06424391269683838,-0.049359578639268875,-0.013864044565707445,nan,nan,34.214723110198975,0.0,0.0,0.889981677280261,0.0,nan,0.889981677280261,0.0,nan
2023-12-12,2024-05-12,-0.22691503,0.8384064,0.8384064,1.0653214,-0.07330720126628876,-0.03736373409628868,0.017925776541233063,0.24928154,0.31195077,95.6903040409088,4.189976652053412,1.914546081644783,0.7511025017516383,0.08262477110232455,0.4889985676566518,0.7518038801409409,0.038158846239079974,0.49424050154845534
2024-08-20,2024-09-01,-0.38949397,0.3352593,0.38949397,0.72475326,-0.07147670164704323,-0.04800202324986458,-0.02187602873891592,-0.27384973,-0.32898125,96.96494340896606,12.55105695308363,7.653544379725309,0.7193691239187131,0.2210284445304983,0.48960585398303674,0.7204083897092912,0.1348196063167919,0.48974406821019995
2023-08-10,2024-06-29,-0.34625897,1.1145087,1.1145087,1.4607677,-0.10785183310508728,-0.07351194322109222,0.019431181252002716,0.18088248,nan,68.74690055847168,1.3575516505218943,0.0,0.7301085512819622,0.02508143154596244,0.4985657207253355,0.7301474934458947,0.0,nan
2024-02-18,2024-06-21,-0.23801512,0.23319484,0.23801512,0.47120994,-0.14683523774147034,-0.12736302614212036,-0.10876509174704552,-0.21958631,-0.039800607,96.6913640499115,3.752686585729204,1.918576565162179,0.7492677878732654,0.0715038377519683,0.47403260618207044,0.7502672122279787,0.036650858316388896,0.47525442894836034
2024-03-01,2024-08-20,-0.16250895,0.39483994,0.39483994,0.5573489,-0.08705399185419083,-0.0694233849644661,-0.04032130166888237,0.3271642,0.37614825,88.84508609771729,1.8312173306836292,0.4880691005759345,0.8259793924772707,0.051496656737559106,0.4881525945817866,0.8264096800974258,0.014047951340429521,0.4996295747518151
2024-02-22,2024-07-27,-0.18380074,0.39652094,0.39652094,0.58032167,-0.06784147024154663,-0.0553488414734602,-0.023154734633862972,0.18099397,0.2700853,94.45122480392456,3.8281912672299314,1.7242575180228803,0.8255758001378539,0.10650907344373212,0.481306030008493,0.8267592628717829,0.04911980286925471,0.49281374397653466
2024-05-16,2024-08-20,-0.14617586,0.36749622,0.36749622,0.5136721,-0.05603163596242666,-0.031753113493323326,-0.021180877462029457,0.30513316,0.35320172,81.08430504798889,1.274576359507105,0.0497208539538573,0.8191865320898536,0.0343752443702116,0.486741241269661,0.8195245180985355,0.001377496085063892,0.5
2023-08-14,2023-12-20,-0.17957012,0.6793111,0.6793111,0.85888124,-0.07756801880896091,-0.02959760371595621,0.060180336236953735,0.4680703,nan,67.24330186843872,1.175075284531243,0.0,0.745236592710686,0.02284695690924802,0.4951124720292074,0.7453514569771047,0.0,nan
2023-12-12,2024-05-04,-0.38089243,0.3712891,0.38089243,0.75218153,-0.26810479164123535,-0.24768739938735962,-0.2021322324872017,0.012988965,0.3894565,91.30504727363586,2.608693765903032,0.8436786645755469,0.7535927565689148,0.049156168712990826,0.46041909196740394,0.7548783759258014,0.015669250095435943,0.4538052793966404
2023-08-14,2024-09-01,-0.44304058,1.118887,1.118887,1.5619276,-0.17830127105116844,-0.147758387029171,-0.03740709647536278,0.13477331,nan,58.269041776657104,0.9989039457951374,0.0,0.7436651665116691,0.018447030052508705,0.4723607647547797,0.7442173453345733,0.0,nan
2024-01-17,2024-04-10,-0.12612091,0.4549831,0.4549831,0.581104,-0.01224415423348546,0.008068039081990719,0.022542188875377178,0.22641495,0.33943605,96.45549654960632,3.870120734102716,1.911394109055854,0.744373654750549,0.07373159163472684,0.4847589482739275,0.7450698914536583,0.03660980309893407,0.4873532752745172
2024-01-13,2024-03-13,-0.16401602,0.5270425,0.5270425,0.6910585,-0.06760616973042488,-0.02265290729701519,0.004511355655267835,0.2705063,0.38846514,96.57493233680724,4.021862759772117,2.0375403744492915,0.7454086830644596,0.0778247849434039,0.4912894178562439,0.7459625550708573,0.03983726755304682,0.49639802689946416
2024-02-06,2024-11-12,-0.08569069,0.19546533,0.19546533,0.281156,-0.0006675322074443102,0.014994585420936346,0.025960502214729786,nan,nan,34.1837614774704,0.0,0.0,0.8899870960656728,0.0,nan,0.8899870960656728,0.0,nan
2023-11-18,2024-03-05,-0.31989932,0.75479907,0.75479907,1.0746984,-0.1389840692281723,-0.11285614222288132,-0.05749538540840149,0.41385514,0.46096876,84.8082423210144,1.3105461767051647,0.1827440410967827,0.7475787319228147,0.025688876138564153,0.4945051910757676,0.7477227559393622,0.003621889119988525,0.5
2024-01-29,2024-02-06,-0.1191562,0.07286347,0.1191562,0.19201967,-0.02055124193429947,-0.015216473489999771,-0.008858829038217664,nan,nan,17.343588173389435,0.0,0.0,0.7529452904974734,0.0,nan,0.7529452904974734,0.0,nan
2024-07-27,2024-11-12,-0.079493545,0.10965855,0.10965855,0.18915209,-0.0321226567029953,-0.021374015137553215,0.023544656112790108,nan,nan,0.0,0.0,0.0,0.9314182526905616,0.0,nan,0.9314182526905616,0.0,nan
2023-11-30,2024-08-20,-0.43442443,0.9005702,0.9005702,1.3349947,-0.27121002972126007,-0.24207252264022827,-0.18398994207382202,0.11649593,0.12636213,96.54338359832764,2.848330363838928,1.244369881957179,0.8197939561035031,0.07838239929648584,0.49514242954620397,0.8200222675955188,0.0344448883793676,0.49805492655170414
2024-01-29,2024-02-10,-0.16327451,0.25038296,0.25038296,0.4136575,-0.01211516885086894,-0.0009206263057421893,0.008919137064367533,0.18641584,0.23344035,88.80292177200317,1.4724646225563085,0.3620471159779029,0.7586516327884203,0.029106565941654755,0.47566241413150145,0.7591740037021142,0.007119008443125998,0.4731590500898024
2023-12-12,2024-02-18,-0.23804393,0.6007143,0.6007143,0.83875823,-0.08642557263374329,-0.0647764578461647,-0.042099617421627045,0.23330285,0.24499448,87.98593282699585,2.192060541247196,0.3949411095227662,0.7476039251159263,0.04252595259999627,0.48868584245942737,0.7480811516488538,0.007801926369678695,0.4976199194434273
2024-01-17,2024-06-09,-0.23536824,0.36546582,0.36546582,0.6008341,-0.11885786801576614,-0.09057757258415222,-0.07421308010816574,0.09124085,0.2523821,96.64076566696168,3.3053149928277485,1.6785673446169034,0.7429069981197267,0.06115696387004216,0.4723012918765054,0.7439245748396557,0.03128588399740288,0.47576855085586167
2023-12-24,2024-04-06,-0.23551264,0.43916914,0.43916914,0.6746818,-0.13212039321660995,-0.11704099923372269,-0.08470303937792778,0.3433679,0.50251836,95.87244391441344,2.334196003970886,0.938894885678078,0.7526385872431677,0.04459070232669494,0.4698517349181292,0.7536544288816928,0.018290721567717383,0.4791458253174298
2023-08-10,2024-09-13,-0.46270624,1.158649,1.158649,1.6213552,-0.1615113541483879,-0.1333441212773323,-0.037605601362884045,0.048129033,nan,71.8941867351532,2.4815893966050777,0.0,0.7380930856797147,0.04583915003356813,0.4821498626912515,0.7389790199091814,0.0,nan
2024-01-17,2024-03-01,-0.14024758,0.27767068,0.27767068,0.41791826,-0.027626181486994028,0.00411954871378839,0.018719505053013563,0.30344036,0.45013493,96.05603218078612,4.005025642064855,1.9450479621687269,0.7423109992371794,0.07670825245383359,0.4923831725035238,0.7426598413275106,0.037321636949462215,0.49328372093023254
2024-05-16,2024-06-21,-0.029539773,0.40513662,0.40513662,0.43467638,0.08645852655172348,0.10660805553197861,0.13353531062602997,0.19672503,0.1855655,96.91275358200072,4.160267609650044,2.2394648964981174,0.7473290420448805,0.0802554426204026,0.4850216585773185,0.7480332398745326,0.04345748524022948,0.4878971011214168
2024-03-01,2024-09-01,-0.22495277,0.30040583,0.30040583,0.5253586,-0.15340006351470947,-0.12195023149251938,-0.08082621917128563,-0.17964226,-0.14915694,94.90843415260316,3.394933164400244,1.4455494519799017,0.8235578494586331,0.09032844249189653,0.46272233464692725,0.8256073202410189,0.040175313483045615,0.48334083746060336
2023-12-20,2024-01-13,-0.11936655,0.14077184,0.14077184,0.2601384,-0.030419436283409595,-0.019549764692783356,-0.0052726250141859055,0.35215288,0.5660587,96.63175940513612,3.5303833681902463,1.772206457062358,0.7504306492063906,0.07030492005366012,0.4965074357818837,0.7505174299028924,0.03521989775570139,0.49549090018770914
2023-12-20,2024-02-10,-0.18337843,0.358906,0.358906,0.5422844,-0.0882255882024765,-0.07183315604925156,-0.0439932644367218,0.24242394,0.414077,96.19123935699464,3.1716175054020983,1.455167645842192,0.7580120278045351,0.06242682357898539,0.4729233645712201,0.759056288852441,0.02888079579828139,0.47686611668820195
2024-01-25,2024-06-21,-0.24635375,0.31405765,0.31405765,0.5604114,-0.14009042084217072,-0.12619903683662415,-0.10749378986656666,-0.008941532,0.1699373,96.65402173995972,3.562887533470031,1.7896441953248163,0.7481431628655694,0.06763529297887987,0.4746821325005577,0.7492225849195925,0.03433629545943775,0.4797537343560759
2023-11-26,2024-03-25,-0.17343388,0.82925904,0.82925904,1.0026929,-0.021594535559415817,0.0017911469331011176,0.03457893058657646,0.3304167,0.35871354,89.72831964492798,2.0141264123161045,0.5646374399056697,0.7459380784553427,0.03922704378975113,0.4943681170857696,0.7461642224331936,0.011120709653271246,0.4999360204734485
2024-03-13,2024-07-15,-0.14063467,0.36775947,0.36775947,0.5083941,-0.05827317759394646,-0.045371416956186295,-0.030266081914305687,0.060314853,0.17915176,96.929669380188,4.172126618821577,2.3047506645955007,0.817991590950509,0.1115529791047167,0.4828139083408445,0.8184218785706641,0.061037855805524684,0.4782240351427675
2023-12-12,2024-02-10,-0.31353393,0.4002949,0.4002949,0.7138288,-0.24648284912109375,-0.21360541880130768,-0.15800249576568604,-0.08365166,0.16623136,94.99026536941528,2.4740580379771093,0.8448355773826438,0.7573397079229004,0.04889836850770843,0.4773936170212766,0.7580844705424692,0.016714563688070647,0.47787572749058543
2023-11-14,2024-03-05,-0.3374818,0.8069393,0.8069393,1.1444211,-0.16071251034736633,-0.13616886734962463,-0.06780873239040375,0.44171658,0.49444458,89.48932886123657,1.6625556148009428,0.3971608454461249,0.7476919586669499,0.03224640798416932,0.48863586980139934,0.748068383626887,0.00787949181221142,0.4998180825905039
2023-11-14,2024-05-28,-0.23758703,1.1125364,1.1125364,1.3501234,-0.06519783101975918,-0.02695835754275322,0.02775284880772233,0.26738638,0.3087301,96.5291440486908,3.878044093018148,1.8128365968871605,0.7447911022098529,0.07586496910521219,0.4991243595714951,0.7448308399695392,0.035470954368596624,0.49922282890279385
2024-05-24,2024-08-20,-0.1254258,0.377393,0.377393,0.5028188,-0.03707968443632126,-0.02241433411836624,-0.010930358432233334,0.11357024,0.21018052,96.86836004257202,3.8727698085506983,1.9944742838894447,0.8156894067802734,0.10116169283725018,0.47673594268870567,0.8166553955930101,0.05235040408858873,0.4790436515124072
2024-05-28,2024-06-29,-0.04689261,0.35315782,0.35315782,0.40005043,0.07735498249530792,0.08824993297457695,0.09534941613674164,0.17349482,0.16195208,96.90738320350648,4.603137411447531,2.4573400559446226,0.7441755689197829,0.087791216473517,0.4853343178533275,0.744777971588,0.04681345663084067,0.48478516774573277
2024-07-27,2024-09-01,-0.2912624,0.31713724,0.31713724,0.6083996,-0.08362722396850586,-0.06242399848997593,-0.036172959953546524,-0.28638914,-0.32593045,96.96614146232604,12.756778942123985,7.808801403799872,0.7233574872070067,0.22781317624428948,0.48904038883392836,0.7242990602925022,0.13919010980203575,0.4881248506822941
2024-01-29,2024-07-27,-0.17138925,0.4046371,0.4046371,0.5760263,-0.07741779834032059,-0.05643511191010475,-0.03227800503373146,0.5224291,nan,54.35113310813904,0.0913245968062401,0.0,0.8373034967783515,0.002514974317046727,0.4477848101265823,0.8373988674015985,0.0,nan
2023-08-10,2023-12-24,-0.13916463,0.72872597,0.72872597,0.8678906,-0.06016810052096844,0.0003032227250514552,0.08939428068697453,0.50804627,nan,61.41142249107361,0.6802361564084198,0.0,0.7508702878243152,0.012972528762620334,0.47444285422204047,0.7512179857165706,0.0,nan
2024-01-25,2024-05-28,-0.15251613,0.48482493,0.48482493,0.637341,-0.04388539865612984,-0.00943667721003294,0.021323313005268574,0.33656892,0.4487194,95.29444575309752,3.3171636776646336,1.4718866187790538,0.7493450494698983,0.06450791519700463,0.4855811116919324,0.7500632191631372,0.028995865174001233,0.4919006479481641
2023-12-12,2024-09-01,-0.3730378,0.61830527,0.61830527,0.991343,-0.28632640838623047,-0.25387102365493774,-0.19802060723304749,-0.009247072,-0.039134927,86.9871199131012,1.754819807214942,0.3305878346279911,0.8234200367175202,0.048529958145425656,0.48708228604392434,0.8238640020072437,0.00935826407177885,0.49857830271216097
2024-02-18,2024-06-29,-0.25116244,0.23323378,0.25116244,0.48439622,-0.14614179730415344,-0.12872804701328278,-0.10521126165986061,-0.07679803,0.15392987,96.78199887275696,2.856025039123631,1.3973138481742788,0.757404562929022,0.05477214127331313,0.46096776643962223,0.7585956279885102,0.026906193870213643,0.46284028568471175
2024-02-22,2024-04-06,-0.088768505,0.20396467,0.20396467,0.29273316,-0.003773532109335065,0.0065032788552343845,0.01472744345664978,0.26187766,0.38251233,95.60642838478088,2.1609393717387944,0.8960503556890743,0.7484227721928163,0.04170800222888071,0.48425223176970145,0.7488808401862906,0.017413490487661245,0.48758264796000644
2024-03-01,2024-03-25,-0.078085795,0.23656401,0.23656401,0.31464982,0.020677546970546246,0.029332020319998264,0.03681967779994011,0.14454173,0.22232121,96.60422205924988,3.273150920309286,1.4890844347250063,0.743324756507829,0.06215190929387163,0.48559466207109875,0.743679111018545,0.027963198355322228,0.48023408285173136
2024-01-29,2024-07-03,-0.27359223,0.25702205,0.27359223,0.53061426,-0.16293299198150635,-0.1473219022154808,-0.13002250716090202,0.024560377,0.25495604,92.3105239868164,1.7094461712307292,0.5501873454743027,0.7636564229947242,0.03255481513658728,0.4466187658495351,0.7647661902470533,0.010205150481683103,0.4349967170059094
2024-04-22,2024-06-29,-0.16860296,0.41895887,0.41895887,0.58756185,0.023839942645281553,0.031109411269426346,0.03753390908241272,0.18893892,0.26105493,96.93660140037537,3.1505715286401124,1.6262298213774,0.7471459749853102,0.05986537664610001,0.47780100142404336,0.7477060701580713,0.030668684961782853,0.4742135006452187
2023-08-10,2024-03-05,-0.19589852,0.95608854,0.95608854,1.1519871,-0.09939194470643997,-0.0560770221054554,0.08717112243175507,nan,nan,36.41040027141571,0.0,0.0,0.746939215454476,0.0,nan,0.746939215454476,0.0,nan
2024-04-22,2024-05-04,-0.14515476,0.069631465,0.14515476,0.21478623,-0.029854513704776764,-0.020025230944156647,-0.011964197270572186,0.13483715,nan,73.0339765548706,0.6629963789195807,0.0,0.7451299218182397,0.01300655580383127,0.5,0.7451299218182397,0.0,nan
2023-12-20,2024-03-25,-0.32491124,0.38089988,0.38089988,0.70581114,-0.1975797787308693,-0.1526532620191574,-0.12561572343111038,0.18513255,0.42060864,96.52933478355408,3.096045982198387,1.3708457357412085,0.7548137975522058,0.05964409468015049,0.4685952536671961,0.7561126153098505,0.026851214570385026,0.4764454526271365
2024-05-12,2024-11-16,-0.15994404,0.3949279,0.3949279,0.5548719,-0.02568958606570959,-0.020583844743669033,-0.006155879353173077,nan,nan,23.59454482793808,0.0,0.0,0.8655744407874776,0.0,nan,0.8655744407874776,0.0,nan
2023-08-22,2024-03-05,-0.21207985,0.9894691,0.9894691,1.2015489,-0.07320010662078857,-0.030005166307091713,0.17796996235847473,0.41930854,nan,69.00739669799805,1.7689868857184032,0.0,0.7410753877193565,0.03301564138811619,0.4820617264609118,0.7417100391322181,0.0,nan
2024-05-16,2024-07-27,-0.10482901,0.36010644,0.36010644,0.46493545,-0.01400416623800993,0.008643788285553455,0.02045048587024212,0.11853526,0.20572172,96.81235551834106,3.515922976824437,1.8017476843977844,0.817245102821568,0.09312440395672976,0.4804034582132565,0.817867518169462,0.04758570054786103,0.47903193412331796
2024-01-13,2024-02-18,-0.16748267,0.4598853,0.4598853,0.627368,-0.061705002561211586,-0.009437309578061104,0.02183019556105137,0.27352807,0.34535444,96.14556431770325,3.15974579733346,1.4183027944505786,0.7476776783073787,0.06160196119826112,0.49078926291219477,0.7481585201928285,0.02796890460987866,0.4964313025745603
2023-12-20,2024-06-29,-0.3736138,0.458688,0.458688,0.8323018,-0.28568828105926514,-0.25854194164276123,-0.21478533372282982,0.13784651,0.35303363,95.99354863166808,2.452205531401595,0.9396903086210836,0.7591477701700033,0.04710335273767799,0.45875726208381257,0.7606078553886474,0.018494939478126585,0.4700631060489457
2024-01-13,2024-05-04,-0.17731363,0.5526876,0.5526876,0.7300012,-0.06142376270145178,-0.009540614672005177,0.023669426795095205,0.45276552,0.5481872,94.687157869339,2.65446412883381,1.034786198897896,0.7451393393015573,0.05077806009941642,0.4861213260330691,0.7456924882374506,0.019998520419631755,0.49112570749772905
2023-12-08,2024-03-17,-0.3081356,0.71269673,0.71269673,1.0208323,-0.14922350645065308,-0.1066194698214531,-0.07927857339382172,0.1427016,0.32072714,96.44734263420104,4.004929143561306,1.5804934350403097,0.7472674928188974,0.07621312006916675,0.4775189599133261,0.7484491566362645,0.030259015094203683,0.4804163806909174
2023-08-14,2023-11-18,-0.7099598,0.42190543,0.7099598,1.1318653,-0.0695471242070198,-0.037637654691934586,0.014635983854532242,0.21237954,0.25439385,85.67336201667786,3.212324520614676,0.557852840883929,0.7229633043266463,0.057927933553987385,0.4995261071859383,0.7229937502767814,0.010069318678573658,0.5
2023-08-22,2024-03-25,-0.36250952,1.022687,1.022687,1.3851964,-0.10511825978755951,-0.04941168427467346,0.058079469949007034,0.20937516,0.17324878,85.19846200942993,3.126004633786735,0.3529382420433004,0.727650708925028,0.05733331637131553,0.4994458974245312,0.7276770372587493,0.0064650730850942025,0.4988221436984688
2023-12-12,2024-04-22,-0.5009617,0.35447574,0.5009617,0.85543746,-0.35907822847366333,-0.32482028007507324,-0.18524707853794098,0.15963708,0.3973453,80.66774606704712,0.9264702373334316,0.0195229036197632,0.7608534690392056,0.017343330848629948,0.44579723718098807,0.7618310603612026,0.00035372864913609745,0.43148148148148147
2024-05-16,2024-06-29,-0.04383507,0.3912461,0.3912461,0.43508118,0.06294479221105576,0.08012501150369644,0.09675139933824539,0.1972644,0.24248889,96.52934074401855,2.9202859636654184,1.3707612429200255,0.7470001027709062,0.05582249188776895,0.48156133828996284,0.7474770466246995,0.026015160068431464,0.4781151003167899
2023-08-10,2024-06-09,-0.38214362,1.0770552,1.0770552,1.4591988,-0.10993658006191254,-0.07230916991829872,0.01718808524310589,0.18528768,0.20543243,85.47621965408325,2.7142688261023764,0.3923423016209675,0.7291064859564821,0.05000372299863148,0.4989495798319328,0.729162117619243,0.007240590441907099,0.49982275788727404
2024-07-03,2024-11-16,-0.15241517,0.36233482,0.36233482,0.51475,-0.020150322001427412,-0.010878194589167833,0.003628335543908179,nan,nan,31.12979829311371,0.0,0.0,0.864454945089939,0.0,nan,0.864454945089939,0.0,nan
2023-11-18,2024-04-06,-0.24873379,0.8491128,0.8491128,1.0978466,-0.08843815326690674,-0.06574897840619087,-0.019154132809489965,0.39640933,0.39460754,93.55939030647278,2.142411526553252,0.7695514411810259,0.7480191269683886,0.04165173914607388,0.4889703398419026,0.7484511990180313,0.015218157620229489,0.49736668861092825
2024-01-29,2024-03-17,-0.2527213,0.3305925,0.3305925,0.5833138,-0.06096263229846954,-0.029398873448371887,-0.009843077743425965,0.17604691,0.35294995,95.30696272850037,1.7007038640997518,0.6441852097503458,0.7616608649537525,0.03316631312023017,0.46229661412974216,0.7624274424633365,0.012499085655767683,0.45995962314939437
2024-01-17,2024-05-16,-0.2244076,0.42323127,0.42323127,0.64763886,-0.10156217589974403,-0.048600561916828156,-0.024922161363065243,0.23859125,0.33304125,94.89635825157166,3.816564064632768,1.661776604999298,0.7483451712872563,0.07446602866119832,0.4894375545189062,0.7490305519087163,0.032882190184102184,0.4963633988066722
2023-08-14,2023-12-08,-0.46605024,0.49574444,0.49574444,0.9617947,-0.08731445297598839,-0.049505408853292465,0.02970171719789505,0.46671596,nan,67.56598949432373,1.3522153580443734,0.0,0.7260452648244099,0.02465312597090628,0.499437109814758,0.7260604877994774,0.0,nan
2024-02-10,2024-09-13,-0.16945656,0.32611755,0.32611755,0.49557412,-0.07881679385900497,-0.04554552584886551,0.018750655464828014,0.5064788,nan,75.83943009376526,0.8223548740891021,0.0,0.8364643075442498,0.02222582774538981,0.4392901071867861,0.8374628090694572,0.0,nan
2023-12-20,2024-07-15,-0.25546739,0.6884227,0.6884227,0.9438901,-0.1496131718158722,-0.12670782953500748,-0.0739391278475523,0.23446509,0.36735806,96.28064632415771,3.5628538121313627,1.5906901668792792,0.827007020558347,0.09903784450148609,0.47615036434124264,0.8282783577620993,0.04518204539313699,0.4865430078196036
2023-12-20,2024-01-29,-0.21578607,0.34997427,0.34997427,0.5657604,-0.1299758404493332,-0.11433244496583939,-0.08945941179990768,0.14709887,0.32573748,96.60505056381226,3.0467256196864905,1.4515517834879477,0.7569413709614433,0.05970227495008709,0.47307144552575364,0.7579118684173226,0.028674645741938672,0.47690813072937427
2024-03-05,2024-06-29,-0.21214241,0.21853687,0.21853687,0.43067926,-0.11389826983213425,-0.10257413238286972,-0.08475351519882679,-0.15474729,0.059507146,96.86652421951294,2.84344183813086,1.4068597247894843,0.7580554181527861,0.0549631599257169,0.46368168061242654,0.7590570120249118,0.02710699901116658,0.4621928652205202
2023-08-22,2024-08-20,-0.39527178,0.96927047,0.96927047,1.3645422,-0.17483285069465637,-0.13625548779964447,-0.053027259185910225,0.21478726,nan,75.92246532440186,1.6531422173445518,0.0,0.743296667664372,0.03144827511631239,0.4875523889354568,0.7437082210914896,0.0,nan
2024-05-12,2024-05-24,-0.13436498,0.07019621,0.13436498,0.20456119,-0.021922406740486622,-0.015852419659495354,-0.011252791155129671,0.068680495,0.13428168,91.24749302864076,1.893852924433708,0.5341451221873221,0.7462669800934502,0.03729740118302761,0.4996757705218187,0.746279260952359,0.010526240862143828,0.5
2023-11-18,2024-03-17,-0.25775194,0.88294005,0.88294005,1.140692,-0.09907585009932518,-0.040765002369880676,-0.0028009461238980293,0.3337137,0.32107052,86.48574948310852,1.7788775390565632,0.3831473083431159,0.7448372094369746,0.034576513627114024,0.49566703283290614,0.7449913657963949,0.007512437952144039,0.5
2024-04-06,2024-09-13,-0.15962666,0.34947056,0.34947056,0.5090972,-0.0714365616440773,-0.06141876056790352,-0.048317305743694305,0.11404087,0.2640827,94.73933577537537,2.438959188598297,0.9175809963918112,0.821052920580836,0.06413866453679329,0.4662588500162929,0.8219177587325533,0.02367378707242928,0.45744094488188974
2024-02-18,2024-07-03,-0.26100805,0.2687062,0.2687062,0.5297142,-0.16996024549007416,-0.15696775913238525,-0.13642272725701332,-0.18239146,-0.0030239373,96.50388956069946,3.693820346602102,1.8346162412966192,0.7462630062568882,0.07021849737003198,0.4794627824112142,0.7471915597094583,0.03520243370602563,0.4839567976664433
2024-03-13,2024-08-20,-0.1359964,0.43128017,0.43128017,0.5672766,-0.06574806943535805,-0.049990106374025345,-0.03036767803132534,0.34505346,nan,76.36065483093262,1.032979557360594,0.0,0.8224206607482232,0.028946896742761238,0.49747969756370763,0.8224727291661242,0.0,nan
2024-07-15,2024-07-27,-0.12592818,0.06913162,0.12592818,0.1950598,-0.022766735404729843,-0.01658198982477188,-0.011690051993355155,0.16364937,nan,58.51976871490479,0.3453965798707619,0.0,0.7237656796205032,0.0062518766566777165,0.5,0.7237656796205032,0.0,nan
2023-12-12,2024-03-01,-0.35547394,0.44553715,0.44553715,0.8010111,-0.23361855745315552,-0.20694302022457123,-0.14208509027957916,-0.0035784782,0.15306354,95.50246000289916,3.523594875165493,1.385764621750973,0.7525095969532701,0.06868005924393455,0.4795920461307997,0.753601433414968,0.027456154786533758,0.48750326115314374
2024-04-10,2024-06-29,-0.16239583,0.36114243,0.36114243,0.52353823,-0.04136903956532478,-0.036127615720033646,-0.025933632627129555,0.096830115,0.20492874,96.940815448761,3.1488997397669256,1.6251732657696254,0.7492593950358317,0.060402392667743346,0.4783577120025718,0.7497879595745742,0.03091157393581086,0.4743281722726464
2024-04-06,2024-08-20,-0.14176281,0.40920568,0.40920568,0.55096847,-0.05887835472822189,-0.04627166874706745,-0.027508185245096684,0.3755874,0.4519244,87.61429786682129,1.796507990179716,0.4345865900233658,0.8229910394964431,0.049401770636098456,0.48530062336617735,0.8234808976976664,0.012204083721406274,0.4955943474646717
2023-11-26,2024-05-24,-0.17334284,0.9958087,0.9958087,1.1691515,-0.010096951387822628,0.007930563762784004,0.046046119183301926,0.28450036,0.31512865,96.75042629241943,4.581619190881413,2.332389742166965,0.7429266787758458,0.08882801524903428,0.49806821945027047,0.7431000799090222,0.04538851710032104,0.4999225574623629
2023-11-30,2024-03-25,-0.17834188,0.86940145,0.86940145,1.0477433,-0.010677799582481384,0.046393707394599915,0.07385999150574207,0.35337147,0.41531706,92.92545914649963,2.7442896839330846,0.8596361177220293,0.744630344909304,0.052974126509310576,0.49211489350498905,0.7450111048975705,0.016757757866978036,0.4969742813918306
2023-08-14,2024-07-15,-0.42109895,1.0221597,1.0221597,1.4432586,-0.16885145753622055,-0.13008248805999756,-0.03347941115498543,0.14411318,0.14653347,81.00767135620117,2.0575926664009563,0.0568785704796067,0.7432451507904876,0.040019621689513715,0.49932741458165186,0.743272828926974,0.0011077629656782151,0.5
2023-11-18,2024-09-01,-0.5283163,0.8295962,0.8295962,1.3579125,-0.3343777656555176,-0.2982940375804901,-0.2700943648815155,0.009701186,0.020200662,96.56792283058168,3.14001305624753,1.3929800233622878,0.8173855081442325,0.08490449833314129,0.4925091043193657,0.8178262650591946,0.038156958886800624,0.4989348989452902
2024-04-06,2024-04-22,-0.090470836,0.16298203,0.16298203,0.25345287,0.01055289595387876,0.0212924936786294,0.02786004962399602,0.32450232,0.37689885,84.36558246612549,1.1173535519054618,0.1299063489379903,0.7476435508506049,0.021896116618877522,0.49427740058195924,0.7477649316438283,0.0025622810459950216,0.4974972191323693
2024-03-13,2024-05-28,-0.09978719,0.25401452,0.25401452,0.35380173,0.005396201508119702,0.016443182714283466,0.029682695865631104,0.35693234,0.4220132,96.32388949394226,2.863546032820459,1.1228698954871144,0.7452592428673499,0.055332820386644235,0.4912745915094578,0.7456728975206754,0.02191353766815952,0.4961679654794873
2024-03-01,2024-05-28,-0.1392246,0.21960594,0.21960594,0.35883054,-0.0460650697350502,-0.03402623534202576,-0.011158502660691738,0.32526374,0.4774976,95.52406072616576,3.692229367166234,1.7269358603872156,0.7490135927497621,0.07167476992533425,0.4850850047007208,0.7498401788839424,0.034004746194362445,0.49204355108877723
2024-06-21,2024-11-16,-0.15949278,0.36955988,0.36955988,0.5290527,-0.034392695873975754,0.001989220967516303,0.013850058428943157,0.19449057,nan,53.226882219314575,0.0740965007329976,0.0,0.8653272559233742,0.0027509835505704996,0.5,0.8653272559233742,0.0,nan
2024-06-29,2024-07-03,-0.1318962,0.102543205,0.1318962,0.2344394,-0.00471318350173533,0.0018094123806804419,0.010036391206085682,nan,nan,17.343591153621674,0.0,0.0,0.7455555346118043,0.0,nan,0.7455555346118043,0.0,nan
2023-11-14,2024-04-06,-0.19912252,0.9727433,0.9727433,1.1718658,-0.03592658415436745,-0.011402137577533722,0.04730456508696079,0.3411767,0.34940413,93.68367791175842,2.031105273272961,0.7157131771856129,0.7457372221427467,0.0396009196422097,0.49537564029595904,0.7458752205445662,0.013986580731021716,0.49651726226529375
2024-01-17,2024-02-10,-0.10862133,0.27809706,0.27809706,0.3867184,-7.839686531951884e-06,0.015729458071291447,0.027846552897244692,0.22235218,0.35381532,96.03801369667052,2.5013135858795668,1.051592442430199,0.7533096574254875,0.04899984539384079,0.4814386157807934,0.7538104846589091,0.02052433574568023,0.4796627666896077
2023-11-18,2024-03-13,-0.20940857,0.8944996,0.8944996,1.1039082,-0.04923515021800995,-0.013559774495661259,0.03583934158086777,0.39760986,0.41579708,89.60691094398499,1.6479531943658383,0.437427716589685,0.7453000403846237,0.032066327654861906,0.4953008344312692,0.7454404457072882,0.008563910169927653,0.4983454665784249
2024-02-10,2024-03-13,-0.14243798,0.1628859,0.1628859,0.3053239,-0.027701720595359802,-0.006727953907102346,0.014881861861795187,0.46933022,0.6960967,96.61865830421448,2.99210880343103,1.390966089963398,0.7542461602486572,0.05918488710631824,0.4842440779465385,0.7547656411434649,0.027544258071370707,0.48478080199459794
2023-11-26,2024-06-21,-0.18415779,0.99100155,0.99100155,1.1751593,-0.0272040581330657,-0.001920307637192309,0.0192031878978014,0.23604523,0.28139257,96.7251718044281,4.780958243562122,2.4293498758014382,0.7456367939864487,0.09286763040930343,0.4927386205645892,0.746232137877021,0.04768916807772222,0.4979627646918868
2024-01-25,2024-06-09,-0.2332773,0.33940881,0.33940881,0.57268614,-0.1179988831281662,-0.08797811716794968,-0.07585597410798073,0.049505733,0.21394992,96.61833643913268,3.129456951001175,1.5483998687931426,0.7506264115935998,0.05861579339117312,0.46271413399824535,0.7520808135981168,0.029559416415756247,0.47160655125752415
2023-11-18,2023-12-20,-0.08077074,0.531515,0.531515,0.61228573,0.05508799105882645,0.0728231817483902,0.08917533606290817,0.4659498,0.41594565,87.0669960975647,1.814847356254623,0.2742969963393292,0.7489755477616931,0.0358102201153521,0.4949553357792311,0.7491586536721782,0.005467539549497823,0.5
2023-11-26,2024-05-04,-0.21173829,0.82438487,0.82438487,1.0361232,-0.052399612963199615,-0.03160242363810539,0.0015152129344642162,0.36503714,0.3964962,95.95457315444946,2.1608671212666373,0.8667166639933992,0.7442098471613512,0.04173682893414149,0.49351344121974056,0.7444533312525198,0.01688842891660976,0.49787429143047685
2023-11-30,2024-01-29,-0.39061466,0.28612447,0.39061466,0.6767391,-0.29478567838668823,-0.24998106807470322,-0.19451169669628143,0.17908534,nan,68.68115067481995,0.4678218072155102,0.0,0.7624119086118227,0.008866963552513906,0.4494208494208494,0.76288514920445,0.0,nan
2023-08-14,2024-01-29,-0.20995395,0.33725274,0.33725274,0.5472067,-0.10525786131620407,-0.052201926708221436,0.011481142602860928,nan,nan,36.41040027141571,0.0,0.0,0.7653980392808113,0.0,nan,0.7653980392808113,0.0,nan
2024-02-18,2024-11-12,-0.15213281,0.2211302,0.2211302,0.373263,-0.06584169901907444,-0.05274413898587227,-0.02386584412306547,nan,nan,34.18357074260712,0.0,0.0,0.8890074891741081,0.0,nan,0.8890074891741081,0.0,nan
2024-04-22,2024-08-20,-0.13637383,0.43508226,0.43508226,0.5714561,-0.04599609412252903,-0.03531067818403244,-0.02727521490305662,0.17255583,nan,67.45437979698181,0.496198010287226,0.0,0.8205484735597449,0.013697939460431872,0.49526031792329006,0.8205955099760621,0.0,nan
2023-12-20,2024-11-12,-0.18274623,0.6281657,0.6281657,0.81091195,-0.019075259566307068,0.018631567247211933,0.03388574346899986,nan,nan,34.18372869491577,0.0,0.0,0.8893025435422145,0.0,nan,0.8893025435422145,0.0,nan
2024-01-25,2024-05-04,-0.18753017,0.43513295,0.43513295,0.62266314,-0.06955666467547417,-0.02808135189116001,-0.009976121596992016,0.24699031,0.34648278,94.35822367668152,2.996082579399656,1.2291972828042432,0.7466475780919228,0.05722967912485733,0.4818655348702614,0.7474697884650676,0.023839016824929938,0.48924351966143537
2024-06-09,2024-09-13,-0.1473638,0.33643836,0.33643836,0.48380214,-0.06563844531774521,-0.05171522870659828,-0.0382973775267601,0.012550767,0.011825355,88.58587741851807,3.256517953479761,0.7217984431543047,0.8146885006899065,0.08460446199594078,0.47765983433634607,0.815883181611749,0.018921395868405733,0.48196573489630296
2023-08-10,2024-05-12,-0.3485282,1.0730649,1.0730649,1.4215932,-0.12902192771434784,-0.07628492265939713,0.029294133186340332,0.23620328,nan,77.01282501220703,1.1361376327336703,0.0,0.73510775157681,0.020906976438586578,0.48690170155465784,0.7354053809725806,0.0,nan
2024-02-10,2024-06-21,-0.23450682,0.24389754,0.24389754,0.47840434,-0.13516905531287193,-0.12147003784775734,-0.0860485602170229,-0.0430338,0.12154241,96.39153480529784,2.838648800569912,1.238011840407377,0.7608151731771567,0.056014024430143396,0.46843900328336174,0.7621041216004346,0.02501601639835712,0.4796906915669682
2023-08-14,2024-05-16,-0.4281187,1.0641207,1.0641207,1.4922394,-0.1363057717680931,-0.08265496045351028,0.0032306103385053575,0.32683173,nan,51.96201205253601,0.0995029006687037,0.0,0.7293341193924096,0.001838113109146594,0.5,0.7293341193924096,0.0,nan
2023-11-14,2024-01-25,-0.219001,0.7668808,0.7668808,0.9858818,-0.060686349868774414,-0.04370537027716637,-0.004246098455041647,0.4248037,0.47681925,93.16968321800232,1.8533691117671451,0.6332753884546636,0.7447759296107,0.03553554263159238,0.48853890534851085,0.7451971498633744,0.012419859298306305,0.4997147746719909
2023-11-30,2023-12-12,-0.10893665,0.11952269,0.11952269,0.22845934,-0.0003780339320655912,0.021328995004296303,0.033614687621593475,0.62898433,0.7474687,92.42023229599,1.6418919797640878,0.5142066103401985,0.745405231223186,0.03207655904454494,0.4972057205720572,0.7454962668181037,0.010100752020576236,0.49992974567935927
2024-01-17,2024-04-06,-0.092973955,0.48034546,0.48034546,0.57331944,0.012891690246760845,0.027202356606721878,0.04441518522799015,0.2231644,0.30841327,96.58389687538148,4.792019187762446,2.57926025212164,0.7441116613134122,0.09192911401033553,0.4888388811695765,0.7446631502611973,0.04959292673817372,0.48995454290364215
2024-05-28,2024-11-12,-0.12790012,0.12645373,0.12790012,0.25435385,-0.04959931969642639,-0.03913867846131325,0.013146568089723587,nan,nan,34.19511914253235,0.0,0.0,0.8877303665905889,0.0,nan,0.8877303665905889,0.0,nan
2024-06-29,2024-07-15,-0.09387877,0.0794749,0.09387877,0.17335367,-0.013677360489964485,-0.0062423087656497955,0.00132836151169613,0.3449234,0.48121172,88.57110142707825,1.2370265544210486,0.2641812556004396,0.817082754560824,0.03381013531188319,0.49994139365879386,0.8170842045128306,0.0072213898995664,0.5
2023-12-12,2024-04-10,-0.3662232,0.46380752,0.46380752,0.8300307,-0.266078919172287,-0.24533769488334656,-0.19825813174247742,0.24209331,0.5168845,85.65027117729187,1.4559747677316772,0.2149688609687265,0.7545331097599334,0.02763828386743682,0.4639700039729837,0.7554289941149291,0.004083987249558098,0.4643457786747393
2023-11-14,2024-11-12,-0.31386736,0.7118705,0.7118705,1.0257379,-0.05612560361623764,-0.020742105320096016,0.00487512000836432,nan,nan,34.2363178730011,0.0,0.0,0.8879825067156814,0.0,nan,0.8879825067156814,0.0,nan
2024-06-21,2024-08-20,-0.13311654,0.22300379,0.22300379,0.35612035,-0.0488388491794467,-0.04285808280110359,-0.026214187499135733,0.32040483,0.5232656,96.92431092262268,4.220386026109781,2.278449289890427,0.817061678999183,0.11475357830434274,0.49664481361982565,0.8172565173051183,0.06212836491467387,0.4980608449629653
2024-03-17,2024-04-22,-0.119770385,0.19404024,0.19404024,0.31381062,-0.0025251925690099597,0.005571190733462572,0.015789079014211893,0.28181434,0.38804573,95.89839577674866,2.371499483654856,1.0107781625055323,0.7507618621980393,0.04691897200756073,0.49239166895374015,0.7510843971200379,0.02022975680415172,0.4981040280460757
2024-01-25,2024-03-05,-0.17336795,0.26376423,0.26376423,0.43713218,-0.03360801190137863,-0.011343064717948437,0.0033017460955306888,0.24648094,0.38177437,96.65346145629884,3.646047826922549,1.7975917472620684,0.7448279499506529,0.07032121616442634,0.4908647748890298,0.7452311075852881,0.03479865438389803,0.4926848874598071
2024-03-17,2024-07-03,-0.1419077,0.35396823,0.35396823,0.49587595,-0.05640819575637579,-0.04708050191402435,-0.03710367809981108,0.09818827,0.17710851,96.63770794868468,4.397394843491014,2.289057821978079,0.7433124625758246,0.0831917471428875,0.4827404739585903,0.7445187142572006,0.04424290947222242,0.4931917985656968
2024-02-10,2024-04-22,-0.18555848,0.16886362,0.18555848,0.3544221,-0.0711662657558918,-0.04594298452138901,-0.012021601665765047,0.48038766,nan,74.17324185371399,0.6350093997864276,0.0,0.7652452108774531,0.013226820728075659,0.48867903060643986,0.7653889893170451,0.0,nan
2023-12-24,2024-03-25,-0.22967573,0.4329493,0.4329493,0.662625,-0.11152713745832443,-0.08358990773558617,-0.06206334102898836,0.33970052,0.53979576,96.4661955833435,2.531078540598263,1.126312610452909,0.753078231366242,0.04766048064557993,0.46126398721169215,0.7543534521998101,0.0215901180967662,0.46956187054974663
2023-08-14,2024-02-22,-0.18154636,0.89296013,0.89296013,1.0745065,-0.0853352788835764,-0.0524836890399456,0.13338392972946167,nan,nan,36.41040027141571,0.0,0.0,0.7504615329259111,0.0,nan,0.7504615329259111,0.0,nan
2023-11-18,2023-11-30,-0.07433555,0.17684262,0.17684262,0.25117818,0.01477090991102159,0.022247977554798126,0.03099276265129447,0.45861477,0.63397914,96.62153720855711,4.178940070086863,2.165354045772135,0.7423580422576597,0.08108210606156374,0.4998701096274744,0.7423681746005324,0.04202290907303233,0.4999832882115044
2024-02-10,2024-04-06,-0.1175306,0.1946496,0.1946496,0.31218022,-0.025134021416306496,-0.010989612899720669,0.01565125212073326,0.38897294,0.5072788,88.05710077285767,1.3885818243822223,0.2854616154916573,0.754901110778759,0.02729163466197133,0.4806701701441282,0.7553577337627901,0.005672216773217683,0.4859529233105543
2024-03-05,2024-05-24,-0.14583457,0.2119445,0.2119445,0.3577791,-0.049792081117630005,-0.025056181475520134,-0.008331543765962124,0.2793663,0.39462984,96.34186625480652,3.261869429764043,1.4642796189748886,0.7449414085664118,0.06275960300108888,0.48941359051102984,0.7454657086077773,0.028455758389032776,0.49432042670881077
2023-08-10,2024-01-17,-0.24687545,0.8174241,0.8174241,1.0642996,-0.08929108828306198,-0.05383472517132759,0.07328589260578156,0.53973114,nan,55.47285079956055,0.2866421423753329,0.0,0.7331884592115603,0.005234933272850041,0.4871421639980592,0.7332621711647184,0.0,nan
2023-12-20,2024-06-21,-0.33350196,0.57254976,0.57254976,0.90605175,-0.21858970820903778,-0.1997789591550827,-0.14604368805885315,0.06599175,0.16764684,96.56071066856384,3.6954113260379695,1.7758946366636872,0.7531049410035898,0.0725665983983698,0.4822504892367906,0.7541260605324285,0.03556478887133512,0.4918149611108849
2024-03-13,2024-07-27,-0.15429576,0.39594147,0.39594147,0.55023724,-0.049655952490866184,-0.0320032574236393,-0.01651981007307768,0.11860723,0.25047567,96.7393159866333,4.590120306972251,2.404620782819736,0.8198732857196579,0.12365592487981135,0.4804086841441896,0.820724459717847,0.06476500609307295,0.48030134432047156
2024-03-13,2024-06-21,-0.12351168,0.36007106,0.36007106,0.48358274,-0.02307584322988987,-0.012906956486403942,2.0825407773372717e-05,0.080653295,0.19808699,96.91973328590392,3.172051408884608,1.6089864303917571,0.7442721124446412,0.05994808988093631,0.4810204500376171,0.7446402072323033,0.02996552111139366,0.47402130432828443
2024-04-10,2024-05-24,-0.14657031,0.17943318,0.17943318,0.3260035,-0.03356782905757427,-0.012945490889251232,0.0027437281096354127,0.45141548,0.64666206,96.62753343582152,3.252371128951671,1.6097718640251455,0.7456718807280741,0.06245765479978833,0.48674966651845264,0.7464405046742892,0.03157115491318432,0.49710281633203074
2023-12-12,2024-03-17,-0.30924264,0.7322485,0.7322485,1.0414912,-0.13539241254329681,-0.09426406025886536,-0.07311585173010826,0.08197761,0.14889903,94.53362226486206,4.011667465659574,1.2806301704060257,0.7477333547362203,0.07722700373058518,0.4830031902813576,0.7488729138512109,0.02507373993685815,0.49124837671503585
2023-11-14,2023-11-30,-0.101446904,0.24524078,0.24524078,0.34668767,0.008829024620354176,0.019408123567700386,0.03212435729801655,0.432083,0.6012815,96.7888116836548,4.91982365104756,2.745734693376221,0.7410929617925053,0.0949865275748658,0.4998384586013452,0.7411081343916582,0.05302735369755626,0.4999868431439623
2024-02-06,2024-02-22,-0.11520881,0.2555219,0.2555219,0.3707307,-0.00889330729842186,-0.0035641437862068415,0.0046798300463706255,0.115617804,0.2300715,96.26649618148804,2.762930305749548,1.191843788699159,0.7523138213708227,0.05366432685121412,0.4788054705682383,0.7528499198742263,0.022885739826199094,0.47335717749757517
2023-12-20,2024-03-17,-0.2798493,0.44232556,0.44232556,0.7221749,-0.14476124942302704,-0.10392356663942337,-0.07528345845639706,0.19876397,0.37463918,96.27395272254944,3.593444007648272,1.7468231033355608,0.7500310964162465,0.06939376480378977,0.4799356007244919,0.7509676047659959,0.03412655457979061,0.48553094597391844
2024-01-17,2024-04-22,-0.14045516,0.44529837,0.44529837,0.58575356,-0.03240060526877642,-0.0030155708082020283,0.01146504981443286,0.26866508,0.34661907,92.7470564842224,3.280201257279003,1.2900643693267928,0.74955236756666,0.06350895119876683,0.48270193941266026,0.7505236250048852,0.02554437280647006,0.4936605890603086
2024-03-13,2024-03-17,-0.062032342,0.26159918,0.26159918,0.32363153,0.050176761113107204,0.060690585523843765,0.07287419214844704,0.16149634,0.13530642,96.93413972854614,5.865290324820148,3.3659339483192023,0.7390703328618249,0.11001755361940574,0.4864558288638185,0.7401435208085647,0.06389991509011742,0.49234058095565486
2024-06-09,2024-11-16,-0.12224356,0.34012678,0.34012678,0.46237034,-0.01702523184940219,-0.005205066176131368,0.008992112707346678,nan,nan,20.40483504533768,0.0,0.0,0.865237533229775,0.0,nan,0.865237533229775,0.0,nan
2023-12-08,2024-09-01,-0.4296958,0.62186974,0.62186974,1.0515655,-0.3129767179489136,-0.275485098361969,-0.24512990564107895,-0.11346622,-0.1748729,84.13723111152649,1.7384343026737132,0.1479610875356885,0.8216381881347646,0.04771009427828349,0.4883938599775365,0.8220417183734984,0.004157184655396619,0.5
2024-06-09,2024-09-01,-0.18414885,0.30775154,0.30775154,0.49190038,-0.10924867913126945,-0.08143457025289536,-0.052585890516638756,-0.124971904,-0.040856265,96.29538655281068,4.630545648092705,2.267145696111357,0.8150341771309724,0.12233501938167722,0.4849916446721119,0.8154514476466521,0.059100327755192084,0.478548644338118
2024-05-04,2024-05-12,-0.117957875,0.09238558,0.117957875,0.21034345,0.0004489970233407803,0.004181471886113286,0.008454176597297192,nan,nan,17.34362244606018,0.0,0.0,0.7464398579844719,0.0,nan,0.7464398579844719,0.0,nan
2024-04-06,2024-09-01,-0.19873433,0.3078441,0.3078441,0.50657845,-0.11866824328899384,-0.1037399023771286,-0.07424189895391464,-0.14273843,-0.24575092,93.47347617149352,2.942544979531441,0.9770431349768872,0.8211793589071105,0.08007075519595777,0.48404007169690866,0.8220420295446631,0.02724806154321063,0.49608075131257856
2024-06-29,2024-08-20,-0.12341198,0.17969126,0.17969126,0.30310324,-0.04298172518610954,-0.039283305406570435,-0.03113439306616783,0.22842409,0.4299558,96.92410826683044,4.934404171221932,2.7457741148767973,0.8163512537735002,0.1335594896647216,0.49601839472253645,0.8166890925910353,0.0747660963307289,0.49899667317948987
2024-05-24,2024-06-21,-0.050307967,0.36154878,0.36154878,0.41185674,0.0696009173989296,0.08925121277570724,0.10992516577243805,0.16803122,0.14113711,96.96011543273926,6.227990699919224,3.7602758234025058,0.7420495580438619,0.11854105484073159,0.48816705336426913,0.7426362318777753,0.07157676786883861,0.4882025170525507
2024-01-29,2024-03-01,-0.12727001,0.21342848,0.21342848,0.34069848,-0.03622501902282238,-0.014281725510954857,-0.0019344036118127406,0.24358921,nan,72.23180532455444,0.7649879991965748,0.0,0.7622392299833679,0.015390795345786969,0.47766339251983375,0.7625809747166697,0.0,nan
2023-08-14,2024-03-13,-0.29109222,1.01754,1.01754,1.3086321,-0.09723841026425362,-0.03791767358779907,0.09497559815645218,0.40195236,nan,69.20042037963867,1.4911596032062353,0.0,0.7325212568088216,0.027788846167778394,0.49837587006960554,0.7325696935476729,0.0,nan
2024-02-18,2024-05-12,-0.12256363,0.23826233,0.23826233,0.36082596,-0.025811318308115005,-0.016908572986721992,0.002822686918079853,0.42362005,0.5706462,95.7109034061432,3.302584039872837,1.4997873872935703,0.7516282228181164,0.06548267866705773,0.49132872032933345,0.7521163642359393,0.0300914475325801,0.4971792275423116
2024-01-25,2024-05-24,-0.17108619,0.46551967,0.46551967,0.63660586,-0.05433675553649664,-0.013574907090514898,0.015871130861341953,0.31479135,0.42131007,95.31187415122986,3.394327181928134,1.5771555567115632,0.7481583354647222,0.06535508761715074,0.4826309067688378,0.749079528984722,0.030945233335879434,0.4918228045260892
2023-11-30,2024-09-01,-0.47862273,0.70427716,0.70427716,1.1829,-0.2824871242046356,-0.26165294647216797,-0.23326699435710907,-0.12581207,-0.13674405,93.71901750564577,2.5036233611786654,0.8467032832059558,0.818793287064131,0.06855729675027994,0.4955990996190696,0.8190064259569936,0.023371397433517568,0.4995733424353614
2023-12-20,2024-04-22,-0.33650455,0.34367955,0.34367955,0.6801841,-0.2563475966453552,-0.2211432382464409,-0.17237598076462746,0.29384238,0.51334256,94.40419673919678,1.7251279292100932,0.6162152624103628,0.763443414646846,0.03315511643623679,0.45141479773632365,0.7645780722536079,0.011964598827247635,0.4560497594179087
2023-12-12,2024-09-13,-0.3175134,0.4340939,0.4340939,0.7516073,-0.24178342521190643,-0.1896413043141365,-0.0859055258333683,nan,nan,17.343685030937195,0.0,0.0,0.8344504772626865,0.0,nan,0.8344504772626865,0.0,nan
2023-11-14,2024-09-01,-0.5632465,0.8371495,0.8371495,1.400396,-0.3635465204715729,-0.3265744149684906,-0.29169437289237976,-0.016327396,-0.012513973,94.29340958595276,2.0397030794596245,0.7509714075981486,0.8180382696300921,0.05593121046935351,0.49883107222556766,0.8180816199133861,0.020628915830131166,0.4997113719453531
2024-03-05,2024-06-09,-0.18963781,0.23682557,0.23682557,0.42646337,-0.09555941447615623,-0.08167679980397224,-0.07238682173192501,-0.18273178,-0.005497161,96.71476483345032,2.759553831512385,1.3100992481898994,0.7534498942721848,0.05228103849321773,0.4632589952566891,0.7544608893864315,0.02470983321232268,0.46119452417752266
2024-01-29,2024-03-25,-0.14039733,0.288321,0.288321,0.42871833,-0.0387762151658535,-0.011835571378469467,0.004321733955293894,0.24220082,0.42685866,95.32520771026611,1.7108911806738656,0.6498207465785789,0.7633594735541597,0.03328827721798968,0.4576013513513513,0.7642293692389279,0.012579872204472844,0.4553035356904603
2023-08-10,2023-11-18,-0.71231514,0.42638597,0.71231514,1.1387011,-0.07014650106430054,-0.044695109128952026,0.006330524804070592,0.17451422,0.21201688,94.57329511642456,4.4638846199314335,1.65601552123391,0.7257943158348574,0.08133081718891882,0.499517073778664,0.7258374303734971,0.030201342281879196,0.5
2023-12-24,2024-06-21,-0.3405493,0.51040715,0.51040715,0.85095644,-0.23408111929893494,-0.20666688680648804,-0.16464801132678986,0.12051254,0.26752448,95.62796950340272,2.839588056707951,1.2120016704309162,0.7540593927781318,0.054844260986297806,0.4719352704696962,0.7552016727429314,0.023876828092751497,0.481371087928465
2023-11-30,2024-07-27,-0.39201945,0.9119794,0.9119794,1.3039988,-0.20816506445407867,-0.1767716407775879,-0.12741094827651978,0.15827315,0.21461947,96.84770107269289,4.124923956378055,2.0571154432494216,0.8187517430426408,0.11239998399743958,0.4921092272122189,0.819313851716021,0.05670707313170107,0.4978399831413318
2024-01-13,2024-09-13,-0.29730314,0.5853079,0.5853079,0.88261104,-0.15356174111366272,-0.1289651244878769,-0.11172395944595337,nan,nan,40.00239074230194,0.0,0.0,0.821041496293179,0.0,nan,0.821041496293179,0.0,nan
2024-03-01,2024-06-21,-0.2449774,0.22861825,0.2449774,0.47359565,-0.15459322929382324,-0.13909095525741577,-0.11969593167304993,-0.34153146,-0.17036276,96.95565104484558,3.607979774312335,1.9279778072832148,0.7504733163821706,0.06886029427875703,0.47243991902347116,0.7513780051432026,0.03675343892466867,0.4718867216804201
2023-11-26,2024-04-06,-0.19556132,0.8043639,0.8043639,0.99992526,-0.04839435499161482,-0.030019921250641346,0.00873455312103033,0.33681914,0.40310997,93.80772113800047,3.184873063145468,1.218720964341502,0.7480087769873576,0.062103071092581175,0.4901431455729226,0.7485557130615849,0.024081251949164356,0.4966801043395779
2024-02-18,2024-07-15,-0.16685486,0.33863777,0.33863777,0.5054926,-0.07203580066561699,-0.05208009108901024,-0.02590986341238022,0.20279065,0.29857558,93.95308494567873,3.1204168944659947,1.3253581873248117,0.8260433932409408,0.08671547701049555,0.47994159771953,0.8271650337432275,0.03799376506131302,0.4950892126370928
2024-01-25,2024-03-13,-0.05748952,0.39082548,0.39082548,0.448315,0.08579239249229431,0.11214317753911018,0.13106299936771393,0.5282075,0.62378854,95.5733597278595,3.92435664567068,1.9157212692384944,0.7442275485270297,0.07518215065347433,0.48823551071507476,0.7449059804605823,0.037104867745867944,0.49360739204224025
2023-08-14,2024-01-13,-0.2753286,0.7684608,0.7684608,1.0437894,-0.08261066675186157,-0.049681201577186584,0.04226081259548664,0.3062252,0.31218708,84.52633619308472,2.3724314689340598,0.2673707984588813,0.7287023659271069,0.04371679474786326,0.4999125007291606,0.7287065176475799,0.0049277040520928714,0.5
2024-01-29,2024-06-21,-0.2097993,0.3021315,0.3021315,0.5119308,-0.09747163206338882,-0.08131219446659088,-0.06169876828789711,0.17649138,0.3710696,95.7346260547638,2.291134722565412,0.953778482942386,0.7632716892304892,0.04419880142498279,0.4524770584339819,0.7645129523421436,0.018335949087515076,0.4509128096356337
2024-01-29,2024-11-12,-0.06328781,0.2579314,0.2579314,0.3212192,0.023533190600574017,0.03601523116230965,0.05709194578230381,nan,nan,34.18357968330383,0.0,0.0,0.8906023088360883,0.0,nan,0.8906023088360883,0.0,nan
2023-11-18,2024-06-21,-0.18884704,1.1149558,1.1149558,1.3038028,-0.01991116628050804,-0.002481539035215974,0.03609937243163586,0.24794087,0.28505772,96.78786396980286,4.712769791722455,2.3817519399817906,0.744937809126925,0.09168260771935409,0.49534683723144496,0.7453438265806093,0.046706100046330905,0.4993162964538576
2024-02-10,2024-11-16,-0.11069424,0.52395886,0.52395886,0.6346531,-0.014895693399012089,0.03448081761598587,0.12723836302757263,nan,nan,41.055986285209656,0.0,0.0,0.8770817167290188,0.0,nan,0.8770817167290188,0.0,nan
2023-12-08,2024-03-13,-0.21716581,0.7099424,0.7099424,0.9271082,-0.0710611343383789,-0.050450991839170456,-0.014661727473139763,0.34343576,0.5259892,94.66379284858704,3.3636921136595705,1.2787135629550563,0.74454800274227,0.06343049901790543,0.47905961774127664,0.7455683990986378,0.024402914970537162,0.4848150661689854
2024-05-12,2024-09-13,-0.2121858,0.32965213,0.32965213,0.54183793,-0.08689026534557343,-0.07117529585957527,-0.04751960560679436,-0.44106543,-0.5358964,90.20978808403017,1.315568950521142,0.336784495487868,0.8200771093458781,0.035871608512520484,0.4898687606391741,0.8202728806849541,0.00917599042994863,0.4894894894894895
2023-12-24,2024-07-27,-0.24618363,0.6983051,0.6983051,0.9444887,-0.14581172168254852,-0.11464742571115494,-0.051512427628040314,0.31245786,0.42832494,95.73636054992676,2.743567179211516,1.1636661045579932,0.8283516632781195,0.07659444484512683,0.47544307797645696,0.829408687685774,0.033312262153757384,0.4875201788153483
2024-03-25,2024-05-12,-0.15323229,0.16156977,0.16156977,0.31480205,-0.03784940391778946,-0.03149756044149399,-0.01787625253200531,0.3330782,0.5527943,96.6571569442749,3.722127574103697,1.89527438561811,0.7469087635487698,0.07267817709584778,0.4931964205990256,0.7473227587542285,0.03733452327829838,0.4975602317779811
2023-11-26,2024-02-18,-0.16924211,0.78148687,0.78148687,0.950729,-0.003831587149761617,0.02142985351383686,0.05798809416592121,0.39022473,0.45260546,89.02572393417358,2.6528205861825307,0.7253947404546289,0.7471865666142128,0.051617678428520504,0.49098510226870384,0.7476417445888008,0.014327824870687372,0.49840637450199204
2023-08-14,2024-03-01,-0.27365068,0.96702003,0.96702003,1.2406707,-0.10109435021877289,-0.037314966320991516,0.1459605060517788,0.47954252,nan,59.30631756782532,0.6097493467959789,0.0,0.7360799732075639,0.011510798912373716,0.4981842941443486,0.736102115716753,0.0,nan
2024-01-13,2024-08-20,-0.2789422,0.7305106,0.7305106,1.0094528,-0.1664312183856964,-0.14164163172245026,-0.1001956406980753,0.21680611,0.31622553,96.00498676300047,3.698361016087596,1.6473715302558007,0.8199764134401453,0.10109092375632675,0.4900680378509424,0.8205122086839322,0.04538726785102135,0.49396479831453277
2023-08-10,2024-01-29,-0.10848867,0.77007204,0.77007204,0.8785607,-0.022436093538999557,0.032356783747673035,0.13615955412387848,nan,nan,36.41040027141571,0.0,0.0,0.7644318964138439,0.0,nan,0.7644318964138439,0.0,nan
2023-08-10,2024-04-10,-0.27535254,1.029898,1.029898,1.3052506,-0.11356472969055176,-0.06755436211824417,0.060838837176561356,0.13472402,0.11874472,92.96314716339111,3.580314736132069,1.1084608805101424,0.7370632045228542,0.06675173564593619,0.48871537893796374,0.7378253583026779,0.021055898808592145,0.4979297365119197
2023-08-10,2024-05-04,-0.36250246,1.0811118,1.0811118,1.4436142,-0.13187211379408836,-0.08277329429984093,0.022874264046549797,0.1511483,nan,79.20793890953064,2.475191755387579,0.0,0.7291356925794316,0.04558562583938719,0.49873574197898524,0.7291982782000376,0.0,nan
2024-02-18,2024-03-13,-0.110293895,0.1476839,0.1476839,0.25797778,-0.019260790199041367,-0.009891692083328962,-0.0003344206415931694,0.24389288,0.3926699,96.62722945213318,3.968842837265945,2.093945889343041,0.7422255343521387,0.07634222648671506,0.4950893751936007,0.742454056852927,0.04036408029546754,0.4961491970298739
2024-02-10,2024-05-12,-0.14637469,0.22901903,0.22901903,0.37539372,-0.06612597405910492,-0.02919679880142212,0.012174044735729694,0.5663181,0.7639104,95.22104263305664,2.3787022948194965,0.9510329650004264,0.7623349618589758,0.04762967196530467,0.4733469003432251,0.763347190973893,0.019574193666696212,0.48655321735166757
2024-04-22,2024-06-09,-0.14198644,0.41359678,0.41359678,0.55558324,0.04558083135634661,0.05504337511956692,0.05857602506875992,0.16065215,0.21040909,96.92468643188477,3.220691970811371,1.633610920553322,0.7463336922573717,0.06140965614891949,0.4813849506819152,0.7467403763492215,0.030783650270216817,0.4757475083056478
2024-02-10,2024-03-25,-0.12652653,0.18916951,0.18916951,0.31569606,-0.04057063441723585,-0.0022422263864427805,0.015319060767069459,0.39903313,0.49171805,83.15953612327576,0.9491544527243486,0.0859780618666343,0.7562810947969545,0.01870612967207858,0.47956154373144555,0.7566120019594328,0.0016494055607681984,0.46680672268907564
2024-03-05,2024-11-16,-0.1491198,0.49865618,0.49865618,0.647776,-0.01788933388888836,0.0017072168411687016,0.049016568809747696,nan,nan,35.529130697250366,0.0,0.0,0.8714720031009635,0.0,nan,0.8714720031009635,0.0,nan
2023-11-26,2024-02-10,-0.38672656,0.387979,0.387979,0.7747055,-0.2803051471710205,-0.24776455760002136,-0.19873914122581482,0.02141948,0.332198,95.70884704589844,2.822175692918153,1.1041317155007608,0.7568439259750562,0.054548476553843206,0.46630910626968075,0.757908897934648,0.021149158166474002,0.46211228896741263
2024-06-21,2024-09-01,-0.1933498,0.29942125,0.29942125,0.49277103,-0.10752269811928272,-0.09216336905956268,-0.06940731592476368,-0.28280467,-0.2659932,96.91768288612366,8.638942165616905,5.312711859496231,0.8152987182681555,0.23134034412662974,0.4899641156348514,0.815949869335203,0.14222290839058552,0.4898089953509932
2023-08-10,2024-02-06,-0.14649355,0.8371047,0.8371047,0.98359823,-0.05277780815958977,0.0020032250322401524,0.1475997120141983,nan,nan,36.41040027141571,0.0,0.0,0.7567303881003873,0.0,nan,0.7567303881003873,0.0,nan
2023-08-10,2023-12-12,-0.1506533,0.5122965,0.5122965,0.6629498,-0.06914103776216507,-0.04131457209587097,0.05639698076993227,nan,nan,36.41040027141571,0.0,0.0,0.7494628067564655,0.0,nan,0.7494628067564655,0.0,nan
2024-05-04,2024-06-21,-0.038211152,0.39835295,0.39835295,0.4365641,0.059589605778455734,0.07898619771003723,0.09682546928524971,0.19386314,0.21819182,96.96215391159058,3.718731801912325,2.048878889423542,0.7431047761897124,0.06976596123971783,0.47902661744705655,0.7438547360907004,0.03853532652524172,0.4802348543620848
2023-11-14,2024-06-21,-0.20528524,1.2083441,1.2083441,1.4136293,-0.021004180889576674,-0.0015035643591545522,0.0484335757791996,0.25415665,0.28000718,96.63923382759094,4.8289325570742605,2.48433248511279,0.7445241367152334,0.09376412206278802,0.49515231312466335,0.7449157342743234,0.04856077144180683,0.49845863021666426
2023-12-08,2024-04-22,-0.26216555,0.7450006,0.7450006,1.0071661,-0.10050515085458755,-0.08426149189472198,-0.05022403597831726,0.36082494,0.49257606,94.9450433254242,2.396087347663719,0.8430021492685834,0.7498691057827763,0.04559099164547766,0.47351583013913623,0.7508302019965346,0.01631819832909553,0.4817277172514369
2024-03-13,2024-03-25,-0.07541736,0.23721345,0.23721345,0.3126308,0.01321291527710855,0.02587810531258583,0.03721167892217636,0.008831486,-0.024324242,96.8620777130127,4.487574450605874,2.4533626073549533,0.7405289717355271,0.0852570920622852,0.4915073967834467,0.7407828052727952,0.04643296905726621,0.4896389093588799
2024-03-17,2024-05-28,-0.14492102,0.2212058,0.2212058,0.36612684,-0.03293701261281967,-0.025522466748952866,-0.011713763698935509,0.281743,0.45656192,96.92224264144896,5.158678503553669,3.014399810239544,0.7426572683172356,0.09854427084435677,0.4895281352510724,0.7432177269821434,0.05780022209146952,0.49137538085070653
2023-08-22,2023-11-30,-0.7088822,0.4612271,0.7088822,1.1701093,-0.09690524637699127,-0.07163465023040771,-0.005901174154132605,0.24406688,0.29061463,86.49484515190125,2.772096400501069,0.5124325163235669,0.7227855099936812,0.049974380444155614,0.4997250687328168,0.7228007527132041,0.009243035854880838,0.5
2023-12-20,2024-01-17,-0.15819906,0.453385,0.453385,0.61158407,-0.03803304396569729,-0.024149165488779545,-0.005988390883430839,0.1990965,0.3100701,96.76749110221864,3.987139100778423,2.114411670268065,0.7479404048030223,0.07697697553380141,0.48420212573003957,0.7485442538161812,0.04084572021741324,0.4844893631575347
2024-01-17,2024-05-24,-0.1458538,0.4751417,0.4751417,0.6209955,-0.05101972073316574,-0.006260861176997423,0.025750301778316498,0.30288985,0.39806926,96.23931050300598,4.379922328354493,2.217318489933517,0.7444004330852839,0.08421952941744773,0.48975511418090484,0.7450409419025934,0.043023310331305915,0.49420635179684697
2024-05-12,2024-08-20,-0.1435794,0.36091012,0.36091012,0.50448954,-0.05342347174882889,-0.03912284970283508,-0.03053009696304798,0.19694456,0.24485213,95.58496475219728,2.620879771836089,1.1413252347088858,0.8192044459598864,0.07129477334604821,0.49044928335170895,0.8196638945637694,0.031537424396928394,0.49819608836002277
2024-02-10,2024-05-16,-0.24802954,0.1828055,0.24802954,0.43083504,-0.12828408181667328,-0.0870451033115387,-0.046833399683237076,0.37326863,0.56307083,94.84360814094543,1.8613166637043972,0.6845009732138599,0.7689628589222831,0.03771134406412689,0.4654918096421085,0.7697778442482122,0.013874453803446285,0.46569558792484694
2024-01-13,2024-04-10,-0.15305856,0.506047,0.506047,0.65910554,-0.03318849205970764,0.004769410006701946,0.024147778749465942,0.3667555,0.4574175,92.75104403495789,2.444845989597908,0.5912547514770523,0.748798437589254,0.047925211010761366,0.4916154028155684,0.749146957572392,0.011665237103296165,0.49480249480249483
2023-12-24,2024-05-28,-0.30898562,0.54705596,0.54705596,0.85604155,-0.17580445110797882,-0.15069350600242615,-0.08736711740493774,0.2743478,0.43885022,96.52579426765442,3.503569895829269,1.602732223855083,0.7532964277921557,0.06824994473509689,0.47751175451620886,0.7543599547423042,0.03164689411244566,0.48401929405400534
2024-01-29,2024-05-28,-0.24561213,0.26625273,0.26625273,0.51186484,-0.14298316836357117,-0.12999142706394196,-0.10067836940288544,0.45363507,nan,57.94197916984558,0.1596012929944497,0.0,0.7628681703434932,0.003168453843293363,0.4705749207786329,0.762962095957297,0.0,nan
2023-12-24,2024-09-13,-0.2519779,0.57164127,0.57164127,0.8236191,-0.1663224995136261,-0.08365977928042412,0.04194488935172558,0.53732234,nan,63.16956281661987,0.354533066873592,0.0,0.8334648291926587,0.00902344005049296,0.4223716381418093,0.8340153777904938,0.0,nan
2023-12-24,2024-01-29,-0.13827331,0.39513388,0.39513388,0.5334072,-0.050638074055314064,-0.03881669044494629,-0.011187272146344185,0.32643756,0.46571532,96.0166871547699,2.389828867531649,1.010495103585502,0.7584720903651105,0.0466305334342776,0.46831635275266803,0.7594814294611415,0.019998705585399002,0.475010725010725
2024-03-25,2024-08-20,-0.15393324,0.4436625,0.4436625,0.59759575,-0.06400316208600998,-0.04510384052991867,-0.031166011467576027,0.36638707,0.45303252,82.04103708267212,1.219154467174443,0.0710944646023261,0.8203506459914716,0.03356382721813469,0.4941922484295366,0.8204908119074558,0.0019762368586286284,0.49898373983739835
2023-08-10,2024-05-16,-0.38931918,1.1332421,1.1332421,1.5225613,-0.10028128139674664,-0.04707746207714081,0.06482233665883541,0.18449007,nan,70.21936178207397,1.724998783057377,0.0,0.7297712843264744,0.031910157466333494,0.4998790615173748,0.7297754567011815,0.0,nan
2023-12-20,2024-03-05,-0.25897238,0.43691108,0.43691108,0.69588345,-0.1396651193499565,-0.11978133022785187,-0.0766349621117115,0.25454533,0.42960525,96.53364419937134,3.4146757728544195,1.632923439176856,0.7519254467036353,0.06646657179746843,0.48025117539921214,0.7528424293966717,0.03221693488465478,0.4867803365810452
2023-11-30,2024-11-16,-0.23408665,1.1396643,1.1396643,1.3737509,-0.06429761275649071,-0.0111724017187953,0.041328856721520424,0.16192338,nan,58.6453378200531,0.2981054481191034,0.0,0.8647398910751882,0.010962241169305725,0.4973339796412991,0.8647557861790627,0.0,nan
2024-04-06,2024-11-12,-0.11199655,0.22271013,0.22271013,0.33470666,-0.05413804296404123,0.008510853163897991,0.0437683230265975,nan,nan,34.18366014957428,0.0,0.0,0.8884857312542538,0.0,nan,0.8884857312542538,0.0,nan
2024-04-06,2024-04-10,-0.095066585,0.0828825,0.095066585,0.17794909,-0.0026922307442873716,0.003536327974870801,0.007021197583526373,nan,nan,17.343655228614807,0.0,0.0,0.7429711128162223,0.0,nan,0.7429711128162223,0.0,nan
2023-08-10,2023-11-30,-0.53042465,0.48627618,0.53042465,1.0167009,-0.08073029108345509,-0.05489814653992653,0.010781646706163883,0.573112,nan,58.622485399246216,0.4070846922525955,0.0,0.727513334214168,0.0074698094139504494,0.5,0.727513334214168,0.0,nan
2023-12-08,2024-04-10,-0.20899819,0.77543986,0.77543986,0.98443806,-0.05915704742074013,-0.047598524019122124,-0.018933281768113375,0.33183092,0.38539872,91.31592512130736,2.5627062849473097,0.7767595509388224,0.7465649307634676,0.048953181691919555,0.48239128594406977,0.7473690985510516,0.015184664419632246,0.49366911833162647
2023-12-12,2024-11-12,-0.17759214,0.6081341,0.6081341,0.78572625,-0.02253784891217947,0.020351294428110123,0.04482310265302658,nan,nan,34.18686389923096,0.0,0.0,0.8900108532882716,0.0,nan,0.8900108532882716,0.0,nan
2023-11-30,2024-07-15,-0.40582842,0.8213513,0.8213513,1.2271798,-0.23977891355752945,-0.21377401053905487,-0.17008429765701294,0.097299166,0.13399926,96.4020311832428,3.9317984443028338,1.8624004207867495,0.8188301348049309,0.10719709019320685,0.4922912953196494,0.8193763483744366,0.05140578640209512,0.49839003763044576
2024-01-29,2024-02-18,-0.14758064,0.19917202,0.19917202,0.34675264,-0.0494031123816967,-0.02703901007771492,-0.011766804847866297,0.11992675,0.26762056,88.46130967140198,1.5010035590582584,0.3699946679151548,0.7603372363038392,0.029396807715243115,0.46746089049338146,0.7610481809498625,0.007193689289530481,0.4640695176723296
2024-04-10,2024-05-16,-0.13316439,0.1590177,0.1590177,0.2921821,-0.017647236585617065,0.007137930952012539,0.0176668930798769,0.48163772,0.64475095,96.62877917289734,3.670233573465048,1.8859847967195733,0.7498237515645438,0.07158228647135562,0.4859138280895999,0.7506639594906981,0.037460656515600266,0.4948625541540467
2024-01-13,2024-07-03,-0.13331735,0.8307603,0.8307603,0.96407765,-0.027934307232499123,0.021633438766002655,0.04759181849658489,0.23145883,0.2826145,96.74454927444458,4.519262959773418,2.402763286239752,0.7465019656671663,0.08784366688651428,0.4911921409257452,0.746949546309412,0.04685186324429266,0.4927475173036413
2024-02-18,2024-03-01,-0.13863853,0.07682705,0.13863853,0.21546558,-0.021226728335022926,-0.016089120879769325,-0.010952265467494726,0.15313202,0.2465496,84.2846155166626,1.2958527505141757,0.1610505092580539,0.7414347452552654,0.024989440293601797,0.4985490261733356,0.7414716270512787,0.0031133650917086024,0.4997754827121688
2023-11-30,2024-04-22,-0.19325505,0.81629837,0.81629837,1.0095534,-0.057469368912279606,-0.023981597274541855,0.006999753299169242,0.36327472,0.36707392,93.68969202041626,1.736106595456601,0.6020631844829106,0.7493493844982277,0.03401950569036232,0.4905114653127471,0.7496658415662746,0.011999838366578827,0.49891995679827195
2023-08-22,2024-06-29,-0.3931057,1.094246,1.094246,1.4873517,-0.12872932851314545,-0.08757814764976501,0.003658324829302728,0.261557,0.2616044,83.43081474304199,2.566873967652178,0.2303036349728957,0.7294237143458934,0.04729203594225469,0.49835348736773916,0.7295082421541565,0.004257128513027531,0.5
2024-03-01,2024-03-05,-0.12901022,0.0866235,0.12901022,0.21563372,-0.015085091814398766,-0.006925715832039714,0.0035900582442991436,0.14518729,0.26522005,81.34734034538269,0.785799206824434,0.0316026369760977,0.7417471557626721,0.015208326916022369,0.49981593962819804,0.7417500484525555,0.0006118614308876612,0.5
2023-08-10,2024-07-03,-0.35069013,1.1094818,1.1094818,1.4601719,-0.10795906744897366,-0.06505727767944336,0.037710487842559814,nan,nan,44.59680616855621,0.0,0.0,0.7313484419657448,0.0,nan,0.7313484419657448,0.0,nan
2024-02-22,2024-07-03,-0.26277778,0.25915682,0.26277778,0.5219346,-0.15296368300914764,-0.1292428821325302,-0.1110701784491539,-0.17222103,-0.018425632,96.7260718345642,4.379968123091684,2.364252200388129,0.7508507493096468,0.08450430379154679,0.4767658605786678,0.7519229463164542,0.045888592613383856,0.47963206307490147
2023-11-18,2024-01-25,-0.16440694,0.72770846,0.72770846,0.8921154,-0.028267867397516966,-0.010154352057725191,0.01803686749190092,0.42596436,0.47552782,83.00987482070923,1.5502484595220138,0.1118176409879323,0.7481305827399881,0.030399717024675504,0.4935107376283847,0.7483317821198888,0.002221528843208952,0.5
2023-12-12,2024-05-28,-0.24737677,0.84629947,0.84629947,1.0936762,-0.08291083574295044,-0.05680176615715027,-0.006071115145459771,0.3358229,0.39215234,95.96898555755617,3.1221461311028054,1.2708687185961445,0.7482051582403646,0.060927339146355154,0.4901688320711457,0.7487308304970893,0.025122272087419864,0.49652935821574873
2024-01-17,2024-06-29,-0.27519834,0.35044557,0.35044557,0.6256439,-0.16625601053237915,-0.14697054028511047,-0.11621631681919098,0.040122773,0.18168752,95.19681334495544,3.1744630220146863,1.415850168703509,0.7481873962339529,0.060772570873887384,0.47959509370297754,0.749055882765898,0.02740630317527727,0.48492051321371976
2024-04-06,2024-06-21,-0.14670886,0.31269607,0.31269607,0.45940495,-0.04362235218286514,-0.036648690700531006,-0.02769977878779173,0.037628353,0.14967977,96.90176248550416,3.6844850781099856,1.9110249885483,0.747062295802103,0.07079253600903508,0.4836751902109969,0.7474618409131304,0.03636134028089702,0.47897920604914934
2023-12-12,2024-01-29,-0.34636486,0.22880903,0.34636486,0.57517385,-0.27433233708143234,-0.249070405960083,-0.1570063903927803,nan,nan,38.36553394794464,0.0,0.0,0.7634384460925632,0.0,nan,0.7634384460925632,0.0,nan
2023-11-30,2023-12-20,-0.08483146,0.48220876,0.48220876,0.5670402,0.03915457800030708,0.06207741051912308,0.0696975365281105,0.28575045,0.38880923,96.2096095085144,2.540760103867279,1.1204603222082057,0.7494653465060395,0.04936821812491594,0.4853551726099073,0.7501141557460078,0.02223710223484613,0.4957441320608718
2024-05-24,2024-06-09,-0.10248167,0.34032685,0.34032685,0.4428085,0.07720991969108582,0.08817574381828308,0.09631463140249252,0.09894401,0.025225433,96.88384532928468,4.376138848067372,2.3597004206422487,0.7412645566638778,0.0822745357903988,0.48377057570704485,0.7424429618647558,0.04538205159163594,0.4948714023270055
2023-11-30,2024-11-12,-0.22687674,0.6117721,0.6117721,0.83864886,-0.08249989151954651,-0.05635865777730942,-0.017933044582605362,nan,nan,34.21796560287476,0.0,0.0,0.8884608048413596,0.0,nan,0.8884608048413596,0.0,nan
2023-08-10,2023-12-20,-0.18578795,0.6759415,0.6759415,0.8617295,-0.09598986059427261,-0.03670037165284157,0.0727703608572483,0.5045141,nan,56.88923597335816,0.5995702454051723,0.0,0.7476200079275119,0.011644190585407272,0.4899095337508699,0.7477410067940168,0.0,nan
2024-01-25,2024-09-01,-0.28887582,0.2962632,0.2962632,0.58513904,-0.2041298896074295,-0.18348069489002228,-0.15347277000546455,0.0061998894,0.057328854,91.68238639831544,1.462132805037881,0.419991994647685,0.8238056635700114,0.04026100578505261,0.4838661856994614,0.8242167687565838,0.011777742143717646,0.4927748150696714
2024-06-09,2024-11-12,-0.08321561,0.1916036,0.1916036,0.2748192,-0.018620115239173174,-0.0021130599780008197,0.031264220364391804,nan,nan,34.183818101882935,0.0,0.0,0.8876594956884457,0.0,nan,0.8876594956884457,0.0,nan
2024-05-24,2024-06-29,-0.060581386,0.36063355,0.36063355,0.42121494,0.05064849369227886,0.06790075451135635,0.07741402089595795,0.14238869,0.16995467,96.9259262084961,3.5756036165696345,1.805250297310693,0.7445664032414452,0.06664452736389317,0.472418113116046,0.7457202432817899,0.0339971323426708,0.4773273032898423
2023-12-08,2024-05-24,-0.26895913,0.8168702,0.8168702,1.0858294,-0.1223442554473877,-0.089555773884058,-0.03824176266789436,0.2676996,0.40911064,96.47222757339478,3.951197428977232,1.7753884159340931,0.7450679637488103,0.07513043527871359,0.48204513424968426,0.7459610817503088,0.03397878233782238,0.485193482688391
2023-12-12,2024-06-09,-0.4885104,0.4584729,0.4885104,0.94698334,-0.3598288372159004,-0.33302998542785645,-0.2302059829235077,0.04431926,0.31098413,91.94464087486269,1.870221859722876,0.5689841799404335,0.7574177995373795,0.03487561591154909,0.4487918035955925,0.7587518646180633,0.01061320754716981,0.4489134578726649
2023-11-18,2023-11-26,-0.106780864,0.13507907,0.13507907,0.24185994,-0.006461200071498752,0.018750998191535473,0.03560963645577431,0.52336615,0.68022346,96.70907855033876,4.098460318126616,2.1694793567988744,0.7430206251076561,0.07970510365029293,0.4997174592523265,0.743043784748508,0.04221496169445696,0.5
2023-11-30,2024-06-09,-0.26592833,0.90099454,0.90099454,1.1669228,-0.07992015220224857,-0.03278403542935848,-0.0049344649305567145,0.35545006,0.4422094,90.75619578361513,1.926197587701236,0.4716510822398224,0.7450418113482372,0.03679160087694387,0.48595273818454615,0.7455461196438918,0.009196835277679961,0.49609375
2023-08-14,2024-11-16,-0.42870885,1.2183871,1.2183871,1.6470959,-0.17697522044181824,-0.11245904117822647,-0.0029052267782390118,0.18222591,nan,57.85899758338928,0.8257772020725388,0.0,0.7448151930826802,0.015286233153766956,0.47150997150997154,0.7452857214029494,0.0,nan
2024-03-13,2024-07-03,-0.16191849,0.33069614,0.33069614,0.49261463,-0.07025506719946861,-0.06103072315454483,-0.05032440274953842,-0.017481979,0.09664457,96.93193435668944,3.7051018371473448,2.034139526003836,0.7449732281551291,0.06987639240488265,0.47787601983058126,0.7454837879195485,0.037911371270866454,0.4722518486916951
2023-08-22,2024-03-13,-0.32256418,1.0277315,1.0277315,1.3502958,-0.11355692893266678,-0.05926608294248581,0.08953960053622723,0.29747757,0.2875848,80.72755336761475,1.917811256332657,0.0375525180972651,0.7291063886394625,0.035300407774838706,0.49851878612716766,0.7291632024122296,0.0006932683895196238,0.5
2024-02-22,2024-11-16,-0.07356291,0.49440548,0.49440548,0.56796837,-0.0019301859429106116,0.015309097245335579,0.09019889682531357,nan,nan,41.36455059051514,0.0,0.0,0.8744944273210825,0.0,nan,0.8744944273210825,0.0,nan
2023-08-10,2024-02-10,-0.18030702,0.8285249,0.8285249,1.0088319,-0.051598464138805866,0.005063439253717661,0.11292309500277042,0.4606159,nan,56.58600926399231,0.3997134969367815,0.0,0.7607337816318157,0.008055510318032711,0.48190675017397355,0.7608784239549939,0.0,nan
2024-01-17,2024-06-21,-0.27462044,0.30822164,0.30822164,0.5828421,-0.16235654056072235,-0.14990146458148956,-0.12268300354480743,-0.09857615,0.08648388,96.64823412895204,4.3571969307685965,2.1474053241119364,0.7453716905235092,0.08295208989098272,0.48172878878479836,0.7462466907044439,0.04101554958405256,0.48330019210677094
2023-12-20,2023-12-24,-0.09917197,0.10286236,0.10286236,0.20203432,0.0030208128155209124,0.013611759059131145,0.02129857987165451,nan,nan,17.343614995479584,0.0,0.0,0.7425976065883905,0.0,nan,0.7425976065883905,0.0,nan
2024-01-25,2024-03-01,-0.16683798,0.26825538,0.26825538,0.43509334,-0.030498530715703964,0.0038082252722233534,0.019485987722873688,0.2756008,0.41900936,94.10791993141174,1.923452069759276,0.66600485234171,0.7454395501974606,0.03688605589925224,0.4872286079182631,0.7457516722371781,0.012754140830170865,0.4865480581471035
2023-12-12,2024-11-16,-0.16260105,1.0398144,1.0398144,1.2024155,-0.045293670147657394,-0.01676861196756363,0.0894336923956871,nan,nan,45.77210247516632,0.0,0.0,0.870143768108397,0.0,nan,0.870143768108397,0.0,nan
2024-05-16,2024-06-09,-0.06135486,0.38948834,0.38948834,0.45084321,0.09139721840620041,0.10367018729448318,0.1158343255519867,0.15133885,0.10646079,96.645325422287,4.251313947748955,2.179901195182216,0.7446302201468611,0.08100715447803082,0.4840060605028855,0.7455631194299255,0.042069242582678246,0.4902058432934927
2024-01-17,2024-09-13,-0.22855912,0.37649068,0.37649068,0.6050498,-0.1378486081957817,-0.1255333125591278,-0.10244812071323395,0.15431227,0.18913764,82.36367106437683,0.9751656276190296,0.0736042335823477,0.8217217890243567,0.02685398349666662,0.4904260056404928,0.8219070661511717,0.0020624086901571293,0.49901671583087515
2024-02-10,2024-02-18,-0.12203362,0.09958857,0.12203362,0.2216222,-0.014830289408564568,0.012445073574781418,0.026368817314505577,nan,nan,34.18356776237488,0.0,0.0,0.7492796627925964,0.0,nan,0.7492796627925964,0.0,nan
2024-02-10,2024-03-17,-0.126105,0.21235956,0.21235956,0.33846456,-0.028591126203536987,0.008689229376614094,0.025920262560248375,0.35471094,0.48542196,86.60076856613159,1.3006529997673535,0.2469521138320639,0.7533184641861634,0.025320282791101795,0.4791689812243084,0.7537107842499751,0.0047126958058328235,0.4697191339964892
2023-08-10,2024-06-21,-0.34339154,1.0949484,1.0949484,1.43834,-0.1067253015935421,-0.07352180033922195,0.027273553423583508,0.15651084,nan,73.61540794372559,1.719435616781291,0.0,0.7302330271273896,0.031762688702961235,0.49822049664320955,0.7302942219564265,0.0,nan
2024-02-18,2024-03-25,-0.10690517,0.1944308,0.1944308,0.30133596,-0.023688859771937132,-0.016498113982379436,-0.00685493228957057,0.13284709,0.27616632,96.13891243934631,2.3154536171640645,0.9832976086132732,0.7475867734647772,0.04453007367562038,0.48400899494034605,0.7480344172242327,0.01895336942404285,0.48510700889902186
2024-04-10,2024-05-28,-0.16648223,0.16955154,0.16955154,0.33603376,-0.0490143820643425,-0.0361921600997448,-0.02109868824481964,0.38648826,0.613133,96.63117527961732,3.231908233676141,1.60398729998966,0.7475775330425144,0.0628469998247947,0.4895406850571627,0.7481458664590008,0.031643224581589656,0.4966415723752423
2024-03-25,2024-05-24,-0.114326365,0.21751608,0.21751608,0.33184245,-0.022307027131319046,-0.014271508902311325,0.0038791822735220194,0.3946807,0.5863593,96.73731923103333,3.9417690094604767,2.078718334424316,0.7447654532922373,0.07634790625110804,0.4933464083435673,0.7451664434127077,0.0405630606673049,0.49702825762052066
2023-12-20,2024-11-16,-0.10930245,0.8942888,0.8942888,1.0035912,-0.032745071686804295,0.03669240325689316,0.1495566964149475,0.20464559,nan,54.71138954162598,0.1266274996456454,0.0,0.872676085264927,0.004846095285709416,0.48715019988577957,0.8727086280261152,0.0,nan
2023-08-10,2024-11-16,-0.42075318,1.1793643,1.1793643,1.6001174,-0.17832094430923462,-0.12340111285448074,-0.017568958923220634,0.1893869,nan,56.10751509666443,0.5903910210496304,0.0,0.7483786847284132,0.011091278900834337,0.47208480565371025,0.7487083023302713,0.0,nan
2024-03-01,2024-05-16,-0.1492793,0.20510851,0.20510851,0.35438782,-0.03758624568581581,-0.020569520071148872,-0.0007435418083332479,0.36677432,0.4992629,94.94345784187315,3.133433998941276,1.3746785498367076,0.7507499298522703,0.06147292868494124,0.4874448983359874,0.751440559561931,0.027470064673112634,0.4965016571097901
2024-04-22,2024-07-27,-0.122510314,0.37051916,0.37051916,0.49302948,-0.03335360158234835,-0.023170812986791134,-0.013236433966085315,0.3062291,0.36634567,92.96935200691225,2.061714672756797,0.6416490822833358,0.8223217464549015,0.05637404190086868,0.48403004457548,0.822937561690069,0.018003065917220236,0.496673057403857
2023-12-08,2023-12-12,-0.09649551,0.07562273,0.09649551,0.17211825,-0.008547408506274223,-0.003430068027228117,0.002393794769886881,nan,nan,17.34360307455063,0.0,0.0,0.7427617667392732,0.0,nan,0.7427617667392732,0.0,nan
2024-01-17,2024-02-18,-0.13082425,0.25105235,0.25105235,0.3818766,-0.042728787288069725,-0.0004159261006861925,0.016136394813656807,0.20944643,0.2741116,94.30097341537476,3.119965492135131,1.1691999936310986,0.7442249264319534,0.060065501254731826,0.49138230995847737,0.7446381812734039,0.022660315029844186,0.49467657072113896
2024-02-22,2024-03-17,-0.20546003,0.19665867,0.20546003,0.40211868,-0.02497069723904133,0.00023021134256850928,0.016770501155406237,0.073010765,0.16283096,96.2688684463501,3.2549560211375983,1.595218174750772,0.7442936577090531,0.06255992635343272,0.49024438969168277,0.7446180623290373,0.030661048755443825,0.4902622401376874
2023-11-30,2024-06-29,-0.2308832,0.9586454,0.9586454,1.1895286,-0.06999414786696434,-0.0337248221039772,0.00609127851203084,0.3161886,0.38544124,96.6707408428192,3.098172496557265,1.3673401855681129,0.7480925875350596,0.059336823734729496,0.48009607984888414,0.7490080010172866,0.026639170028087498,0.4883751651254954
2024-01-29,2024-03-05,-0.1624942,0.23828904,0.23828904,0.40078324,-0.018146418035030365,-0.0011527417809702456,0.01362901832908392,0.48337513,nan,78.87818813323975,1.0103506026411884,0.0,0.7623884272083719,0.020075595927574224,0.470966819221968,0.7629751010422853,0.0,nan
2023-11-30,2024-03-05,-0.27720562,0.65653265,0.65653265,0.93373823,-0.1312124878168106,-0.09088751301169395,-0.045832362957298756,0.3988827,0.37257102,80.95611929893494,2.1256811413262584,0.056644370170959,0.7476406608317185,0.04050462708908547,0.4791815369973828,0.7485257291156397,0.0011262458376309764,0.5
2024-05-24,2024-09-01,-0.29672465,0.3193427,0.3193427,0.61606735,-0.11627551540732384,-0.07959384471178055,-0.038509149104356766,-0.29496217,-0.30156264,96.96586728096008,9.792901246609649,6.195622488392962,0.8142476486083836,0.26039408012489457,0.4873064238864993,0.8151840147275362,0.16480520709312685,0.4874930030786454
2023-12-24,2024-05-24,-0.27287823,0.5428666,0.5428666,0.8157448,-0.15288564562797546,-0.12503115832805634,-0.0716295838356018,0.40197793,0.55464345,96.23115658760072,2.658817375371548,1.1822344759023,0.7519417314392149,0.0509966427027122,0.4730298913043478,0.7528195746759205,0.022840460998517633,0.4764713072175029
2023-11-18,2024-07-03,-0.25084457,1.1004498,1.1004498,1.3512944,-0.08480484038591385,-0.04200407303869724,-0.001364638825180009,0.24464852,0.28215718,96.70266509056091,4.364434318534805,2.15789953637294,0.7434244713450107,0.0843305575884645,0.494900835765455,0.7438000917700769,0.04198938115111939,0.4983901261067883
2024-04-22,2024-05-28,-0.20073384,0.13330117,0.20073384,0.334035,-0.03616199269890785,-0.030241897329688072,-0.02010137401521206,0.2573125,0.3970711,96.66290283203124,3.0441968640459423,1.506684960214428,0.7483168199330201,0.06007326956061286,0.4962085195397927,0.7485302928993826,0.029925118854393296,0.49942365880601314
2023-08-14,2023-11-30,-0.62654,0.47568274,0.62654,1.1022227,-0.07758647948503494,-0.0481012798845768,0.024183879140764475,0.2994416,0.35236087,84.0964138507843,2.7278187414197776,0.3248029316682166,0.7238123311633674,0.04938116951445608,0.49997463345340165,0.7238137150701918,0.005880142305957809,0.5
2023-12-24,2024-03-01,-0.18489164,0.43259996,0.43259996,0.6174916,-0.07883447408676147,-0.06264438480138779,-0.03227928373962641,0.3222616,0.49222118,96.54334783554076,3.3798770874967667,1.6022264705499851,0.7539159755909005,0.06524598750863757,0.4713018383924754,0.7552576668588529,0.03158796555923336,0.48133116883116883
2024-01-17,2024-05-04,-0.17134507,0.44081193,0.44081193,0.612157,-0.06542852520942688,-0.021886705420911312,-0.002944505773484707,0.29355937,0.35155654,90.13872146606444,2.6869525820828333,0.676189138996927,0.7448006606287553,0.05180146583529739,0.49107094758390346,0.7452558923192498,0.013224908687183816,0.4981804559563309
2024-04-10,2024-08-20,-0.15282097,0.3925214,0.3925214,0.5453424,-0.06332690268754959,-0.05420338734984398,-0.038890376687049866,0.32062706,nan,77.10802555084229,0.8055728489917866,0.0,0.8218404892005805,0.02203011032324915,0.4866259761242258,0.8220559642109023,0.0,nan
2024-01-13,2024-07-15,-0.26903817,0.66767037,0.66767037,0.93670857,-0.13357708603143692,-0.11152251809835434,-0.08249616250395775,0.14758909,0.2045948,96.42775654792786,4.162716894036187,2.0942291019970485,0.8192931118134535,0.1136513369327677,0.4914191419141914,0.8197775690514255,0.05753671744440159,0.4945102371991852
2023-12-20,2024-07-27,-0.27019423,0.76417,0.76417,1.0343642,-0.13687020540237427,-0.11830360442399979,-0.05154222249984741,0.21765944,0.31874058,96.70607447624208,4.506376934847946,2.2910103876493717,0.8215380287475521,0.12309132034760292,0.48337452257919566,0.8227117376677399,0.06381370183220987,0.4929135101010101
2023-08-22,2024-04-10,-0.3127919,1.0285019,1.0285019,1.3412938,-0.10544862970709801,-0.05515943467617035,0.056362541392445564,0.20420578,0.11426891,85.04362106323242,3.053116720431896,0.2965401798086623,0.7336521833117163,0.05623629360946468,0.48940226024599465,0.7342840633210282,0.005551658587338881,0.4974299065420561
2024-02-10,2024-07-15,-0.17191884,0.376518,0.376518,0.5484369,-0.0645781122148037,-0.05050663463771343,-0.007314084912650287,0.36176914,0.4547997,91.42605066299438,1.938407917495741,0.641873194641327,0.8362421373423675,0.05625827196901731,0.47213835774721385,0.837267371542273,0.01955959814885547,0.49572264745610084
2024-03-01,2024-05-04,-0.10056638,0.21322145,0.21322145,0.31378782,-0.013555631507188082,-0.002421440789476037,0.009575407952070236,0.37479514,0.46002302,93.79636645317078,2.382491705211759,0.8885620149320652,0.7484401169803789,0.04649391122017535,0.48998330550918195,0.7488530484612336,0.017566446618048594,0.4963782859933263
2024-04-06,2024-05-28,-0.12474627,0.20355159,0.20355159,0.32829785,-0.019611326977610588,-0.003765957895666361,0.010160661302506924,0.42180738,0.62002397,96.66256308555604,3.83028653092248,1.9527135109827944,0.7481897644201105,0.07515541166119395,0.49303957445203156,0.7485567968186672,0.03852512752094679,0.49574499574499575
2024-02-18,2024-09-13,-0.18887839,0.32097766,0.32097766,0.50985605,-0.10197824984788895,-0.04114213213324547,-0.016186224296689034,nan,nan,42.66172349452973,0.0,0.0,0.8309754294921304,0.0,nan,0.8309754294921304,0.0,nan
2024-02-10,2024-07-03,-0.23444036,0.25847182,0.25847182,0.49291217,-0.13856452703475952,-0.11968258395791054,-0.08777833916246891,0.16407233,0.32051104,94.10473108291626,2.1855045322721183,0.7867353913157823,0.7604723446867725,0.04327360378388212,0.47183377962907863,0.7615488767219094,0.016183069553089565,0.49017356965745246
2024-05-28,2024-07-03,-0.048107095,0.3748721,0.3748721,0.42297918,0.08373332768678665,0.08878820389509201,0.09255272708833218,0.19130419,0.1866236,96.85782194137572,5.239312234053324,2.817841532662808,0.7411581317851657,0.09820733645129463,0.48155944181424176,0.7421973306257756,0.05310292509433404,0.4841524445014757
2024-03-05,2024-05-12,-0.098798886,0.21828769,0.21828769,0.31708658,-0.02988295117393136,-0.010566189419478178,0.0016308859339915216,0.26906955,0.33681536,96.19739651679993,3.2503709874775453,1.368459266587407,0.7500296500713048,0.06403386685223846,0.4913451697592667,0.7504360729999219,0.02712102760380422,0.4942926597262591
2023-08-14,2024-04-22,-0.29599875,1.0006068,1.0006068,1.2966056,-0.0984901562333107,-0.05438683182001114,0.013436302077025175,0.17725767,nan,78.16861867904663,1.5957829591249282,0.0,0.735525026571011,0.029949978666987752,0.49614083774173967,0.7356481942783756,0.0,nan
2023-11-26,2024-05-28,-0.19148168,0.98155886,0.98155886,1.1730405,-0.030919679440557957,-0.014388191513717175,0.02477910090237856,0.23138036,0.275219,96.58824801445007,4.741220483875862,2.12062360827528,0.744611921038904,0.0926751889785395,0.49901709792447657,0.744695731586606,0.04151443198895137,0.4997785424687404
2023-12-12,2024-07-15,-0.2683445,0.7477261,0.7477261,1.0160706,-0.17932069301605225,-0.14522696286439896,-0.06713869422674179,0.2138143,0.4092088,93.76270174980164,3.1499843455235794,1.272893316008564,0.8281040874452545,0.08546419154773215,0.459450463685612,0.8295032288713375,0.03417201293779822,0.4546125880481709
2024-08-20,2024-11-12,-0.09499128,0.13140012,0.13140012,0.2263914,-0.04758748039603233,-0.04007146134972572,-0.012620290508493781,nan,nan,0.0,0.0,0.0,0.9273277466388651,0.0,nan,0.9273277466388651,0.0,nan
2023-08-10,2024-05-24,-0.35119316,1.0992498,1.0992498,1.450443,-0.1210387535393238,-0.05937398225069046,0.06148567423224449,0.26072213,nan,52.86570191383362,0.246170107716807,0.0,0.7330521616377962,0.004587598114942648,0.49745762711864405,0.7330646787619174,0.0,nan
2024-05-28,2024-08-20,-0.13197027,0.3585173,0.3585173,0.49048758,-0.04501539096236229,-0.032843708992004395,-0.02585042640566826,0.086835295,0.19209912,96.89558148384094,3.323194455292031,1.6816652637120733,0.8157721746374736,0.08754047129427149,0.48217744216917285,0.8163058759209602,0.04415840449762259,0.48064849058226544
2024-01-25,2024-03-17,-0.18573494,0.44751212,0.44751212,0.6332471,-0.05308843404054642,-0.002253360114991665,0.016268939711153507,0.11115036,0.19961792,96.9364047050476,3.644747318423726,1.9769174191553345,0.7468755283315777,0.06960203217612193,0.4806922253498791,0.7474643696796559,0.0376426182924554,0.47929610408595863
2023-08-10,2024-03-13,-0.2898548,1.0190071,1.0190071,1.3088619,-0.09787975996732712,-0.04757719114422798,0.1011388897895813,0.22704957,0.23851714,80.67232370376587,1.9736723155984224,0.0435317761103732,0.7348532367196791,0.03691242582741309,0.49556056655626807,0.7350270856658067,0.0008188181200250894,0.4984025559105431
2023-11-14,2024-06-09,-0.28006896,1.0820644,1.0820644,1.3621334,-0.08066857606172562,-0.04991210252046585,-0.007498901337385178,0.26855242,0.30467454,96.29855155944824,3.300979571901502,1.2702355509893255,0.743994179501963,0.06398349979516013,0.4956662580984066,0.7442448886403472,0.024767259525054035,0.49860645014504296
2023-12-20,2024-02-22,-0.25105932,0.41910905,0.41910905,0.6701684,-0.143757663667202,-0.12736694514751434,-0.0952766127884388,0.115501314,0.2819372,96.60957455635072,3.912652336280984,2.055545431140964,0.7524728882640679,0.0762554976039196,0.4792529203016413,0.7533616672307412,0.04030179290630804,0.4821277793414016
2023-12-24,2024-11-16,-0.10400146,0.90125436,0.90125436,1.0052558,-0.026002161670476198,0.0556271318346262,0.14826911687850952,0.24350369,nan,52.75115370750427,0.0609071480282123,0.0,0.8723323319417893,0.0023149654877700205,0.4851720047449585,0.8723503945598284,0.0,nan
2024-02-22,2024-05-04,-0.18216456,0.17177148,0.18216456,0.35393605,-0.0775663461536169,-0.0417917724698782,-0.029187037143856287,0.3448123,0.48608568,85.91384887695312,1.741091878035423,0.3436232455779098,0.7554863396032293,0.03446416881666602,0.48282015104987963,0.75604411324828,0.006962443386641469,0.49411393735547615
2024-07-15,2024-09-01,-0.24166085,0.340978,0.340978,0.58263886,-0.07102525234222412,-0.05429929494857788,-0.032063499093055725,-0.21726014,-0.25964668,96.95521593093872,10.168655480094657,5.806925069595653,0.7207879524266746,0.17917583246638766,0.4875055368891866,0.7221073585730639,0.1027350481651194,0.48948125165537854
2024-02-22,2024-06-29,-0.22958793,0.20109409,0.22958793,0.430682,-0.1375262439250946,-0.1215936690568924,-0.09246533364057541,-0.05342487,0.09290519,96.14107608795166,2.2736501083034577,0.9545009876639544,0.7629075468508186,0.044548185696500035,0.4610728018049509,0.7642066103401985,0.019279805098809194,0.475323593974718
2024-08-20,2024-09-13,-0.3135531,0.31661627,0.31661627,0.6301694,-0.061009096913039684,-0.04569918103516102,-0.034354034811258316,-0.27853292,-0.34139535,96.95558547973631,12.281023621874237,6.851024654548491,0.7248362552155543,0.22106031715382202,0.49157341062179644,0.7255338596310057,0.12292124254785064,0.4899858888425644
2024-04-10,2024-09-13,-0.15443422,0.3363976,0.3363976,0.4908318,-0.07870206236839294,-0.06513551622629166,-0.05197618901729584,0.055167854,0.16126603,96.65305018424988,3.3220028185288264,1.6486730571637849,0.8202034575785381,0.0876242941071167,0.46877652743617093,0.8212945709697316,0.04361685680342409,0.47017674663391956
2024-04-22,2024-05-12,-0.15108736,0.091492735,0.15108736,0.24258009,-0.026402493938803673,-0.019476616755127907,-0.011389222228899598,0.2365867,0.3434008,94.69470381736755,2.061569945321975,0.7974481658692184,0.750019900022288,0.040907754411528274,0.4956825441398435,0.7501725874660252,0.01591090472721163,0.4984119782214156
2024-02-06,2024-05-28,-0.20870322,0.39057395,0.39057395,0.59927714,-0.10390408709645271,-0.07895776629447937,-0.03855240345001221,0.15484624,0.2577477,94.75057721138,3.1745412456270405,1.3558523604951758,0.7567424140616759,0.06298171156794456,0.48010833447130047,0.7577517531577069,0.027490121320779784,0.49064798039006713
2024-03-01,2024-07-27,-0.15524364,0.35342237,0.35342237,0.50866604,-0.0722631886601448,-0.05239947885274887,-0.02989697828888893,0.16959384,0.24727407,93.10494661331175,3.159757476880176,1.24935276063859,0.8250092566076269,0.08769226610439813,0.48258342106467705,0.8260918457964876,0.03587373078898503,0.49927649476182207
2024-03-13,2024-06-29,-0.15202901,0.35959488,0.35959488,0.51162386,-0.048969028517603874,-0.03620706871151924,-0.02401469647884369,0.042283718,0.15009524,96.87770009040833,3.5696516333573425,1.894133335647485,0.7488978851544262,0.06781109527941334,0.47340005267316304,0.7497353188756692,0.03587378880257228,0.47197617593158214
2024-02-18,2024-04-06,-0.13604972,0.19613458,0.19613458,0.3321843,-0.02810761146247387,-0.011549401096999645,-0.0009084690536838025,0.15661457,0.3136167,96.6817855834961,2.7464644097900197,1.3129919380732948,0.7472089158487586,0.05251910458007264,0.4814497867186266,0.7477252609929448,0.025076870712150957,0.4808603216567526
2024-06-21,2024-06-29,-0.18992214,0.1780948,0.18992214,0.36801696,-0.007047709077596664,0.0037795533426105976,0.007971466984599829,nan,nan,17.343585193157196,0.0,0.0,0.7444318978554749,0.0,nan,0.7444318978554749,0.0,nan
2023-11-14,2023-12-08,-0.0843199,0.33961236,0.33961236,0.42393225,0.024671445600688457,0.041275765746831894,0.0585158746689558,0.47466213,0.61739933,96.64848446846008,4.395501974605405,2.378774545291653,0.7426452631867949,0.08513800126413372,0.4981672337557736,0.7427066760881282,0.046050986726595966,0.49790426436641966
2023-11-26,2024-03-13,-0.20597135,0.8014462,0.8014462,1.0074176,-0.04263120889663696,-0.0282901618629694,0.015300687402486801,0.42108718,0.4429845,94.45197582244872,2.409553246430465,0.8424405053487025,0.7470579607737736,0.046862996158770806,0.49110944527736133,0.7474553383706363,0.016619575247319367,0.49815608919382504
2023-08-22,2024-02-06,-0.15738222,0.8101107,0.8101107,0.96749294,-0.05787248071283102,0.004157315939664841,0.15827202796936035,0.5069947,nan,56.65464401245117,0.4280432782378308,0.0,0.7520861740219716,0.00849004648978371,0.49158303658141794,0.7521582305142617,0.0,nan
2023-08-22,2024-05-04,-0.3820522,1.0866518,1.0866518,1.468704,-0.12449638545513153,-0.07295645773410797,0.031292036175727844,0.1349396,nan,79.17380928993225,2.910666577981753,0.0,0.7244040096666556,0.05279327431937429,0.49985717686265174,0.7244123238773045,0.0,nan
2023-11-14,2024-02-10,-0.4074574,0.49149153,0.49149153,0.8989489,-0.3015097379684448,-0.26932215690612793,-0.20652244985103607,0.12666409,0.2878873,94.58745121955872,2.563591253068839,0.9474926918647412,0.7565422802538014,0.0499570828264131,0.47159122935572967,0.7576838377138795,0.01892535397338389,0.4833765441512887
2024-05-16,2024-05-28,-0.1298081,0.09580175,0.1298081,0.22560984,-0.014936417108401656,-0.0025650515453889966,0.004607936600223184,nan,nan,17.343667149543762,0.0,0.0,0.7451194675598568,0.0,nan,0.7451194675598568,0.0,nan
2024-05-24,2024-11-16,-0.12880012,0.38856038,0.38856038,0.5173605,-0.013551676645874977,-0.007380220107734203,0.00564572773873806,nan,nan,37.92133331298828,0.0,0.0,0.864743503598796,0.0,nan,0.864743503598796,0.0,nan
2024-01-17,2024-03-17,-0.13923548,0.44186765,0.44186765,0.58110315,-0.04591337312012911,0.0011145081371068954,0.019294158089905977,0.13770624,0.22694959,96.88404202461244,4.444045583963107,2.3806663318168595,0.7432413654345256,0.0842985605903875,0.4844146961110025,0.7437993680313002,0.0449918237906437,0.48262601082264245
2024-02-06,2024-02-18,-0.117032774,0.24220161,0.24220161,0.3592344,-0.029218323528766632,-0.00875441636890173,0.008337005041539669,0.070788205,0.19727063,95.9651231765747,2.5716833059504047,1.124289597232518,0.7522141157192462,0.05032245227589274,0.4831713210091588,0.752686633807152,0.021970353117428808,0.48252040357303516
2023-11-14,2024-04-22,-0.23800254,0.98434055,0.98434055,1.2223431,-0.04782317206263542,-0.01802372746169567,0.02623264491558075,0.31855536,0.3529629,94.12641525268556,2.6457400399111606,1.092643890427824,0.7473162562117344,0.05127246045326477,0.48850323602501433,0.7477540940730047,0.021334743515883183,0.49219731534748395
2023-08-22,2024-04-22,-0.34610188,1.0692654,1.0692654,1.4153672,-0.0972336009144783,-0.05026131495833397,0.04040396027266979,0.20500252,nan,76.414555311203,2.2430354628798206,0.0,0.73219165364107,0.04185628943916505,0.4997219991351084,0.7322041249570432,0.0,nan
2023-11-30,2023-12-24,-0.06381286,0.4972342,0.4972342,0.5610471,0.031509567983448505,0.07634400576353073,0.08593149483203888,0.31761953,0.43815514,95.65486311912537,2.2597780176493454,0.9188815048906346,0.7493887610055532,0.04360772426798634,0.4820475109505387,0.7500917580996391,0.01817542875240606,0.4941028463594905
2023-12-12,2024-05-16,-0.36758107,0.60115975,0.60115975,0.9687408,-0.24440950527787209,-0.21464160084724426,-0.15227626264095306,0.35086736,0.47655505,86.02452874183655,1.4162781970381586,0.2381794241611117,0.7615541243580037,0.02832930113454061,0.47557053147495787,0.7622179030810757,0.0049496444011234405,0.49408014571949
2023-08-10,2023-08-14,-0.09809704,0.080574594,0.09809704,0.17867163,-0.012158451369032264,-0.005380556220188737,0.004754880676046014,nan,nan,36.41040027141571,0.0,0.0,0.7242275891323546,0.0,nan,0.7242275891323546,0.0,nan
2024-02-06,2024-06-21,-0.21256141,0.2803691,0.2803691,0.49293053,-0.10366691648960114,-0.08911093324422836,-0.06405387818813324,0.004389123,0.15596212,96.8765914440155,3.62798520888334,1.947655977931816,0.7567976856728759,0.07015927142179611,0.46546779782530767,0.7582817103709772,0.038336505153958374,0.47377304596208775
2024-07-27,2024-11-16,-0.13162163,0.35214424,0.35214424,0.48376587,-0.03541297931224108,-0.004073589574545622,0.004953943192958832,nan,nan,43.26427280902863,0.0,0.0,0.7961889335532532,0.0,nan,0.7961889335532532,0.0,nan
2024-01-25,2024-02-22,-0.12813897,0.2596025,0.2596025,0.38774145,-0.018021492287516594,-0.007029230473563075,0.006066046422347426,0.18622334,0.3535909,95.95486521720886,2.259994769065816,0.9115119567306372,0.7474127105920637,0.04354222800267864,0.4853740409207161,0.7477161625751224,0.017381042174229137,0.4803820545339252
2023-08-22,2024-01-29,-0.17570366,0.7452371,0.7452371,0.92094076,-0.043487515300512314,0.037352003157138824,0.13326561450958252,nan,nan,36.41040027141571,0.0,0.0,0.7605216335761082,0.0,nan,0.7605216335761082,0.0,nan
2024-02-06,2024-04-06,-0.11559994,0.4554229,0.4554229,0.57102287,-0.009129642276093364,0.0011648708605207503,0.012507951119914651,0.13537334,0.22221823,96.87316417694092,3.511445197294364,1.8525021061012636,0.7522300108231207,0.06730282965611328,0.47098825127055,0.753438038717583,0.0360057863292092,0.477613104524181
2024-05-12,2024-06-29,-0.04575799,0.3932199,0.3932199,0.43897787,0.06400671042501926,0.07656054943799973,0.08484665118157864,0.21192408,0.2710872,96.6373324394226,2.9396764210398567,1.3901932284788785,0.7509607966087491,0.05704158253131583,0.48107782665323273,0.7511970225418777,0.026269169019542713,0.46848368322594053
2024-03-13,2024-09-13,-0.19706528,0.42135265,0.42135265,0.6184179,-0.09634919464588165,-0.07811154052615166,-0.05378603655844927,-0.0381187,0.019937519,95.59012055397034,2.47252667783245,1.0683426911851062,0.820044677595249,0.06466234948861113,0.46626206493126643,0.8210397629151371,0.0280731500053745,0.4684898124957693
2023-11-14,2024-01-13,-0.09479731,0.58827114,0.58827114,0.68306845,0.03131870739161968,0.046403028070926666,0.07240360975265503,0.32734063,0.36290973,95.86454033851624,3.195421632080365,0.8704736885455546,0.7445219692010687,0.06253561595990934,0.49997738937752956,0.7445234142105118,0.017036271364273322,0.5
2023-12-20,2024-04-06,-0.24566194,0.46131957,0.46131957,0.70698154,-0.12384437024593353,-0.10612188279628754,-0.06805499643087387,0.24682985,0.4348565,96.6019570827484,3.686950208129037,1.822322309292188,0.7534281990980592,0.07143458874196557,0.4740207520153777,0.7545794896716508,0.035680345955404744,0.4790269455137109
2024-04-22,2024-11-16,-0.121505566,0.4262912,0.4262912,0.5477968,-0.019681339617818594,-0.00847670342773199,0.008172235218808055,nan,nan,34.18352007865906,0.0,0.0,0.8679572012029745,0.0,nan,0.8679572012029745,0.0,nan
2024-01-13,2024-01-29,-0.16022286,0.3496731,0.3496731,0.5098959,-0.05242609605193138,-0.030556946992874146,-0.018192296847701073,0.24158841,0.3618267,95.7190215587616,2.125827283040888,0.8223480846946943,0.7620975118420872,0.04228155725433402,0.4706972789115646,0.7628415513911515,0.01631407847378809,0.469489140947859
2024-02-22,2024-04-10,-0.11691444,0.20341244,0.20341244,0.3203269,-0.0106629547663033,0.006419373443350196,0.017167556565254927,0.38145873,nan,54.69898581504822,0.0979716402446689,0.0,0.7530540274580695,0.00198075131038256,0.49926253687315636,0.7530554724675126,0.0,nan
2024-04-06,2024-07-03,-0.17483683,0.30248404,0.30248404,0.47732085,-0.06515533477067947,-0.05067809298634529,-0.04277566820383072,0.080283634,0.1517893,96.6188907623291,3.3022078299281685,1.6278753881656616,0.7481088438912948,0.06393731934544031,0.4859096378951975,0.7488414636789651,0.032038474383039486,0.4939194887044516
2023-08-14,2024-04-06,-0.20427662,1.0429577,1.0429577,1.2472343,-0.08967279642820358,-0.0340479351580143,0.09810009598731995,0.26164898,0.19459242,85.83606481552124,3.665277224215048,0.4443724812895797,0.7331564700411851,0.06738606867350176,0.48912592033226354,0.7339106992604402,0.008270782291162748,0.495172843350981
2024-01-29,2024-05-16,-0.22078936,0.28450525,0.28450525,0.5052946,-0.09686209261417389,-0.08255459368228912,-0.05979399383068085,0.397984,nan,54.89906668663025,0.1165400115889757,0.0,0.769664411006926,0.002334655991263868,0.4612523248605084,0.769754724097122,0.0,nan
2024-01-13,2024-07-27,-0.25353605,0.7925304,0.7925304,1.0460665,-0.12323926389217377,-0.09672028571367264,-0.06712509132921696,0.14703321,0.18855853,96.6436505317688,4.7598285165991685,2.519900707958331,0.8192978117717324,0.13058023395591803,0.49422738044601083,0.8196665777289946,0.069436222027337,0.4964131994261119
2023-11-26,2024-01-29,-0.4436898,0.26584986,0.4436898,0.70953965,-0.3371890187263489,-0.27633312344551086,-0.21064776182174683,0.05997607,nan,73.92662167549133,0.652421763576225,0.0,0.7628613065486383,0.01254125311736884,0.4547065337763012,0.7634523154108812,0.0,nan
2024-03-05,2024-09-01,-0.21191955,0.27841014,0.27841014,0.49032968,-0.13643378764390945,-0.1153586320579052,-0.08692801371216774,-0.2743399,-0.27094483,96.346914768219,3.8819898235169914,1.9165516822438016,0.8197503463996135,0.10337288750889817,0.4747671385991058,0.8212451438968582,0.05244595693590682,0.48788770658818204
2024-04-22,2024-07-15,-0.13625777,0.37411666,0.37411666,0.5103744,-0.047918050549924374,-0.03353152796626091,-0.024630666710436344,0.090389095,0.2024203,96.76309823989868,3.588082564107017,1.862352631289493,0.8190020609186719,0.09684351887033318,0.4857615359793482,0.8193161194522356,0.04977272772962943,0.48099937830276657
2024-02-06,2024-07-15,-0.22400124,0.3270319,0.3270319,0.55103314,-0.10206560790538788,-0.08910518512129784,-0.05190927907824516,0.13028003,0.2929499,96.63808345794678,3.36405423409442,1.7155874613640605,0.8318323297742751,0.09373015786430434,0.46129808208586587,0.8334240076758902,0.04875355931093922,0.47049905243209095
2024-06-09,2024-07-15,-0.09089112,0.1531915,0.1531915,0.24408263,-0.008858607150614262,0.003609374980442226,0.01263555302284658,0.43384328,0.6441735,96.6668665409088,3.343009380993292,1.6506411647126544,0.8162971978513099,0.09052698370159595,0.4968957535639345,0.8164628043471344,0.04486347056887756,0.49872946330777657
2023-11-18,2024-03-25,-0.20252645,0.8820583,0.8820583,1.0845847,-0.04219807032495737,0.006308259209617972,0.0422968240454793,0.37918282,0.3884967,93.73971819877625,2.265736614089457,0.7799009056867051,0.746103390426673,0.044155392054055366,0.49429821759407144,0.7463436717005111,0.015338609324150997,0.49884001484780993
2024-05-16,2024-07-03,-0.05106337,0.37373474,0.37373474,0.4247981,0.07517814636230469,0.08694441616535187,0.09587723016738892,0.23047152,0.26311713,96.5783715248108,3.7609809265882808,1.8891753286135915,0.7473087773591351,0.07257609840007824,0.48551937805488204,0.7477068336862767,0.036169392651060575,0.481707083476995
2023-08-10,2024-04-22,-0.34745476,1.0557477,1.0557477,1.4032025,-0.10702108219265938,-0.06662748754024506,0.030753713101148605,0.17636767,0.08461156,85.85362434387207,3.237484614368268,0.4063892964680847,0.734104295459761,0.06081911727009735,0.49944153277773007,0.7341404560405554,0.007642932249407555,0.5
2024-04-06,2024-07-15,-0.12657109,0.40827164,0.40827164,0.5348427,-0.02371223457157612,-0.014737029559910297,-0.0017290275427512825,0.22159673,0.31214005,96.62706851959229,3.4438910058277235,1.6332219231052676,0.8209149221790164,0.09377434906824232,0.484779507405698,0.8217739802929612,0.04533593597818324,0.49420482194204823
2023-11-18,2024-07-27,-0.39988497,1.031929,1.031929,1.431814,-0.21595986187458038,-0.19300569593906403,-0.13986711204051971,0.15674557,0.20046577,96.5705394744873,4.2058631525771615,2.0227051329001515,0.8178515959163764,0.11457864575658983,0.49509576170564246,0.8182141890434634,0.055512192013763055,0.4987655646200086
2023-08-14,2024-02-18,-0.25777933,0.90648586,0.90648586,1.1642652,-0.09595190733671188,-0.05180850997567177,0.14070173725485802,0.46224037,nan,61.58185601234436,0.8462590230724945,0.0,0.7447100161640318,0.016348988119934158,0.4929681112019624,0.7448290321509233,0.0,nan
2024-01-25,2024-02-10,-0.19231689,0.24678777,0.24678777,0.43910468,-0.02353354822844267,-0.01492590457201004,-0.006739705451764166,0.062740244,0.16811617,96.25259637832642,2.854327153027945,1.342558273618318,0.750251070390745,0.05575466496416031,0.48631853389358576,0.7505003345196861,0.025894541338982557,0.4801958884942417
2024-03-05,2024-03-17,-0.082665294,0.26360312,0.26360312,0.34626842,0.037973351776599884,0.05085212364792824,0.0701122060418129,0.173099,0.16762282,96.92265391349792,4.738949201472957,2.7109566414713377,0.7404092866916017,0.09026714999050481,0.49324736761788496,0.7405748931874261,0.051429026240239505,0.4912503001040361
2024-05-28,2024-06-21,-0.06852957,0.35083413,0.35083413,0.4193637,0.07071193307638168,0.08592816442251205,0.10293859988451004,0.14234419,0.11189055,96.96956276893616,6.483602787395972,4.0394244704208,0.7422136020063697,0.12209572424889664,0.480748424516201,0.7435926919082786,0.07692612757567689,0.4861700413556045
2023-12-08,2023-12-20,-0.10218536,0.45660332,0.45660332,0.55878866,0.0200362466275692,0.02526528388261795,0.030962344259023666,0.15667887,0.25911838,96.501624584198,3.769608821547069,1.8276014683293849,0.7488248447348705,0.07258688041328465,0.48088286076046505,0.7498560886783011,0.03577002933417504,0.48878205128205127
2023-08-22,2024-11-16,-0.41381556,1.1958417,1.1958417,1.6096573,-0.16710736230015755,-0.10507682338356972,0.014001586241647601,0.230692,nan,53.21023464202881,0.1284545545245934,0.0,0.745268521289922,0.0022424758675306366,0.4444444444444444,0.7454112485727272,0.0,nan
2024-02-06,2024-05-12,-0.18214025,0.41693732,0.41693732,0.5990776,-0.07417463324964046,-0.04179287701845169,-0.012924317503347993,0.14132446,0.27637795,96.04432582855225,3.88461888598442,1.898886909225952,0.7598871158623022,0.0773650401594849,0.47421232749321135,0.7609939930957449,0.03799144923094662,0.47639068564036224
2024-02-18,2024-05-24,-0.13725878,0.23779073,0.23779073,0.37504953,-0.04376538097858429,-0.030690298415720463,-0.00895510520786047,0.41557932,0.5802263,95.12736797332764,3.361594913494109,1.4440307897911189,0.7446835975805541,0.06507185043419539,0.49336330780483606,0.7450567545755122,0.028185459100794903,0.497470953525641
2024-03-01,2024-07-03,-0.26523206,0.16698234,0.26523206,0.43221438,-0.173666849732399,-0.16044749319553375,-0.14281008392572403,-0.30530816,-0.15074655,96.72919511795044,3.685142276951915,1.83743661393293,0.7506092728066902,0.07043373405926846,0.4728305663487578,0.7518509599391378,0.03559907918295758,0.4792978589420655
2024-03-01,2024-05-24,-0.24165897,0.14784019,0.24165897,0.38949916,-0.10692688636481762,-0.09207901731133461,-0.07033930905163288,-0.00088389975,0.13652971,94.98287439346312,3.850387186540893,1.7095797210868415,0.7507069010902548,0.07499952612232459,0.48304002404071894,0.7516925851680218,0.03382320134260481,0.49063028764805416
2023-11-14,2024-08-20,-0.50348675,1.0393537,1.0393537,1.5428405,-0.3145972788333893,-0.2935885190963745,-0.22865655273199081,0.15650211,0.19724102,96.46663069725037,3.243179194176034,1.314814092310093,0.8185382428974174,0.08876824957584627,0.4959566031010515,0.8187918420546878,0.03625692053422437,0.49967029343883945
2023-08-10,2023-11-14,-0.82634217,0.3885876,0.82634217,1.2149298,-0.07123780995607376,-0.04642338305711746,9.645822865422815e-05,0.1572528,0.22960757,83.00950527191162,3.366828230287268,0.233235746124907,0.7269549313992059,0.06161091569474974,0.4996075677461996,0.7269813564390173,0.004271425260246199,0.5
2024-01-13,2024-05-16,-0.17310193,0.6451587,0.6451587,0.81826067,-0.03557487949728966,0.02750900574028492,0.06177361309528351,0.40430382,0.4658334,93.79698038101196,3.032774616754556,1.1651558108476483,0.7516017819349511,0.060170891807897656,0.4918460768185394,0.7519792247382665,0.023263919777977735,0.4949733151297009
2023-08-14,2024-03-25,-0.3495319,0.9984426,0.9984426,1.3479745,-0.1116509661078453,-0.05576418712735176,0.035000910982489586,0.29156712,nan,79.37564253807068,2.851401620831673,0.0,0.7289839909658562,0.052450374426611365,0.49834983498349833,0.7290780966299101,0.0,nan
2023-08-14,2024-05-28,-0.3705575,1.1200889,1.1200889,1.4906464,-0.11287791654467583,-0.04772450402379036,0.08093516528606415,0.25417215,0.23604885,80.41706681251526,1.948125636597139,0.0200666489526593,0.7272195097648465,0.035649773700554076,0.4991120267102366,0.7272541074354546,0.0003678634490876986,0.5
2023-11-18,2024-06-29,-0.28214306,1.03761,1.03761,1.3197532,-0.10437591001391411,-0.08002946525812149,-0.02557351440191269,0.2653392,0.29830208,96.75467610359192,3.551241429123538,1.643248892317802,0.7474459258573047,0.06928085049543772,0.4915321594521888,0.747959056649929,0.032435048753829424,0.49731336709975776
2023-12-20,2024-01-25,-0.12592725,0.43371713,0.43371713,0.5596444,-0.0308926273137331,-0.018882151693105698,0.003091774880886078,0.27850127,0.41889024,96.72491550445557,3.870057477747983,2.026039994330328,0.7508330946864179,0.07565860458063349,0.4848173409324488,0.7515389110179665,0.03990266008013484,0.48841733295259854
2024-01-17,2024-03-05,-0.15004033,0.23493683,0.23493683,0.38497716,-0.05961545556783676,-0.040014609694480896,-0.02023154217749834,0.22536954,0.37596393,95.12356519699097,3.9808527669257168,1.926520249487231,0.7435330321615038,0.07647165348092312,0.49134608392116935,0.7440280694847125,0.037280850678528175,0.49496600172808897
2024-01-13,2024-05-24,-0.15639669,0.6474161,0.6474161,0.8038128,-0.040938738733530045,0.010697309859097004,0.045791883021593094,0.29801753,0.3415896,96.63660526275636,4.727724186202225,2.504716227365182,0.7451595852756815,0.09213592343366372,0.4958858436314695,0.7454271213623227,0.04897926707283805,0.49757505773672056
2023-12-08,2023-12-24,-0.07606816,0.43901467,0.43901467,0.51508284,0.011523356661200523,0.018311072140932083,0.02394256368279457,0.22716881,0.345236,95.98583579063416,2.392616119803644,0.9840207810841224,0.7486339272025664,0.04576401907628492,0.4788574882877437,0.7495270452040648,0.019415694894985108,0.4939736900124936
2023-11-30,2023-12-08,-0.13451913,0.09426352,0.13451913,0.22878265,-0.02291017584502697,0.002282805508002639,0.012949827127158642,0.38797575,nan,59.82040762901306,0.2330800231779514,0.0,0.742181415155548,0.004502181729521589,0.49798512089274644,0.7421908077169285,0.0,nan
2023-08-10,2024-03-17,-0.23174652,1.0227267,1.0227267,1.2544732,-0.0866239070892334,-0.04682737961411476,0.07500974833965302,0.4672254,nan,56.63707256317139,0.4435234313609591,0.0,0.740967851852882,0.008500469861726406,0.49639385387268736,0.7409998400589696,0.0,nan
2024-06-29,2024-07-27,-0.082688354,0.1297784,0.1297784,0.21246675,-0.001970063429325819,0.0018958201399073005,0.008147889282554388,0.53516096,0.72919273,96.02243304252625,2.271422315921343,0.956968324348464,0.8176449734513788,0.06199115633944857,0.4973508665538923,0.8177421202358202,0.026192829991267732,0.4987878787878788
2023-11-18,2024-02-18,-0.31760445,0.6887001,0.6887001,1.0063045,-0.1519140712916851,-0.0923205316066742,-0.044042015448212624,0.3735673,0.44858092,92.23670959472656,2.1720124425170475,0.7317722770414138,0.7478135851558282,0.04190277256294839,0.48528872746659557,0.7484041559975508,0.014449033494309722,0.4966867767777668
2024-06-21,2024-07-03,-0.08104887,0.104768604,0.104768604,0.18581748,-0.011621244251728058,0.005277028772979975,0.01640809141099453,0.36079115,0.44292137,94.0151572227478,2.6350251189310403,1.0597320647355704,0.7434294583929678,0.04969320720662009,0.4820780648708081,0.7443333922435522,0.020648833819035463,0.49808625521153715
2023-11-26,2024-03-05,-0.205084,0.79597104,0.79597104,1.001055,-0.032784849405288696,-0.01539885625243187,0.022098559886217117,0.37123802,0.4387327,90.0647521018982,2.76950509871582,0.7454803717142291,0.7469600613840012,0.0538775778762505,0.49132578524470416,0.7474159618633108,0.01470987896247007,0.4983523938747819
2024-01-29,2024-07-15,-0.21173646,0.3612252,0.3612252,0.5729616,-0.09301035106182098,-0.07374679297208786,-0.04841536283493042,0.44311604,0.5843429,82.0073664188385,0.9044314104592674,0.0528873456188036,0.8373721347269004,0.025354358136169985,0.45354689247483626,0.8381618323875747,0.0014781668944204782,0.4521857923497268
2023-11-26,2023-12-20,-0.15267168,0.48782417,0.48782417,0.64049584,0.04297560080885887,0.050134334713220596,0.06322386488318443,0.32913613,0.46296924,95.96347212791444,2.185649033216432,0.9168584916702432,0.7480593523178674,0.0425287703072903,0.4893226670192721,0.7483945945086751,0.017968243844066444,0.4928289992119779
2023-08-14,2024-05-12,-0.35556462,1.075899,1.075899,1.4314636,-0.12874333560466766,-0.06557364389300346,0.05235280189663172,0.325153,nan,77.39105820655823,2.1633231477791064,0.0,0.7297617466011248,0.04000973036642511,0.49977610030706243,0.7297714339488951,0.0,nan
2023-11-18,2024-01-29,-0.4007617,0.36521435,0.4007617,0.7659761,-0.3141174539923668,-0.25421273708343506,-0.20281537622213364,0.28644693,nan,74.87473487854004,0.8562553466202123,0.0,0.7624747234232265,0.016614970892477883,0.45955540529118416,0.7631673414324527,0.0,nan
2024-02-06,2024-05-16,-0.30222672,0.3241148,0.3241148,0.6263415,-0.1618339717388153,-0.1243685893714428,-0.10186357982456684,-0.010625994,0.1957818,95.21858096122742,2.8136501372036467,1.2166257006489538,0.7633569447876342,0.05570258290880147,0.4645379143876948,0.7644869421721671,0.024080155310150737,0.46442781637864483
2024-02-18,2024-03-05,-0.10288068,0.09739215,0.10288068,0.20027283,-0.009530619718134403,0.005340911680832505,0.015950124710798264,0.36274457,0.52847743,96.62385582923888,3.685503863187339,1.9174194892088203,0.7405795938084866,0.07099036910754287,0.49964680258226557,0.7406041816724954,0.036956755076465855,0.499962284076337
2023-11-26,2024-01-17,-0.17755504,0.6542674,0.6542674,0.8318224,-0.01545135211199522,0.004250812344253063,0.023381096310913563,0.18814231,0.1628833,86.26765012741089,2.677746999076639,0.2590901931544123,0.7458116401290682,0.0524778729605801,0.4979358912093249,0.7459221833514682,0.005098638609462198,0.5
2023-11-18,2024-02-06,-0.36704767,0.513952,0.513952,0.8809997,-0.25786735117435455,-0.2325284630060196,-0.17237508296966553,0.22661836,0.37788513,92.02856421470642,1.854073997947477,0.5557590065672057,0.7567705762552888,0.03606647528844961,0.4710555078460458,0.7577114366648959,0.011201752590106414,0.48808438598775883
2023-08-10,2023-12-08,-0.48657653,0.4933004,0.4933004,0.97987694,-0.09040196985006332,-0.05888194404542446,0.029112529009580612,0.42266876,nan,67.1480655670166,1.177583221490511,0.0,0.7307281489259612,0.021732672372149733,0.49681114916735564,0.7308032516706884,0.0,nan
2024-07-15,2024-11-12,-0.08739781,0.11585869,0.11585869,0.20325649,-0.033002354204654694,-0.01776883751153946,0.03822139743715525,nan,nan,0.0,0.0,0.0,0.9283203223701412,0.0,nan,0.9283203223701412,0.0,nan
2024-01-17,2024-11-12,-0.12648533,0.2597535,0.2597535,0.3862388,-0.058274973183870316,-0.02819318324327469,0.01402805233374238,nan,nan,34.18367803096771,0.0,0.0,0.8889231056499391,0.0,nan,0.8889231056499391,0.0,nan
2024-02-22,2024-03-01,-0.15097705,0.055772636,0.15097705,0.20674968,-0.03605077043175697,-0.017775080166757107,-0.008178639458492398,nan,nan,34.183529019355774,0.0,0.0,0.7445797695787942,0.0,nan,0.7445797695787942,0.0,nan
2023-08-22,2023-12-24,-0.120972835,0.7412737,0.7412737,0.8622465,-0.036850299686193466,0.037352707237005234,0.1157553642988205,0.5242537,nan,62.96560168266296,0.9036161273515358,0.0,0.7451521223408383,0.01724555526224837,0.48589173439656497,0.7454070914674028,0.0,nan
2023-08-10,2024-03-01,-0.2583658,0.9868252,0.9868252,1.2451911,-0.09571729600429535,-0.048796817660331726,0.15825842320919037,0.39799392,nan,65.2260959148407,1.06757160838091,0.0,0.7402029164899202,0.020184080961335497,0.4908155289213132,0.7403990181011523,0.0,nan
2023-12-12,2023-12-24,-0.10629114,0.44249475,0.44249475,0.54878587,0.02643788466230035,0.04577895626425743,0.05362597480416298,0.24813238,0.38931364,96.13662362098694,2.591846223149681,1.046499941069754,0.7502127634959302,0.04978806011385861,0.47759799135165293,0.7510898480178106,0.020474192774413074,0.4864229945415601
2024-02-06,2024-07-03,-0.24764547,0.27217355,0.27217355,0.519819,-0.12927159667015076,-0.10376160591840744,-0.07303277030587196,0.02193367,0.20758337,96.61022424697876,3.337755062229332,1.6912390522472065,0.7566304258298328,0.0645312085630082,0.4661558109833972,0.7578919190736911,0.03300276134240496,0.47050153793574845
2024-03-13,2024-04-22,-0.048701983,0.24534155,0.24534155,0.29404354,0.0342786842957139,0.04540382698178291,0.05351852998137474,0.23983261,0.3501401,95.89937925338744,2.186295013870448,0.9156086653418148,0.7463100124674934,0.041881921192192105,0.48470164064567345,0.7464705567560218,0.01708888707872635,0.47223757996998655
2024-01-25,2024-08-20,-0.2449339,0.4481513,0.4481513,0.6930852,-0.15585491061210632,-0.14005416631698608,-0.1082335039973259,0.47156948,nan,79.1191577911377,0.8887530580012339,0.0,0.8271335203175553,0.02524401009091023,0.49052922526623854,0.8273018639176807,0.0,nan
2023-11-18,2024-02-22,-0.5028698,0.45236063,0.5028698,0.9552304,-0.36591169983148575,-0.3436213284730911,-0.285954549908638,0.1534022,0.42201382,91.30213260650636,2.15652443269736,0.6168425593140114,0.7518853395130976,0.04090848426094723,0.4680504748800215,0.7529065349269096,0.011776973743068379,0.4710782588290508
2024-05-16,2024-09-13,-0.21188413,0.34340775,0.34340775,0.5552919,-0.08782997727394104,-0.06791041791439056,-0.0367968138307333,-0.22827348,-0.35095143,96.86325192451476,5.362542465372719,2.4211233294299688,0.8185257585867988,0.14622423292057943,0.4927053107497132,0.8191720573143212,0.06661940323914693,0.4971900875855678
2024-04-22,2024-11-12,-0.098617606,0.1918386,0.1918386,0.2904562,-0.029279449954628944,-0.010875359177589417,0.022900380194187164,nan,nan,34.183818101882935,0.0,0.0,0.8885287587885735,0.0,nan,0.8885287587885735,0.0,nan
2024-01-29,2024-05-04,-0.22138822,0.24642894,0.24642894,0.46781716,-0.11437240242958069,-0.09591804444789886,-0.07903418689966202,0.18320021,0.42922452,88.38086128234863,1.7390688648150316,0.4184024842602346,0.7633688661155401,0.033266374014452135,0.44927295388450356,0.7647091123740494,0.008004355944664737,0.4493179070972198
2023-12-20,2024-09-13,-0.20716348,0.6015681,0.6015681,0.80873156,-0.13366733863949776,-0.09837479889392853,0.04123947490006685,nan,nan,17.344366014003754,0.0,0.0,0.8332910277437887,0.0,nan,0.8332910277437887,0.0,nan
2024-05-28,2024-06-09,-0.09484031,0.35282472,0.35282472,0.44766504,0.10073973424732685,0.10963887721300125,0.11511683464050293,0.16028407,0.0995633,96.94727063179016,5.135392349992334,2.9543041779119985,0.7410894304004351,0.09678207910985606,0.4850518222272292,0.7422356587667306,0.056637093545192085,0.4934152550670714
2024-09-01,2024-09-13,-0.09253584,0.093586735,0.093586735,0.18612257,-0.014214103110134602,0.0012036181287840009,0.014739609323441982,0.5932276,nan,61.78367137908936,0.4810723992538379,0.0,0.7251246349935953,0.008682009413504681,0.49600365380223793,0.7251630856306673,0.0,nan
2024-02-22,2024-03-25,-0.15912054,0.17910247,0.17910247,0.338223,-0.04340743087232113,-0.018161719664931297,-0.0038110335590317845,0.07595771,0.1816264,95.11743783950806,2.2253145424305347,0.9000963821298571,0.7497948086590746,0.04308705607023225,0.48298701298701296,0.7503410222285802,0.017618886937027612,0.48828062289292024
2024-05-16,2024-05-24,-0.16702567,0.13420942,0.16702567,0.30123508,-0.01353173516690731,-0.007788434624671936,-0.00047418332542292774,nan,nan,17.343735694885254,0.0,0.0,0.7470286904525828,0.0,nan,0.7470286904525828,0.0,nan
2023-12-20,2024-08-20,-0.26789322,0.68377995,0.68377995,0.95167315,-0.19475964829325676,-0.15908900648355484,-0.0873027890920639,0.48634067,0.5676804,89.25896883010864,1.4583496047139275,0.3440131443828301,0.8314071634572272,0.0401518406795691,0.4610482991173262,0.8324557635399582,0.010010429329953338,0.48728190035736807
2024-04-10,2024-09-01,-0.19347338,0.2975844,0.2975844,0.4910578,-0.1234579011797905,-0.10327639430761337,-0.07574064284563065,-0.12197976,-0.0023044029,94.18792724609376,3.413254316188609,1.4227858315780797,0.8190638984635474,0.08972804539447361,0.4703209405783286,0.8203835021341426,0.03778831270131875,0.47517406108654775
2023-12-24,2024-01-13,-0.10773063,0.1319194,0.1319194,0.23965003,-0.01566445082426071,0.005779248662292957,0.019608497619628906,0.68872935,nan,79.12397980690002,0.8651994040781057,0.0,0.7520970699543521,0.017102741863510552,0.4896868475991649,0.7522755286205796,0.0,nan
2023-11-30,2024-02-06,-0.35112503,0.40367848,0.40367848,0.75480354,-0.24682356417179108,-0.23024843633174896,-0.17389264702796936,0.088596605,0.24132401,90.8357560634613,1.7947017283757951,0.4996842654366746,0.754278311708767,0.03493411774424821,0.476670692431562,0.7548953307409864,0.009752521110055526,0.47794968189705034
2024-02-10,2024-06-09,-0.25119796,0.21066988,0.25119796,0.46186784,-0.14182333648204803,-0.12707383930683136,-0.10158401727676392,0.02766844,0.17413685,93.33370327949524,1.6227456046425264,0.54339580109156,0.762985577360748,0.03130842626576503,0.4544300979519145,0.7640960671177986,0.01075311696219461,0.466094934184284
2023-11-26,2024-01-13,-0.13977537,0.4914909,0.4914909,0.63126624,0.022154809907078743,0.04470912367105484,0.06282234191894531,0.22328594,0.2099539,96.7253565788269,6.265199693079994,2.675145982078993,0.743890500074418,0.12167449194559088,0.49654039093582425,0.7440624561981513,0.051803676162029196,0.4951115432398855
2024-01-25,2024-11-16,-0.15531255,0.5834,0.5834,0.73871255,-0.0396365150809288,-0.011481466703116894,0.04076569899916649,nan,nan,40.23077189922333,0.0,0.0,0.8679752672183713,0.0,nan,0.8679752672183713,0.0,nan
2023-12-20,2024-05-28,-0.31932613,0.55352986,0.55352986,0.872856,-0.20316541194915771,-0.1745375543832779,-0.11866869777441025,0.16122693,0.26939437,96.53799533843994,4.531398702339319,2.371933387137365,0.7469507432766656,0.08810805772829275,0.49032077880625596,0.7476298022267927,0.04663717638961579,0.49582304338546906
2024-05-12,2024-05-28,-0.12633757,0.09329236,0.12633757,0.21962994,-0.012282230891287327,-0.009754653554409742,-0.005727503099478781,0.1425329,0.23114286,96.30153775215148,3.230227094753328,1.4513085616369084,0.7484013211314572,0.06299449505360989,0.489310074918931,0.7490789355818382,0.028895210235975632,0.49955201592832255
2023-11-14,2024-03-01,-0.3990392,0.7312429,0.7312429,1.1302822,-0.21835075318813324,-0.1745135486125946,-0.11813314072787762,0.31512117,0.40091956,87.69811987876892,1.7497619346942432,0.4549612231715934,0.7495184506030746,0.03399779764330492,0.4857131059542489,0.7500184238704,0.009099895084582636,0.5
2024-01-13,2024-03-25,-0.13659205,0.52533525,0.52533525,0.6619273,-0.0204691169783473,0.04170338809490204,0.06335628032684326,0.33752865,0.39477876,96.61001563072205,3.7726203568931393,1.835659089610851,0.7458501176074176,0.07289101095056123,0.4895160517489219,0.7464712351707278,0.03589112796203121,0.49537164690589675
2024-05-04,2024-06-29,-0.05714188,0.41135514,0.41135514,0.468497,0.042764971032738686,0.05576662719249725,0.0646034274250269,0.18619677,0.24093476,96.91386222839355,3.1970111424678165,1.640519220793108,0.744680558987453,0.059550677061961425,0.4722818594770503,0.7455323920541821,0.030536178361373272,0.4719457412137761
2023-12-24,2024-05-04,-0.27012727,0.48446995,0.48446995,0.7545972,-0.1567145138978958,-0.1400710791349411,-0.10738905891776085,0.2696227,0.46470094,95.6910490989685,2.752453987286807,1.1909045325611205,0.7532949827827125,0.051907806111596906,0.4612295254094918,0.7546995319614413,0.022854973648760428,0.4693623733543651
2024-02-06,2024-06-29,-0.24006236,0.27173167,0.27173167,0.51179403,-0.11868681572377682,-0.1081969253718853,-0.07596960291266441,0.020902954,0.22854933,96.6827392578125,3.163270171970574,1.5544689084543168,0.7619542018707093,0.061370189428949555,0.45648896806906947,0.7635668324092498,0.03060986357062362,0.4633279107599349
2023-11-30,2024-07-03,-0.26298827,0.9699551,0.9699551,1.2329433,-0.10766257159411907,-0.05137656815350056,-0.01731154788285494,0.22834827,0.2538688,96.36220932006836,3.876093330269913,1.8157988662455908,0.7445132991444099,0.07499167593530608,0.493289591410677,0.7449612520717823,0.03546689147544932,0.49801050453604967
2024-01-17,2024-01-25,-0.119201206,0.19600883,0.19600883,0.31521004,-0.0023599551641382277,0.0021892708027735353,0.00721457926556468,nan,nan,17.343588173389435,0.0,0.0,0.742289648943269,0.0,nan,0.742289648943269,0.0,nan
2024-06-09,2024-06-21,-0.07455783,0.13062477,0.13062477,0.20518261,-0.0014230728847905993,0.01231080200523138,0.019633688032627106,nan,nan,17.343592643737793,0.0,0.0,0.7435221825923708,0.0,nan,0.7435221825923708,0.0,nan
2024-01-25,2024-04-10,-0.17951973,0.38875705,0.38875705,0.56827676,-0.07360421121120453,-0.05299005284905434,-0.040714915841817856,0.076722786,0.20995688,96.68209552764893,3.087696178094524,1.5001365533923765,0.7464232403758758,0.058373809012106884,0.4766707225758143,0.7471811478288011,0.02839458413926499,0.47724317295188556
2023-12-20,2024-03-13,-0.23298143,0.477152,0.477152,0.71013343,-0.1228490099310875,-0.10061857104301453,-0.06220991909503937,0.2439069,0.41477975,96.63950204849245,4.048247174565157,2.1593929979548685,0.7524989224730184,0.07826926051695308,0.4745350935172118,0.753683478980269,0.04220334863027321,0.4796885465505693
2024-02-06,2024-05-24,-0.19088408,0.43355352,0.43355352,0.6244376,-0.06531248986721039,-0.03311048448085785,0.0016200370155274868,0.22491509,0.30555323,93.37173104286194,3.36701650345285,1.2940782068010814,0.7556044691252057,0.06640164484002802,0.479217630144629,0.7568132195243896,0.02623507951398129,0.49263022723466027
2023-08-10,2024-01-13,-0.41799164,0.7615351,0.7615351,1.1795268,-0.10374791547656059,-0.07415357232093811,-0.0005750955897383392,0.40287375,nan,65.1606023311615,0.8691056514815406,0.0,0.730485455797167,0.016083584061433974,0.49871979516722675,0.7305077084622713,0.0,nan
2024-02-22,2024-09-13,-0.16809526,0.3079641,0.3079641,0.47605935,-0.09470872953534126,-0.05854163318872452,-0.02179541438817978,0.33220965,0.4617999,82.61882662773132,0.9243002903023972,0.0682044457160527,0.8333304433144471,0.025581456111548998,0.4591964355506918,0.8340457229887998,0.0019378241500790372,0.4713983050847458
2024-03-05,2024-07-15,-0.12961197,0.3193862,0.3193862,0.44899818,-0.041278526186943054,-0.031613949686288834,-0.013730883598327637,0.20150246,0.29612723,96.48218750953674,3.5012395176150357,1.735903199025742,0.8238453105157956,0.09535291629692903,0.47496643602189403,0.8250848281308306,0.04829533674459492,0.48521079820029994
2024-01-29,2024-06-29,-0.24057035,0.22358842,0.24057035,0.46415877,-0.13633470609784126,-0.1154005229473114,-0.08250904642045498,0.3340223,nan,50.41264891624451,0.007008295799213,0.0,0.7707167391338903,0.00013235349728360203,0.4329896907216495,0.7707261316952706,0.0,nan
2024-01-13,2024-06-09,-0.11287972,0.7929051,0.7929051,0.90578485,0.00020942197807016782,0.04538528248667717,0.06583806127309799,0.36917326,0.39557254,93.4878945350647,1.9860577545334712,0.6566203250780374,0.7468823007524995,0.03816326150789049,0.48525503331270253,0.7473385582407984,0.012744470643479805,0.490144257240392
2024-05-04,2024-06-09,-0.08615232,0.40598005,0.40598005,0.49213237,0.0668198075145483,0.07558678090572357,0.08241395652294159,0.1413861,0.13872339,96.9289481639862,4.4234629073301,2.4582500646641727,0.7415687311516581,0.08373490592530188,0.48703122958317,0.7419415435879874,0.046267902274641955,0.4842464142957912
2024-03-05,2024-07-27,-0.11925394,0.44675794,0.44675794,0.5660119,-0.034271590411663055,-0.023245112970471382,-0.006849398370832205,0.20273022,0.2649256,95.0131356716156,3.559671853259628,1.5688503582596425,0.8209790164275859,0.0972305430263989,0.4863275298132987,0.8217969244921159,0.04362041969346496,0.49504471282382223
2024-03-17,2024-04-06,-0.08850706,0.15126432,0.15126432,0.2397714,0.00023280840832740068,0.018421266227960587,0.028968315571546555,0.2619045,0.31107172,86.65463328361511,1.1193263503799546,0.2068996439098753,0.7435084423154247,0.021748479016418867,0.4982878924925701,0.7435431545940254,0.004026817249328511,0.4991261796574624
2023-11-26,2024-09-13,-0.42175344,0.71035886,0.71035886,1.1321123,-0.23490210622549057,-0.20586398243904114,-0.1812240183353424,nan,nan,44.96880769729614,0.0,0.0,0.8211858614496046,0.0,nan,0.8211858614496046,0.0,nan
2023-08-10,2024-05-28,-0.3553656,1.1010967,1.1010967,1.4564624,-0.11407439969480038,-0.06183512322604656,0.05372400116175413,0.25459298,nan,63.80360126495361,0.5771785011439261,0.0,0.7304353873006821,0.01060980581371947,0.49542168674698794,0.730488237380305,0.0,nan
2024-02-18,2024-02-22,-0.08956427,0.13624303,0.13624303,0.22580731,-0.008299046196043491,0.009000925347208977,0.02233448624610901,nan,nan,17.343591153621674,0.0,0.0,0.7418451456324722,0.0,nan,0.7418451456324722,0.0,nan
2024-02-18,2024-11-16,-0.10874627,0.5319027,0.5319027,0.64064896,-0.018529847264289856,-0.00330478441901505,0.08007751405239105,nan,nan,41.33379459381104,0.0,0.0,0.8727849227217898,0.0,nan,0.8727849227217898,0.0,nan
2024-03-25,2024-11-12,-0.13126676,0.199731,0.199731,0.33099777,-0.0626541692763567,-0.041868412867188454,-0.00463150255382061,nan,nan,34.183549880981445,0.0,0.0,0.8888263922304732,0.0,nan,0.8888263922304732,0.0,nan
2024-03-17,2024-04-10,-0.10410954,0.10665885,0.10665885,0.2107684,-0.02125852322205901,-0.0075404467061161995,0.0022760398569516838,0.262362,nan,61.52726411819458,0.2456616883473773,0.0,0.7442778978244079,0.004801893608928468,0.49985281130409187,0.7442786209968788,0.0,nan
2024-01-13,2024-04-22,-0.1724732,0.5660375,0.5660375,0.73851067,0.005883180652745068,0.05161173827946186,0.06874637864530087,0.5143088,0.5800435,93.9532220363617,2.2186695358104283,0.805862077193561,0.748326995620362,0.042789785078677714,0.4840144700821275,0.7489090673764327,0.015801809666633533,0.4921040825482279
2024-04-06,2024-07-27,-0.1596807,0.40283802,0.40283802,0.5625187,-0.04128977283835411,-0.030871128663420677,-0.017250753939151764,0.21300502,0.30000916,95.10238766670228,3.2798824340317063,1.3946508640433966,0.8229072289487411,0.09109206051510318,0.49002114723764206,0.8235018503345919,0.039352425333789236,0.49785007511785734
2024-02-18,2024-03-17,-0.10874386,0.23860008,0.23860008,0.34734392,0.021201089024543762,0.02715674415230751,0.033081866800785065,0.24083447,0.34330553,96.8898355960846,2.9765055727670604,1.4830821032169603,0.7405188473209353,0.056345995108849745,0.49008722272164046,0.740630215881446,0.02771838036165461,0.48385995708991614
2023-12-12,2024-07-27,-0.35833532,0.8590021,0.8590021,1.2173374,-0.1765868216753006,-0.16420972347259521,-0.10838838666677475,0.17262344,0.28240827,96.2529480457306,3.936323519097377,1.804060908567012,0.8212378099351334,0.10680407661291146,0.480969525523981,0.8223202464802736,0.049713547987085695,0.48847695390781565
2023-12-24,2024-05-12,-0.25226453,0.5308896,0.5308896,0.78315413,-0.1360204666852951,-0.11349675804376602,-0.059708137065172195,0.3378531,0.5152322,96.04200720787048,3.0606022510357103,1.3978298848182973,0.7556705783072293,0.0590626416084333,0.4676825381837067,0.7569248465038719,0.02734533377853037,0.4741045123274926
2024-02-22,2024-04-22,-0.16348279,0.14622219,0.16348279,0.30970496,-0.07151524536311626,-0.053692037239670753,-0.03903260640799999,0.26557758,nan,71.02569341659546,0.4712175794068814,0.0,0.7605539877203098,0.00956153407221117,0.4855872431769396,0.7606898186079646,0.0,nan
2023-12-12,2023-12-20,-0.12337882,0.4547229,0.4547229,0.57810175,0.026289571076631546,0.034095317125320435,0.04129213094711304,0.12328924,0.18474922,96.7002809047699,4.501764653566076,2.287433540782261,0.7492977177725668,0.08796843495793645,0.4877367127644196,0.7501140643720747,0.04524583420241489,0.49370949897265687
2024-01-17,2024-09-01,-0.28172913,0.30454496,0.30454496,0.5862741,-0.1980648934841156,-0.17348740994930267,-0.15206103026866913,-0.08577767,-0.055399083,93.7766969203949,2.3523681456509813,0.9051077140421244,0.819733678604979,0.06306300853604163,0.48084792173030183,0.8205674256756463,0.025043224933069444,0.4962817847433232
2023-08-14,2023-08-22,-0.08916995,0.067691274,0.08916995,0.15686122,-0.008939846185967326,-0.005597827024757862,-0.003350408747792244,nan,nan,36.41040027141571,0.0,0.0,0.7210092278907045,0.0,nan,0.7210092278907045,0.0,nan
2024-02-18,2024-04-10,-0.14143683,0.1671954,0.1671954,0.30863222,-0.050324440002441406,-0.03812014311552048,-0.025586644187569618,0.18202285,0.30783033,90.49399495124815,1.4956653042097316,0.3857401959508127,0.7485699264388963,0.028774085885609788,0.48271443767527317,0.7489814115748094,0.007476333829545929,0.48631421072365955
2024-04-06,2024-05-04,-0.09500672,0.12040377,0.12040377,0.21541049,-0.015081136487424374,0.0059796227142214775,0.014016753062605858,0.41046253,0.58107036,96.73974514007568,3.63643851412569,1.8772117675789013,0.7432774548181672,0.0687037581736317,0.48264489082275336,0.7443930021082688,0.0364546801819128,0.49609344931106153
2023-12-12,2024-03-05,-0.19793047,0.63883436,0.63883436,0.8367648,-0.08689278922975063,-0.07385531440377235,-0.03665374685078859,0.30747128,0.39282826,81.67263865470886,1.814039281528224,0.0656548018027593,0.7490779043392184,0.03583313148090476,0.49531648596938777,0.7492413182732208,0.0012961809520513974,0.4950440528634361
2024-05-24,2024-05-28,-0.11294792,0.12556624,0.12556624,0.23851416,0.0036769380094483495,0.007943536154925823,0.014266825281083584,nan,nan,34.183526039123535,0.0,0.0,0.7418212465518462,0.0,nan,0.7418212465518462,0.0,nan
2024-01-25,2024-02-18,-0.17733717,0.24381422,0.24381422,0.4211514,-0.046032052487134933,-0.006795044057071209,0.014270133804529905,0.13805977,0.28875607,95.9691047668457,2.409697747374779,1.0248006970725554,0.745565988523735,0.04632216180524228,0.48799172463420487,0.7458564354218055,0.019616939586656782,0.48593485617597293
2023-08-22,2023-12-12,-0.1717175,0.48983207,0.48983207,0.66154957,-0.06917427480220795,-0.0343560092151165,0.0753808543086052,0.64477795,nan,60.57553291320801,0.6334042812642035,0.0,0.7442091522830823,0.012320528796662513,0.4974841391380442,0.7442410234239027,0.0,nan
2024-04-10,2024-06-09,-0.15271217,0.3047889,0.3047889,0.45750105,-0.04572945088148117,-0.03826202638447285,-0.03415903449058533,-0.031179382,0.057053164,96.9261348247528,3.684478062402431,1.9620518137862069,0.7463497593259826,0.06988506934283534,0.47803987754140825,0.747097414227569,0.037197539577344375,0.47781463055094897
2024-01-13,2024-01-25,-0.12485121,0.44554397,0.44554397,0.5703952,-0.01861238107085228,-0.0008514540968462825,0.011046369560062885,0.20408922,0.2797188,96.63930535316469,2.81802267693716,1.2763640544298551,0.7457452723842743,0.05464979802065944,0.4922253868062505,0.7460728233227837,0.024925504093713857,0.49566621346023115
2024-03-17,2024-08-20,-0.17941557,0.4182133,0.4182133,0.5976289,-0.07755137234926224,-0.05677418410778046,-0.036590930074453354,0.42171493,0.5341275,93.8442885875702,2.0322592775796284,0.7201351464713522,0.8230682616958683,0.056122522182754334,0.4871717315493559,0.8235686970456958,0.020351357611210978,0.4985438843141193
2023-11-30,2024-02-18,-0.27009222,0.6315372,0.6315372,0.90162945,-0.10920192301273346,-0.044747982174158096,-0.010184707585722208,0.30780202,0.44101274,90.80291986465454,2.9538883036600643,0.733270041919724,0.7491449156620239,0.05708535040688494,0.4828294687408277,0.7500689992009097,0.014494010954372206,0.4938417578086511
2024-05-28,2024-09-13,-0.25073865,0.34723094,0.34723094,0.5979696,-0.07549158483743668,-0.058202626183629036,-0.035110924392938614,-0.336368,-0.47787213,96.74842953681946,3.497406703519536,1.5883760149725628,0.8170789472922977,0.09404684185565661,0.49000248128696083,0.8176061400235465,0.04311133423686033,0.49458204334365324
2024-01-17,2024-11-16,-0.16784461,0.62002724,0.62002724,0.78787184,-0.04345636069774628,-0.01147366687655449,0.030921676196157932,nan,nan,44.34236586093903,0.0,0.0,0.8658698543982329,0.0,nan,0.8658698543982329,0.0,nan
2024-01-17,2024-07-03,-0.32119352,0.2979613,0.32119352,0.6191548,-0.20300498604774475,-0.16458404064178467,-0.13794325292110443,-0.076286696,0.09486652,96.28260731697084,3.942711733397794,1.8990905498532984,0.7454560060909855,0.07527043054543377,0.4834609101088533,0.7462636985656945,0.036515625669824664,0.4869283536585366
2023-08-22,2024-01-13,-0.33881083,0.75291634,0.75291634,1.0917271,-0.10070733167231083,-0.07253994420170784,0.012788806576281786,0.22942986,0.2456809,86.31308674812317,2.845538594565832,0.4558958839114481,0.7276243805913066,0.052169488506989936,0.49929388848307765,0.7276631802410013,0.008367572793303907,0.4998480243161094
2023-11-26,2024-08-20,-0.42004725,0.90850323,0.90850323,1.3285505,-0.2741324305534363,-0.24241844564676285,-0.19907459616661072,0.12771109,0.18182059,96.7890739440918,3.5232220242559285,1.5650897278613716,0.8194428188088209,0.09679566206613144,0.49510909687474364,0.8197686684382482,0.04337132032354091,0.4993998707413905
2023-12-24,2024-02-10,-0.22239439,0.39394787,0.39394787,0.61634225,-0.10859768278896809,-0.094730693846941,-0.06706267409026623,0.13543451,0.29968387,96.55013680458067,3.4814612513492778,1.7300375557954273,0.7520110918924855,0.06749859277153646,0.47780475656829785,0.7528491973695048,0.03366500926425405,0.479557318855711
2023-12-08,2024-01-29,-0.3986108,0.21352945,0.3986108,0.61214024,-0.3089403212070465,-0.2697089910507202,-0.20786982774734497,0.17795861,nan,56.75711631774902,0.1827456833835214,0.0,0.7615689516024056,0.003482871707396284,0.4540957657301148,0.7617367276156425,0.0,nan
2024-05-16,2024-11-16,-0.13254717,0.40394345,0.40394345,0.5364906,-0.02787305135279894,-0.017808214761316776,-0.007197769591584802,nan,nan,17.70487278699875,0.0,0.0,0.8669456920896799,0.0,nan,0.8669456920896799,0.0,nan
2023-12-08,2024-09-13,-0.32028204,0.73309094,0.73309094,1.053373,-0.21931703388690948,-0.20193439722061157,-0.17156138271093369,0.2942882,nan,79.12882566452026,1.0627742631595696,0.0,0.8208813881440212,0.028104486469297935,0.4721012520413718,0.8214743895701173,0.0,nan
2023-11-30,2024-01-13,-0.12167632,0.47365752,0.47365752,0.5953338,0.02051452361047268,0.028209378942847252,0.04368022829294205,0.27829203,0.36935577,94.02936100959778,4.331993809579545,1.7457881587256172,0.7434353220998299,0.08387578865743188,0.49610560725841424,0.7436173932896651,0.033764054844735825,0.4955510491246948
2023-11-14,2024-02-22,-0.46809655,0.5194432,0.5194432,0.98753977,-0.36011018604040146,-0.3327992558479309,-0.2555898576974869,0.13586508,0.3324574,95.86912989616394,2.8353975293228544,1.2172759548983652,0.751238734345129,0.053746185646033805,0.4681097747426358,0.752550802919497,0.02364094897323296,0.47961182336182334
2024-02-22,2024-06-09,-0.21583991,0.2146603,0.21583991,0.4305002,-0.09509559534490108,-0.08283361792564392,-0.07212863303720951,-0.0267521,0.17537975,95.44833898544312,2.526671261796696,1.104926470694486,0.7582177687031185,0.047857148245660355,0.45350433216093333,0.7596577206132042,0.021174287287732824,0.4588373765775191
2024-01-17,2024-01-29,-0.09317779,0.12570621,0.12570621,0.21888399,-0.01922747679054737,-0.007577728480100632,0.005591185647062957,nan,nan,17.343591153621674,0.0,0.0,0.7590597620057407,0.0,nan,0.7590597620057407,0.0,nan
2023-11-18,2024-05-04,-0.21499044,0.9406349,0.9406349,1.1556253,-0.060087382793426514,-0.010461054742336273,0.025605754926800728,0.3020752,0.3323576,96.23002409934998,3.589599584284447,1.6307282114822603,0.7439198705376077,0.06971530888328499,0.4969151981934755,0.7441261360889446,0.03183805319872653,0.49953399609444343
2024-07-15,2024-08-20,-0.14411575,0.13101366,0.14411575,0.2751294,-0.03918600082397461,-0.03224287927150726,-0.023292630910873413,0.41172984,0.6075406,94.12405490875244,2.9674004513006205,1.1177050902051946,0.7231598074392095,0.05323597861744124,0.49626078264410795,0.7232982297326692,0.020052106086721685,0.4962649891881266
2023-11-30,2024-02-22,-0.4057193,0.42077342,0.42077342,0.8264927,-0.29945777356624603,-0.27287301421165466,-0.22745423018932343,-0.07587558,0.24314807,93.32413077354433,3.334070288149333,1.141412959133688,0.7504591517505567,0.06411978231990118,0.4769535821089585,0.7514583757804857,0.021928240147295313,0.47645271553361185
2023-11-18,2024-01-17,-0.20049289,0.67382896,0.67382896,0.8743218,-0.05435335636138916,-0.040601033717393875,-0.005791723262518644,0.23750287,0.21417873,87.82975673675537,1.830552487707297,0.3746071907789889,0.743746535100607,0.035614000395491396,0.49843830308781084,0.7438029867251834,0.007309528517754738,0.499903400309119
2024-03-05,2024-05-16,-0.19886744,0.1883514,0.19886744,0.38721883,-0.07128481566905975,-0.03778469190001488,-0.021569987758994102,0.23446396,0.3375141,95.02636194229126,1.9297857384603367,0.6946794754974703,0.7564087544366631,0.0386551396892357,0.4869214914746112,0.7568600140584728,0.01417865823364739,0.4961482406829065
2023-08-14,2024-03-05,-0.29204306,0.9987847,0.9987847,1.2908278,-0.10273676365613937,-0.050950516015291214,0.16181102395057678,0.43552393,nan,62.596625089645386,0.871584517957575,0.0,0.7426673696913334,0.016620431533885285,0.49039377580184185,0.7428348224170763,0.0,nan
2023-12-08,2024-06-21,-0.3414112,0.7678823,0.7678823,1.1092935,-0.19008130207657814,-0.17307810485363007,-0.1301654651761055,0.108034596,0.22665215,96.42351269721983,3.968191982042181,1.954445919716285,0.7460919759675324,0.07521932277371969,0.477985129027555,0.7471854127434561,0.03745766260285012,0.4832753644638496
2024-01-25,2024-07-03,-0.28485718,0.30380875,0.30380875,0.58866596,-0.17516233026981354,-0.13679422438144684,-0.11657093465328217,-0.014459692,0.15086506,96.65221571922302,3.373374545002652,1.6147258022331177,0.75044686917029,0.06474287612708442,0.4758192332405226,0.7515754215453798,0.0315510779793788,0.4844288335048548
2023-11-14,2024-03-13,-0.22783092,0.960477,0.960477,1.1883079,-0.043811931274831295,-0.01362135959789157,0.037639912217855453,0.3540162,0.36538452,92.57874488830566,1.92518608109104,0.6546615282130869,0.7441404867080806,0.03732405012143244,0.49572168430533664,0.7442618675013041,0.012716851205352916,0.4966891071625648
2023-08-22,2024-06-21,-0.3720714,1.1044731,1.1044731,1.4765445,-0.1264924257993698,-0.08825480937957764,0.01610187068581581,0.23279864,nan,71.76568508148193,2.027558836897358,0.0,0.7283310884964581,0.03726243888006081,0.4992140513942045,0.7283629596372787,0.0,nan
2023-11-26,2024-02-06,-0.3844921,0.43750224,0.43750224,0.8219943,-0.2603228986263275,-0.2406696379184723,-0.18566079437732697,0.08329288,0.14588167,93.98522973060608,1.96651335116475,0.701190832282089,0.7559707790190409,0.03840659740854316,0.4746491292527004,0.7569114801665229,0.014309943232914504,0.49598145285935086
2023-08-22,2023-11-14,-0.87066346,0.3606498,0.87066346,1.2313132,-0.08702072501182556,-0.061848752200603485,-0.019084151834249496,0.124552935,0.15041696,91.58334732055664,4.129529859101844,1.1634352101278171,0.7226226900351413,0.07437719219354258,0.4995134391463374,0.7226628753866108,0.020975107673551777,0.5
2023-11-30,2024-01-25,-0.12887178,0.63968927,0.63968927,0.76856107,0.007357478607445955,0.03298860415816307,0.06128974258899689,0.35119933,nan,62.83660531044006,0.5035857909331438,0.0,0.746486459539013,0.009925144602160589,0.4996413199426112,0.746490072062621,0.0,nan
2024-01-13,2024-05-12,-0.15949422,0.6055184,0.6055184,0.7650126,-0.056506626307964325,-0.0033037466928362846,0.02909764274954796,0.30564648,0.34410778,96.57444953918456,4.994609509389432,2.5193222515547826,0.7484264178147219,0.09827553916413352,0.4937821208830981,0.7489238903217736,0.04994885684237823,0.49754606509385224
2024-03-13,2024-06-09,-0.15326756,0.34167135,0.34167135,0.4949389,-0.06249840650707483,-0.04502265527844429,-0.035065844655036926,-0.05550867,0.05565174,96.49106860160828,2.8869768208759643,1.3534895964408342,0.7458634534667442,0.05460964108312768,0.47835725557977005,0.746300249639137,0.02515363563832069,0.4699722162855311
2023-08-22,2023-12-08,-0.45121825,0.5019241,0.5019241,0.95314234,-0.07898162864148617,-0.03988817147910595,0.04858654271811247,0.5170091,nan,67.81898140907288,1.4595596794040373,0.0,0.7268816444400102,0.026648229667499714,0.49857590430076903,0.7269232154932544,0.0,nan
2023-12-20,2024-05-12,-0.32411897,0.49811283,0.49811283,0.82223177,-0.21217019855976105,-0.1781419962644577,-0.12599290162324905,0.13409716,0.25335917,96.07504606246948,4.22983578199532,2.123451326153677,0.7546735020928611,0.08429173237382374,0.486630193195418,0.7555138285039876,0.0428832670709045,0.4931546504103804
2024-04-22,2024-05-24,-0.16201408,0.121024124,0.16201408,0.2830382,-0.04394714906811714,-0.029251907020807266,-0.01900406926870346,0.25787956,0.41562414,96.54101729393004,2.853084286363492,1.3880084636603884,0.7478102739111432,0.05585381555652634,0.4929109493494306,0.7481496597458007,0.027434012369806634,0.4976539283666128
2024-03-05,2024-05-04,-0.13543257,0.17189412,0.17189412,0.30732667,-0.06429441273212433,-0.039991822093725204,-0.027451789937913418,nan,nan,35.85246205329895,0.0,0.0,0.751387767971559,0.0,nan,0.751387767971559,0.0,nan
2023-11-30,2024-05-12,-0.18934558,0.92304367,0.92304367,1.1123892,-0.05514046177268028,0.0026055509224534035,0.04515491798520088,0.27495116,0.30037636,96.71303033828735,4.414937351615593,1.828948452178135,0.7478025018893498,0.0869791591962019,0.4961951363204923,0.7481196814621184,0.03627131771826905,0.499486450185668
2023-11-14,2023-12-20,-0.14751239,0.51510876,0.51510876,0.66262114,0.01065777987241745,0.021435687318444252,0.05016196612268686,0.38418186,0.38462833,89.39321637153625,1.7080011617875923,0.4031576346351423,0.7504277227951685,0.03400811827248491,0.4967005076142132,0.7505404335317332,0.008080620846553643,0.5
2024-05-12,2024-11-12,-0.1536857,0.109115265,0.1536857,0.26280096,-0.089669493958354,-0.07988471165299416,-0.02833610912784934,nan,nan,34.26336050033569,0.0,0.0,0.8912017037163323,0.0,nan,0.8912017037163323,0.0,nan
2024-05-24,2024-07-27,-0.121342175,0.3434973,0.3434973,0.4648395,-0.027697340585291386,-0.01368639525026083,-0.0012832998763769865,0.03760572,0.108290434,96.944397687912,3.83621106963934,2.115927327585086,0.8154173837526029,0.10129081065746236,0.48416076540605696,0.8159505922371203,0.05583662340323254,0.4838830840674725
2024-03-17,2024-05-16,-0.14922829,0.1974248,0.1974248,0.3466531,-0.028770634904503822,-0.022591575980186462,-0.005958827678114176,0.3306957,0.5221971,96.85845971107484,4.471375387258858,2.4291363295815147,0.7501247472512215,0.08723226873736911,0.4848374575448811,0.7508457502046578,0.04759472896233539,0.4869306341172968
2023-12-08,2024-03-05,-0.28858906,0.5570828,0.5570828,0.84567183,-0.1649584174156189,-0.14973801374435425,-0.10713976807892323,0.19175026,0.38815135,96.23181223869324,3.5922146144478284,1.6164351068415006,0.7474038108296523,0.06868683960498662,0.4802810379884444,0.7482412445508955,0.03102381020931103,0.4820821403006442
2023-11-14,2024-07-27,-0.44214788,1.0721788,1.0721788,1.5143267,-0.24660565704107285,-0.22496213018894196,-0.1587825044989586,0.1321448,0.16586006,96.61937355995178,4.7870272832232965,2.573561818226482,0.8184656311728997,0.13072915627058423,0.49424957739676406,0.8188998565105623,0.0707778598375217,0.4977400336889388
2024-02-22,2024-09-01,-0.22346453,0.26093495,0.26093495,0.4843995,-0.1448800042271614,-0.12678305804729462,-0.08940771222114563,-0.15042038,-0.039026275,95.29869556427002,3.549882448481801,1.5817073364574437,0.8245451471525367,0.09606742861670826,0.4688295035922903,0.8260920297614145,0.04372767480122362,0.47894207929837385
2024-04-22,2024-05-16,-0.16823103,0.09422431,0.16823103,0.26245534,-0.029102477245032787,-0.008119209669530392,-0.0005895711947232485,0.23934914,0.35787007,96.61552309989928,2.8946210601574056,1.3709306263513923,0.7518478075240899,0.057487316503810525,0.4919002024949376,0.7523000807579087,0.02764147594554679,0.4993929796780153
2023-08-14,2024-08-20,-0.4385339,1.2220316,1.2220316,1.6605655,-0.1828230619430542,-0.13354401290416718,-0.010475536808371544,0.10718192,nan,77.23192572593689,2.2654554714140205,0.0,0.7425670364465701,0.04398862451213349,0.4998472816127062,0.7425739559806918,0.0,nan
2023-12-08,2024-08-20,-0.3817344,0.8638419,0.8638419,1.2455763,-0.26126885414123535,-0.24268840998411179,-0.18870729207992554,0.18110251,0.3279447,94.93574500083923,3.414024917630656,1.4984856768460424,0.820770381169746,0.09068170411748144,0.47075769450740323,0.822134284449767,0.04048931560285135,0.4788861541431398
2024-05-16,2024-09-01,-0.26856762,0.33785057,0.33785057,0.6064182,-0.10128832049667835,-0.06299033761024475,-0.018314046785235405,-0.22586751,-0.35272902,96.93273901939392,6.980677622141775,3.1615804717908333,0.818336139027324,0.18946564732120433,0.4888287559744124,0.8194181284983724,0.08644478154730212,0.4924457467264903
2023-12-20,2024-07-03,-0.34162667,0.60265875,0.60265875,0.9442854,-0.21473561227321625,-0.18781080842018127,-0.14091910421848297,0.11896427,0.21455091,96.8042492866516,3.9776655414103015,2.083098302280307,0.7481682041313397,0.07689333052444455,0.4844281221024308,0.7490497513733045,0.04085057385020735,0.4914250998090609
2023-11-14,2023-11-18,-0.08975118,0.1316804,0.1316804,0.22143158,0.02441391907632351,0.028362303972244263,0.0337935471907258,0.55112225,0.6893401,94.22973990440369,2.9640033697620214,1.184907743372103,0.7428349206762066,0.05762717578655623,0.4999878120124805,0.7428349206762066,0.023036541835646726,0.499969512195122
2024-03-13,2024-05-12,-0.08130231,0.24557368,0.24557368,0.32687598,0.01497240923345089,0.027607182040810585,0.035674260929226875,0.33522615,0.3897687,96.10940217971802,3.249937083995036,1.4369436995767997,0.7482231652391242,0.06209363653956691,0.47836003560302626,0.749511858582177,0.028460967444708572,0.4958983392048314
2024-05-12,2024-07-03,-0.039548993,0.39583808,0.39583808,0.43538707,0.07407893240451813,0.07840809971094131,0.08198925107717514,0.21977052,0.24533902,96.94756269454956,4.021403369867685,2.228036767446766,0.7466906697258046,0.07684428875136638,0.4811468194801229,0.7473798426316292,0.042600896860986545,0.4814376499578497
2024-05-04,2024-05-24,-0.13395813,0.09190057,0.13395813,0.2258587,-0.017752311192452908,-0.011905528604984283,-0.004862736910581589,0.3683647,0.48253042,87.76978254318237,1.1711079031901477,0.2348862849818723,0.7424696945394538,0.02261138721527051,0.49710037633413534,0.742529662431344,0.004546130597423298,0.49830821285758226
2024-03-01,2024-04-10,-0.13224259,0.20745994,0.20745994,0.33970255,-0.0053061682265251875,0.006660130573436618,0.017045848537236452,0.21085986,0.39066616,95.49716711044312,1.9425135739472776,0.71492830468124,0.7453109496990156,0.037049212054975425,0.48462454860206244,0.7456884457287988,0.013635703856761073,0.48462472182884886
2023-08-22,2024-02-10,-0.17440693,0.8458942,0.8458942,1.0203011,-0.05906459875404835,0.03142789751291275,0.13373374938964844,0.42239198,nan,63.94990086555481,1.0371977784429145,0.0,0.7550515758200583,0.02025171527437305,0.4773547094188377,0.7555213287217178,0.0,nan
2024-03-01,2024-04-22,-0.121170454,0.22366025,0.22366025,0.3448307,-0.01466317754238844,-0.006877874489873648,0.002134994836524129,0.2003946,0.3677583,94.62246894836426,2.105227379888284,0.8228256373318985,0.7508551514467788,0.04045633027121928,0.47691594242726115,0.751514684740193,0.01594824760142494,0.4810159957813324
2023-12-20,2024-05-04,-0.32757208,0.42769092,0.42769092,0.755263,-0.21911118179559708,-0.1797642707824707,-0.14321020990610123,0.28186536,0.5047668,96.21357917785645,2.843803424366284,1.214640482037842,0.7548264530704457,0.05426974547206796,0.4639660258366392,0.7562597809076682,0.023712710929203934,0.47463681829006904
2023-12-24,2024-04-10,-0.2543538,0.44050696,0.44050696,0.69486076,-0.13332323729991913,-0.11893404275178909,-0.09433276206254959,0.45083413,0.6526306,92.2497570514679,1.7348783374299352,0.5402167803166593,0.7557937653622566,0.032484674862903865,0.4542936864900883,0.7570068507897699,0.010364661581366539,0.46549418215861976
2024-02-06,2024-02-10,-0.13977124,0.23793863,0.23793863,0.37770987,-0.01326125068590045,-0.0062242005951702595,4.244557931087911e-05,-0.06609876,-0.07739134,96.9647467136383,6.154006216430624,3.686363590386063,0.7408989692747642,0.1174169392683548,0.49262703108856953,0.7414444603395484,0.07068662045729925,0.49509035318098077
2024-01-29,2024-06-09,-0.24743834,0.19150303,0.24743834,0.43894136,-0.1369388997554779,-0.12294427305459976,-0.09978469461202621,nan,nan,48.81645143032074,0.0,0.0,0.7669756096856093,0.0,nan,0.7669756096856093,0.0,nan
2024-03-13,2024-11-16,-0.13405085,0.48048955,0.48048955,0.6145404,-0.026803217828273773,-0.01387160923331976,0.014927198179066181,nan,nan,38.17616105079651,0.0,0.0,0.8682321904315604,0.0,nan,0.8682321904315604,0.0,nan
2024-04-06,2024-05-12,-0.16237052,0.12883303,0.16237052,0.29120356,-0.037985943257808685,-0.020125780254602432,-0.012352999299764633,0.25043303,0.41259158,96.66466116905212,3.745897979443295,1.93248337877888,0.749598287374808,0.07332535175177378,0.4884658411449292,0.7503128445444391,0.03842161570566784,0.49613040714846524
2024-05-12,2024-05-16,-0.18888983,0.117432356,0.18888983,0.3063222,-0.00816620048135519,0.0013643213314935565,0.009952906519174576,0.04060323,nan,51.11888647079468,0.0211664215310907,0.0,0.7553309763716275,0.0002997659462931652,0.3464163822525597,0.7553959926834977,0.0,nan
2024-01-29,2024-05-12,-0.26370695,0.28951198,0.28951198,0.55321896,-0.12392976135015488,-0.09355397522449493,-0.0752018392086029,0.1950695,nan,56.26566410064697,0.1358308876548508,0.0,0.7695744591690906,0.0028429493914237953,0.4821808510638298,0.7696228669854358,0.0,nan
2024-06-09,2024-08-20,-0.111274734,0.2670879,0.2670879,0.37836266,-0.03746278956532478,-0.03125852346420288,-0.023221289739012718,0.30159625,0.4843562,96.93533778190611,4.614635853734029,2.5967677083242937,0.8158611248513881,0.12439594270338154,0.4951810816316936,0.8161330377004272,0.0702113880670757,0.4966720507964799
2023-08-22,2024-03-01,-0.28547877,0.9721174,0.9721174,1.2575963,-0.1095178946852684,-0.05242473445832729,0.15407779812812805,0.4827518,nan,60.84872484207153,0.7380247652621194,0.0,0.736940453623333,0.013945781624970694,0.4969958693203154,0.7369847960801268,0.0,nan
2024-02-06,2024-05-04,-0.20280628,0.34464702,0.34464702,0.5474533,-0.10273058339953423,-0.07360929250717163,-0.05454038456082344,0.08855715,0.2777013,96.03243470191956,2.270109835167773,0.9518999706663084,0.7570220233889229,0.043599711979928416,0.46347867600254616,0.7579598345175186,0.018230293304431527,0.46216318785578747
2023-08-14,2023-11-14,-0.8386977,0.35320145,0.8386977,1.1918991,-0.0933099165558815,-0.062476903200149536,-0.016782870050519705,0.13234375,0.15417777,91.07186198234558,3.832591559275497,1.080554448430096,0.7232096397413755,0.06917459039551555,0.49951252978984617,0.7232470052256321,0.019522001005103023,0.5
2024-06-21,2024-11-12,-0.13864641,0.098642506,0.13864641,0.23728892,-0.09880433231592178,-0.06831216812133789,-0.024111824110150337,nan,nan,34.19117331504822,0.0,0.0,0.8872617757664606,0.0,nan,0.8872617757664606,0.0,nan
2023-11-30,2024-01-17,-0.11552298,0.6961359,0.6961359,0.81165886,0.039981063455343246,0.06179625913500786,0.08278724551200867,0.24387202,0.23091327,86.80554628372192,2.868054742737744,0.4895691993347177,0.7443442330395629,0.05600554020535506,0.49913089480048367,0.7443940858653512,0.009576640685176418,0.5
2023-08-22,2024-05-12,-0.34160104,1.0730677,1.0730677,1.4146687,-0.12334582209587097,-0.06391284614801407,0.05393390171229839,0.27044055,nan,73.48877787590027,1.0389991907501637,0.0,0.7295996984712938,0.01896819577823695,0.49339823953054146,0.7297368829469997,0.0,nan
2023-08-10,2024-01-25,-0.25895393,0.8370849,0.8370849,1.0960388,-0.08946968615055084,-0.057744141668081284,0.08392666280269623,0.27195954,nan,77.11861729621887,1.919709602720388,0.0,0.7404775978248019,0.03582125636307469,0.4830471636600739,0.741128488279104,0.0,nan
2024-01-29,2024-02-22,-0.070094705,0.29418766,0.29418766,0.36428237,0.053616225719451904,0.061642084270715714,0.07082239538431168,0.4192127,nan,69.04513239860535,0.589997355632719,0.0,0.7617258903786936,0.012069943776757621,0.4871418074944893,0.761877616370223,0.0,nan
2024-03-05,2024-07-03,-0.26922208,0.28023857,0.28023857,0.54946065,-0.14600937068462372,-0.12602189183235168,-0.1133677288889885,-0.22040437,-0.07441195,96.82289361953735,3.993286066780639,2.1703852195117714,0.7467612720893031,0.07599522172819914,0.47869392781470144,0.7474150200029506,0.04105949983396799,0.475859656137545
2024-03-01,2024-03-17,-0.074569196,0.2618626,0.2618626,0.3364318,0.03299690596759319,0.04584277607500553,0.05599009990692139,0.18266442,0.21682929,94.65658664703368,3.390521812328066,1.526400134220811,0.743380079201849,0.06486188625927235,0.48957000255950855,0.7438573730326093,0.02937336630166019,0.49246695409105984
2023-12-12,2024-03-13,-0.34289688,0.46746305,0.46746305,0.81035995,-0.23914386332035065,-0.2133646160364151,-0.16107555851340294,0.06722561,0.30745047,96.19797468185423,3.474932230216972,1.6279932407369246,0.7507142128907563,0.06636335203107781,0.47241874401764533,0.7516469738414784,0.030917046906103026,0.46977570508549854
2023-11-14,2024-04-10,-0.22686297,0.9566633,0.9566633,1.1835263,-0.03685889393091202,-0.01394672691822052,0.025364330038428307,0.37584817,0.40994292,96.00406885147096,2.369815486744206,0.9584747636325804,0.7459792612244721,0.04588921573515481,0.4910670731707317,0.7463000533208485,0.018695289852491827,0.4946479722599126
2024-01-17,2024-05-28,-0.1831934,0.46059,0.46059,0.6437834,-0.0725867971777916,-0.034987129271030426,0.0015042938757687807,0.25869176,0.32255194,96.21207118034364,4.113152215292022,2.0133689026817416,0.7447510845225568,0.07970501826943294,0.493603955518018,0.7452229622049136,0.03941424163384988,0.4986520004313599
2023-11-26,2024-03-01,-0.346013,0.5722243,0.5722243,0.9182373,-0.1910737007856369,-0.17046596109867096,-0.12211474403738976,0.2689599,0.41180333,94.92701292037964,2.765675823691508,1.138306188830944,0.7522643297973952,0.052982241417516736,0.47157710494004546,0.7533704845261163,0.022174380738960137,0.47953030783878137
2023-08-14,2024-09-13,-0.43019196,1.1562887,1.1562887,1.5864807,-0.15944048017263412,-0.1249496340751648,-0.03621296584606171,0.07307492,nan,69.4539487361908,1.5826358442938755,0.0,0.7370722344006023,0.028757003845351927,0.47639034627492133,0.7378195440857358,0.0,nan
2024-02-18,2024-07-27,-0.1499253,0.4422714,0.4422714,0.5921967,-0.06411191076040268,-0.04353553429245949,-0.019495735876262188,0.22744544,0.29702544,93.69301199913023,3.179210816346012,1.377860508708443,0.8208962131796737,0.0871429845398017,0.4890132387061553,0.8214964463304782,0.03834040000324283,0.49643100824017217
2023-11-26,2024-06-29,-0.1878021,1.0163287,1.0163287,1.2041308,-0.02924564527347684,-0.0074216523207724094,0.028414125554263592,0.31458673,0.3657952,96.45634293556212,3.3383330660065864,1.4109794707508414,0.748990660903969,0.06490013419445051,0.4861919705659561,0.749777468545757,0.02793960238574332,0.4952122484510216
2023-12-08,2024-11-12,-0.21019402,0.59109294,0.59109294,0.80128694,-0.060805145651102066,-0.031148748472332954,-0.011948008555918932,nan,nan,34.18661653995514,0.0,0.0,0.8891022247677893,0.0,nan,0.8891022247677893,0.0,nan
2024-05-12,2024-07-27,-0.12683439,0.35208613,0.35208613,0.47892052,-0.014236896764487028,-0.0010830466635525227,0.008554765721783042,0.116298065,0.19980346,96.9399392604828,3.742555632290857,2.014783264512363,0.8181717702063473,0.09975171198590364,0.48080375238867334,0.8187706426790188,0.053522085619318406,0.47920401577626387
2024-02-10,2024-05-04,-0.19286963,0.23099534,0.23099534,0.42386496,-0.04434150457382202,-0.005264844745397568,0.032212141901254654,0.7336531,nan,70.70835828781128,0.611094493502515,0.0,0.7613227327440585,0.012360323346907117,0.4823244265783873,0.7615387616558075,0.0,nan
2023-11-14,2024-01-17,-0.16070248,0.7910579,0.7910579,0.95176035,0.0005306874372763559,0.015714842826128006,0.05168123356997967,0.38117564,0.4071817,94.87856030464172,2.2459059269952326,0.8860075400592743,0.7436249795892416,0.043440921474946555,0.4954962200418208,0.7438265584065592,0.01729175715389692,0.4999592269428362
2023-08-22,2023-11-18,-0.7640001,0.3986307,0.7640001,1.1626308,-0.09188466519117355,-0.0618482306599617,-0.012389573268592358,0.13485284,0.16266027,94.575697183609,4.655542252818518,1.7092631392242288,0.7219229106388639,0.08368881624191442,0.49985117718843947,0.721936767656612,0.03073515194402639,0.5
2023-11-14,2024-01-29,-0.47360736,0.3113934,0.47360736,0.7850008,-0.385124146938324,-0.30940908193588257,-0.25122714042663574,0.31822038,nan,60.57666540145874,0.3568450819826108,0.0,0.763425943988544,0.006743528720794357,0.4463454140514274,0.7638088714909752,0.0,nan
2024-02-10,2024-06-29,-0.26551208,0.22219229,0.26551208,0.48770437,-0.1633215993642807,-0.15016163885593414,-0.10047786682844162,0.0932187,0.25610417,94.8781192302704,1.7506289403601252,0.6437517069174047,0.767379489824966,0.03476881728831039,0.45916219562525795,0.7684502418223303,0.013145928715408534,0.47210998877665544
2024-01-13,2024-11-16,-0.18689784,0.86678004,0.86678004,1.0536779,-0.06379424035549164,-0.010900343768298626,0.027834725566208363,0.21992098,nan,53.09439301490784,0.0687640049718327,0.0,0.8664846698207002,0.0025697473848961677,0.4989484752891693,0.8664861159617091,0.0,nan
2024-03-25,2024-07-27,-0.13206509,0.40617773,0.40617773,0.5382428,-0.0468182610347867,-0.02971074916422367,-0.012805299833416939,0.22866097,0.3242048,96.30391001701356,3.7373724237287886,1.7944849769593243,0.8211869452066869,0.10270065126549267,0.489135477884318,0.8218032417341847,0.04985661605778383,0.4945444296815235
2024-08-20,2024-11-16,-0.14597204,0.29513666,0.29513666,0.4411087,-0.02075004857033491,0.0026121371192857623,0.014288306469097733,0.2104234,0.23712635,81.35778307914734,1.6442591001672051,0.0680026981361328,0.7956145400534793,0.038751789570745675,0.48015634395670476,0.7962528206288767,0.0016338679802318152,0.4894991922455573
2024-02-10,2024-09-01,-0.23447198,0.23575696,0.23575696,0.47022894,-0.14235519990324974,-0.10572399199008942,-0.07572658732533455,0.04094905,0.18670724,95.44837474822998,2.312231860435208,0.9218437742490646,0.8320176522353574,0.06384681984102468,0.4585507608661688,0.8333860761780079,0.026104321570435986,0.4702562896778744
2023-11-18,2024-01-13,-0.089999124,0.55146414,0.55146414,0.6414633,0.03505206108093262,0.048428528010845184,0.06317028775811195,0.25406992,0.23912239,92.71391034126282,4.389620427961213,0.8031329204162366,0.7453995544664092,0.08578688725176352,0.4970652245597837,0.7456564817321095,0.01578697261751307,0.4999549427773272
2024-01-29,2024-09-01,-0.26435295,0.2577014,0.26435295,0.5220543,-0.19053961336612701,-0.1507931500673294,-0.10809019953012466,0.16316012,0.34794378,91.09408855438232,1.412063227833194,0.3910195553127939,0.8360174383739598,0.03818819799440714,0.43880474826033566,0.8373417895285946,0.010804997951659156,0.44835550628233556
2023-12-20,2024-03-01,-0.23299947,0.39484635,0.39484635,0.6278458,-0.13984908536076546,-0.12069724500179291,-0.08823246322572231,0.1575671,0.34748933,96.764874458313,4.043835822492977,2.17494120607812,0.7523897234299203,0.07802159115849572,0.47362208948817913,0.7536545520814351,0.04253125326820732,0.4800332502078138
2024-05-28,2024-07-15,-0.13263647,0.29915377,0.29915377,0.43179023,-0.020814837887883186,-0.004998561926186085,0.008266724878922105,-0.033771705,-0.0080976365,96.94899916648863,4.026335048698434,2.238725018006994,0.8151491615538373,0.10536288810374435,0.47938070263668364,0.8160957943181786,0.05915559678660956,0.48405853280356625
2024-04-06,2024-06-29,-0.18026243,0.31810653,0.31810653,0.49836898,-0.0637209564447403,-0.05579884722828865,-0.04674592614173889,0.11599017,0.19301338,95.96489071846008,2.2021221408681906,0.923866787469456,0.751421166787325,0.043065749803643846,0.48482561763837395,0.7519457052151836,0.01834308921053897,0.49221865957613203
2023-12-08,2024-02-22,-0.32817245,0.4138133,0.4138133,0.74198574,-0.25493863224983215,-0.23935410380363464,-0.203333780169487,-0.094734386,0.14572503,96.5380072593689,4.078620418340811,1.883719652067261,0.7509567571789331,0.07700826956125792,0.4647954750970762,0.7525549683395092,0.03567368281899502,0.46619702088452086
2023-11-18,2024-11-12,-0.1948214,0.7247765,0.7247765,0.9195979,0.004490403924137354,0.03460206836462021,0.06024495139718056,nan,nan,34.19589400291443,0.0,0.0,0.888555808220804,0.0,nan,0.888555808220804,0.0,nan
2024-04-06,2024-05-16,-0.13917808,0.17369512,0.17369512,0.31287318,-0.013337749987840652,0.01612834632396698,0.02562483213841915,0.5005654,0.6810022,96.62932753562929,3.277353667506217,1.662049861495845,0.7516512845411445,0.0649577310358302,0.49107162540508364,0.7520739498032619,0.033212995337145654,0.4951095461658842
2024-01-13,2024-03-17,-0.12710406,0.5327129,0.5327129,0.6598169,-0.009401604533195496,0.05570618063211441,0.08068976551294327,0.31292915,0.36081213,96.56818509101868,4.117958829811618,1.9582918471631408,0.7465464345031891,0.08038100792146571,0.49372267387754387,0.7469152004604513,0.03841810816760003,0.4962153380349297
2024-01-25,2024-02-06,-0.11613476,0.07657169,0.11613476,0.19270645,-0.012327507603913546,-0.002594450255855918,0.007919788360595703,nan,nan,17.343591153621674,0.0,0.0,0.746633850502213,0.0,nan,0.746633850502213,0.0,nan
2024-04-22,2024-06-21,-0.05213283,0.43187296,0.43187296,0.4840058,0.04501156136393547,0.05691452696919441,0.0673072561621666,0.20238735,0.2625502,96.8924045562744,3.578892371995821,1.8368082390434093,0.7452623474211019,0.06756868775797212,0.47796065268819377,0.7459483554621581,0.03451824241661998,0.4757327450362433
2024-02-22,2024-05-16,-0.22195454,0.16595836,0.22195454,0.3879129,-0.10489217936992645,-0.0634426437318325,-0.04539926163852215,0.19990781,0.3439646,93.08040142059326,2.737353638606028,1.0738587676670468,0.7629566771718853,0.0554468762398761,0.4776704410483807,0.7641329148585986,0.0226704882296982,0.49784700262396553
2023-08-22,2024-07-27,-0.4089924,1.1046721,1.1046721,1.5136645,-0.15216882899403572,-0.10189789161086082,0.038955473341047764,0.26187283,nan,52.25762128829956,0.1876240203088452,0.0,0.7405931635017238,0.0036031464095407258,0.4981536189069424,0.7406000920105978,0.0,nan
2024-02-06,2024-03-13,-0.14303581,0.24795033,0.24795033,0.39098614,-0.03760108631104231,-0.017525771632790565,-0.0014146322791930288,0.23302223,0.3509469,94.4713830947876,2.2028446455897592,0.8030639980232271,0.7544170326153081,0.04346049086525551,0.4830430647118633,0.7550044289539433,0.016073963248551808,0.49005847953216375
2023-08-22,2024-09-01,-0.44757932,1.1157362,1.1157362,1.5633156,-0.1734602451324463,-0.14029844105243683,-0.029714839532971382,nan,nan,41.4727509021759,0.0,0.0,0.7438724267518042,0.0,nan,0.7438724267518042,0.0,nan
2024-05-12,2024-06-21,-0.048458718,0.38386202,0.38386202,0.43232074,0.05866846442222595,0.07404594123363495,0.09265929460525513,0.14819203,0.14956307,96.91820740699768,4.721918010096311,2.698827105733861,0.7484352740943228,0.09204332400703799,0.48819686677681906,0.7486512727304251,0.05208543655715481,0.4833507320859766
2024-03-01,2024-11-12,-0.14171751,0.1578413,0.1578413,0.29955882,-0.07083990052342415,-0.051713958382606506,-0.013853929238393903,nan,nan,34.18926000595093,0.0,0.0,0.8896051912212647,0.0,nan,0.8896051912212647,0.0,nan
2024-02-06,2024-07-27,-0.20987874,0.37067604,0.37067604,0.5805548,-0.10223386250436306,-0.08285190165042877,-0.030210042372345924,0.18982804,0.3365561,96.60105109214784,3.218036029865455,1.525929971952367,0.8306918560712794,0.09022958974381118,0.4691513246519982,0.8319945320842672,0.043558144455431436,0.4776278409090909
2023-12-12,2024-02-22,-0.37372002,0.4150039,0.4150039,0.78872395,-0.2768256366252899,-0.2540176808834076,-0.19137822091579437,-0.12889045,0.099161774,96.1937129497528,3.265964854435061,1.3828723397332303,0.7500840569461407,0.0620569934366159,0.47130712008501596,0.751097078722855,0.02613984686894658,0.4688627450980392
2024-03-17,2024-05-12,-0.14256373,0.17364872,0.17364872,0.31621245,-0.021276137325912714,-0.015915028750896454,-0.003169342875480652,0.27023372,0.416371,96.95584774017334,5.6165913120952045,3.430730201707265,0.7474095962094192,0.10817676656934139,0.48276594648881105,0.7485384684364144,0.0668255415402015,0.4882377740303541
2023-12-08,2024-03-01,-0.2075859,0.7428915,0.7428915,0.95047736,-0.04551508277654648,-0.02041933499276638,0.00929822213947773,0.26539993,0.37103838,95.26219367980956,4.025756510721755,1.773363533015716,0.7446438230946575,0.07711490531781338,0.48716497808435727,0.7454523299170666,0.0344222602306381,0.49365875540331133
2023-11-18,2024-06-09,-0.23449115,1.0323523,1.0323523,1.2668434,-0.057661205530166626,-0.02290123514831066,0.012103145942091942,0.36650035,0.41330338,94.9794352054596,2.56507497209987,1.009905088896834,0.7441467626440783,0.04908320739898553,0.4884459116302692,0.7446685783020219,0.019642922962202682,0.49648846208972336
2024-03-01,2024-06-29,-0.24621691,0.22267291,0.24621691,0.46888983,-0.15351033210754395,-0.13944822549819946,-0.12247895821928978,-0.20437519,-0.027809102,96.72303199768066,2.9517007570169422,1.4716559781775476,0.7516307539217643,0.056427830185913706,0.47160427283418266,0.7526692295899033,0.02853491085405393,0.47832923832923835
2023-12-12,2024-04-06,-0.29043123,0.63705796,0.63705796,0.92748916,-0.16381314396858215,-0.14207036793231964,-0.09485835582017899,0.12311291,0.3118176,95.76258063316344,3.0947417589846933,1.1859079343249523,0.7505432067164574,0.05925609384366099,0.47463785046728973,0.7513378612008321,0.02235685501807771,0.46731906591061523
2023-11-26,2024-03-17,-0.12937799,0.9567786,0.9567786,1.0861566,0.042766185477375984,0.0728059932589531,0.10006799921393394,0.34518784,0.37315434,92.11585521697998,2.9335136705118368,0.977982391114926,0.7455302245400174,0.057039814856934906,0.4941259051278262,0.7458654667308251,0.019223661465678023,0.49951979905437355
2024-05-16,2024-11-12,-0.10338939,0.21195154,0.21195154,0.31534094,0.029953443445265293,0.03910449519753456,0.07269977033138275,nan,nan,34.42736864089966,0.0,0.0,0.8901954384192388,0.0,nan,0.8901954384192388,0.0,nan
2023-11-18,2024-05-28,-0.20912519,1.075232,1.075232,1.2843572,-0.03784308582544327,0.0008972956566140056,0.047894375398755074,0.27987984,0.30454856,96.5975821018219,4.40713490635544,2.201902853991492,0.7435793514432075,0.0856713568350119,0.4981443163530069,0.7437096244229993,0.04289781232171806,0.49924401788062056
2023-12-08,2024-05-16,-0.3916066,0.73691607,0.73691607,1.1285226,-0.197595052421093,-0.1588539183139801,-0.12074071913957596,0.2775121,0.29538572,94.8094129562378,2.4858330512960696,0.8568147434617976,0.7501583747711159,0.048147308979364194,0.4821958456973294,0.7510276280810763,0.01717617122141662,0.4990715732613099
2024-03-25,2024-05-04,-0.1189469,0.14626452,0.14626452,0.26521143,-0.00870714825578034,-0.005221216240897775,0.0023245949996635318,0.37053442,0.5263375,96.91537022590636,4.328887039276802,2.383326325037534,0.7406692127733054,0.08125185554478795,0.48418593006759575,0.7417276821904031,0.045593186159456414,0.4934822808985358
2024-04-22,2024-09-13,-0.20252489,0.32621858,0.32621858,0.52874345,-0.10143566876649857,-0.09036718308925629,-0.06971356645226479,-0.08500272,-0.08991119,94.38535571098328,4.060183456496381,1.3607273421964414,0.818950320860723,0.10960744715944291,0.48559920153988734,0.8200234747899281,0.03755561634577477,0.49646351840034036
2023-11-14,2024-05-16,-0.24415472,1.1136361,1.1136361,1.3577908,-0.04112972505390644,0.014606400858610868,0.05739447847008705,0.3559487,0.39094844,90.4219686985016,2.1774124793905525,0.6869574892671924,0.7491355231006435,0.04329295519034381,0.4986727278760328,0.749193323478369,0.013694960173995708,0.5
2023-08-22,2024-04-06,-0.26950082,1.0309784,1.0309784,1.3004793,-0.10998233035206795,-0.05159054137766361,0.10345640033483505,0.19298676,0.14028633,90.97627997398376,3.749847572804772,0.8716064163534981,0.7320572405689137,0.06833171967512258,0.4864010938250619,0.7330147604953052,0.016210126851705243,0.49642289348171703
2024-07-15,2024-09-13,-0.19728859,0.3301472,0.3301472,0.5274358,-0.0637836679816246,-0.05101553350687027,-0.043832194060087204,-0.17428355,-0.1609178,96.91889882087708,12.52271334061332,7.227840897855334,0.7233416240230792,0.22381932241899904,0.4899946486064445,0.7239447497302962,0.12835128902281912,0.48683730544747084
2023-11-18,2024-04-22,-0.24569525,0.881817,0.881817,1.1275122,-0.07483125850558281,-0.04375961795449257,-0.00902364868670702,0.3799835,0.41789028,92.41107702255248,1.7297356761240026,0.5454819159391886,0.7502182072411512,0.03386994729632467,0.48830543933054393,0.7505967226213239,0.010884643959973067,0.497611781876078
2023-12-12,2024-06-21,-0.41981074,0.64000636,0.64000636,1.0598171,-0.26045143604278564,-0.24515055119991302,-0.18969891965389252,-0.016115269,0.11884942,96.44259810447691,3.892866981780792,1.9010969702622795,0.7508606346679045,0.07482665878873944,0.4751662394591181,0.7520768392563654,0.037000908204110464,0.481134945991176
2023-08-14,2024-02-06,-0.15559554,0.8002616,0.8002616,0.95585716,-0.06458905711770058,-0.01796487718820572,0.14298639446496964,nan,nan,36.41040027141571,0.0,0.0,0.7511576380585447,0.0,nan,0.7511576380585447,0.0,nan
2024-05-24,2024-09-13,-0.23533192,0.34723604,0.34723604,0.58256793,-0.07373416237533092,-0.04968364164233208,-0.025220267474651337,-0.37902862,-0.5310213,92.29595065116882,1.7176827250566085,0.4746856020704095,0.8178197119518176,0.04626785607851708,0.4897787498948431,0.8181130488687743,0.012894125126656468,0.4939117199391172
2023-11-26,2024-05-16,-0.21647947,0.9491658,0.9491658,1.1656452,-0.03187680244445801,0.0016360696754418314,0.03430116921663284,0.30114517,0.31505924,95.08457779884338,2.342504808268922,0.928707569103964,0.7517184774802503,0.046970164549149304,0.4975943003423496,0.7518001205137875,0.018648612453564067,0.4983273689124008
2023-12-08,2024-06-29,-0.3434973,0.7832985,0.7832985,1.1267958,-0.18273833394050598,-0.1697709709405899,-0.11670839786529541,0.2744806,0.41465873,94.24336552619934,2.4433828272572384,0.8929010497571588,0.7490132311635267,0.0458385221030718,0.46791665433450735,0.7502100816027816,0.017155921141331215,0.4792257228476553
2023-12-24,2024-09-01,-0.31647274,0.4899054,0.4899054,0.8063781,-0.22888880968093872,-0.12293310463428497,-0.06139053776860237,0.37771282,nan,73.28377366065979,0.6888360015432701,0.0,0.8281168492436098,0.01845299347154979,0.4589364380113279,0.8286825704405978,0.0,nan
2024-02-06,2024-09-13,-0.19083843,0.31094962,0.31094962,0.501788,-0.12513017654418945,-0.09718163311481476,-0.046520065516233444,0.2892962,0.3990965,85.33492088317871,1.1057212258882112,0.1580117826069993,0.8342097315605957,0.030727260775248153,0.4581481965499216,0.8350500045517798,0.004533602121085961,0.47302240512117055
2024-05-24,2024-11-12,-0.10533955,0.1609429,0.1609429,0.26628244,-0.009511810727417469,0.003032734850421548,0.03760451823472977,nan,nan,34.18573439121246,0.0,0.0,0.8875872966329835,0.0,nan,0.8875872966329835,0.0,nan
2024-03-05,2024-08-20,-0.15429273,0.3745575,0.3745575,0.5288502,-0.07522078603506088,-0.06350922957062721,-0.0363254165276885,0.37322077,0.44892684,91.52716994285583,1.6214973141374434,0.4772215135132008,0.8283958732886123,0.04575214522638243,0.4826063687449826,0.8289396989866907,0.013891384635549345,0.4978784664343082
2024-01-13,2024-01-17,-0.13325728,0.43342796,0.43342796,0.56668526,-0.012821478769183159,0.0005689209792762995,0.010295183397829533,0.1504026,0.19167219,96.66175842285156,2.8588038533873323,1.3592279342381837,0.7459542397600563,0.05551025528445085,0.4924501100235223,0.7462904675446189,0.02660899910476527,0.496488988190233
2024-03-25,2024-09-01,-0.21048428,0.28377974,0.28377974,0.494264,-0.12735804915428162,-0.10103994607925415,-0.06365036964416504,-0.1344866,-0.0499343,96.20040655136108,2.8392990548193238,1.2381563413516907,0.8183402766037076,0.07476290800770562,0.47452796579978623,0.8191509269013073,0.032588497304838863,0.474324560891638
2023-08-14,2024-06-29,-0.39761478,1.096772,1.096772,1.4943867,-0.13796120136976242,-0.09405890852212906,0.010830218438059092,0.113610014,nan,71.7561423778534,1.9619647048403528,0.0,0.7288103106594039,0.03616855695750354,0.49992946321506665,0.7288130784730525,0.0,nan
2024-05-04,2024-07-27,-0.12560731,0.36861107,0.36861107,0.49421838,-0.03991926461458206,-0.02290778048336506,-0.012014586012810469,0.17170073,0.34388715,94.80841755867004,2.136518712149784,0.8344207029392937,0.8175755053559275,0.05595616093446849,0.4749754827364648,0.8181101588498881,0.0215311004784689,0.4679625941639969
2023-08-10,2024-04-06,-0.24228312,1.0127972,1.0127972,1.2550803,-0.11974631249904633,-0.0672883540391922,0.08473231457173824,0.19430424,0.14529225,88.85853290557861,3.5171727988984927,0.6806533938791263,0.7369123036376154,0.06462308513860329,0.4809205583455257,0.7381584528834586,0.012818877889893145,0.49295055169595425
2023-12-24,2024-04-22,-0.19266982,0.49071145,0.49071145,0.68338126,-0.10505332052707672,-0.08923805877566338,-0.03507563006132841,0.4623347,0.6534196,93.83415579795836,1.9872492366737615,0.6920150223181708,0.7594250740928592,0.03750319844597162,0.4502817669514634,0.7608021680921685,0.01324648700863164,0.4567237419085404
2024-07-03,2024-09-01,-0.20075554,0.32806933,0.32806933,0.52882487,-0.09412354230880737,-0.06443943828344345,-0.02961539290845394,-0.215749,-0.22239086,96.95225954055786,9.30235924366403,5.884864740460037,0.8137957638121927,0.24676944137396592,0.4880652288924159,0.8142625753231132,0.1551631899234107,0.48510060015741835
2024-01-25,2024-06-29,-0.3109208,0.25851566,0.3109208,0.56943643,-0.19116398692131042,-0.17468371987342834,-0.150899738073349,-0.05456056,0.17457367,96.12370729446413,2.7317181017777954,1.298268734186178,0.7538769603359358,0.0518084182204851,0.4629453304768706,0.7550199628054569,0.024787590961090778,0.4660526462240525
2024-05-04,2024-11-16,-0.15610315,0.39112952,0.39112952,0.5472327,-0.026533351745456457,-0.02054283395409584,-0.005874935770407319,nan,nan,17.56979525089264,0.0,0.0,0.8649414698925058,0.0,nan,0.8649414698925058,0.0,nan
2024-02-06,2024-08-20,-0.2337161,0.39175,0.39175,0.6254661,-0.12970256805419922,-0.10889409109950066,-0.0734177865087986,0.40660584,0.52214736,89.53848481178284,1.5654509802221557,0.4077816648531798,0.8343589287855996,0.04494389411452659,0.47313887478654176,0.8351356213612856,0.01217691712462543,0.49211552090715804
2024-06-21,2024-07-15,-0.101500645,0.098405845,0.101500645,0.1999065,-0.012326342985033989,-0.01002288144081831,-0.005600437521934509,0.32930177,0.5353608,96.88493013381958,4.368941180560787,2.3033654152590985,0.8166944558723831,0.11857568292224432,0.49672574147449394,0.8168827754245882,0.06265966182857935,0.49787742523820006
2023-11-18,2024-03-01,-0.41175148,0.6050269,0.6050269,1.0167783,-0.2720034196972847,-0.22549594938755035,-0.1742563284933567,0.29836118,0.4143315,86.27411127090454,1.8285260191327584,0.3690344021990079,0.7502059036819486,0.035613077436775935,0.48547397585592716,0.7507327855113287,0.007393803896518684,0.4994116493430084
2023-12-24,2024-02-22,-0.27353874,0.37269223,0.37269223,0.64623094,-0.15782274305820465,-0.14297549426555634,-0.11106575652956963,0.17261048,0.33464256,96.0864245891571,2.7531042415362186,1.1255901057313409,0.7537581083092378,0.053168876870210074,0.47264138564492847,0.7548476454293629,0.022144350105688274,0.48148148148148145
2023-11-14,2024-03-25,-0.19481786,0.967652,0.967652,1.1624699,-0.02042461559176445,0.024050308391451836,0.06186726316809654,0.35366392,0.38383925,95.69889307022096,2.3978486699410584,0.9659888127368912,0.7431448752017594,0.04637976094473694,0.4964896950705074,0.7432850411177437,0.01876160197706837,0.4985415108451758
2023-08-10,2023-11-26,-0.55780244,0.46844485,0.55780244,1.0262473,-0.08749286085367203,-0.048182275146245956,0.013108995044603944,0.24305795,nan,69.55230236053467,1.8094198312969827,0.0,0.7286301398440923,0.03330753539101822,0.499500384319754,0.7286482201344896,0.0,nan
2023-12-12,2024-01-25,-0.14748313,0.50732416,0.50732416,0.65480727,-0.046895116567611694,-0.03488694690167904,0.011638585245236754,0.30914465,0.3339685,90.79625606536864,1.926115209715754,0.5164169542679597,0.749082242762245,0.0378580248338257,0.4926233200690743,0.7493570095539306,0.0102834771971935,0.4990898907868944
2024-02-10,2024-08-20,-0.19661741,0.44619113,0.44619113,0.64280856,-0.09428260289132595,-0.06983307003974915,-0.032034631818532944,0.46946362,0.65509975,86.07114553451538,1.3327322094049885,0.1957265290728674,0.8361503792427284,0.03858590690834352,0.47224330478152443,0.8368382037376614,0.005840376335512677,0.4867109634551495
2023-08-10,2024-03-25,-0.34529576,1.0218431,1.0218431,1.3671389,-0.11285779625177383,-0.06312188506126404,0.05079115182161331,0.14878166,0.111243084,83.0818772315979,2.6608624298519503,0.2133474266878994,0.7331877638157758,0.04974425285858043,0.49866715450554044,0.7332586941857958,0.003999144902524102,0.5
2023-11-26,2024-11-16,-0.22449294,1.148703,1.148703,1.3731959,-0.06399525701999664,-0.04850960522890091,0.013159453636035323,0.14371018,nan,57.21181035041809,0.252154147827356,0.0,0.8653655801640664,0.009311736544943217,0.497134670487106,0.8653800302584977,0.0,nan
2024-01-25,2024-04-06,-0.14136745,0.4168402,0.4168402,0.55820763,-0.044960323721170425,-0.029821470379829407,-0.014701301231980324,0.11855512,0.22317523,96.75782918930054,3.451477305404191,1.7868264269107,0.745080465350841,0.06572310793554531,0.4832115718741496,0.7457357771333035,0.03421468096525432,0.4859083741053738
2024-07-27,2024-08-20,-0.09549133,0.09828856,0.09828856,0.19377989,-0.017397485673427582,-0.01156530249863863,-0.0023379467893391848,0.4910315,0.6799772,94.56195831298828,3.290457738402904,1.291645130102794,0.7259089527358844,0.05989450876890852,0.4987660085378869,0.7259747970075974,0.02354128535898658,0.4994052676295667
2023-12-12,2024-03-25,-0.3425642,0.51505554,0.51505554,0.85761976,-0.20748187601566315,-0.19013215601444244,-0.1582006961107254,0.09199916,0.29241133,95.82276344299316,2.746294082897141,1.125893082456791,0.7524821202741016,0.05242893783236858,0.4693136041705063,0.7535197264479667,0.021581897971669255,0.4712285659238328
2024-01-29,2024-08-20,-0.21712254,0.18823871,0.21712254,0.40536124,-0.1287757009267807,-0.10973674058914185,-0.07482960820198059,nan,nan,34.27012860774994,0.0,0.0,0.8433696464206394,0.0,nan,0.8433696464206394,0.0,nan
2024-03-17,2024-06-21,-0.12842366,0.35577103,0.35577103,0.4841947,-0.03512544371187687,-0.013213434722274542,0.00084819266339764,0.11557366,0.23543718,96.45220637321472,3.666918330686522,1.8503814011611257,0.7460323142386874,0.06997013199454448,0.4821027097384925,0.7465161166216854,0.03497862584276577,0.47760581545315983
2024-05-12,2024-06-09,-0.07745949,0.33996713,0.33996713,0.41742662,0.06165948137640953,0.06937120109796524,0.0751895159482956,0.09803398,0.071044445,96.61666750907898,3.896283089690725,1.943987724920319,0.7465382425946421,0.07446845101265169,0.48170946509687584,0.7475257681316045,0.03769712742844367,0.4887402452619844
2023-08-14,2024-06-09,-0.37771466,1.097067,1.097067,1.4747816,-0.11376535706222057,-0.06833556666970253,0.02800458064302802,0.12634113,0.05092936,84.12519097328186,2.7931391435277444,0.3021068597493468,0.7239375747309685,0.05057989286958614,0.4999009067036615,0.7239431103582658,0.005471822495381661,0.5
2024-03-01,2024-07-15,-0.13000728,0.33299255,0.33299255,0.46299982,-0.05550167337059975,-0.038727711886167526,-0.016005879268050194,0.18677598,0.31301343,96.50208353996275,3.6486220671740446,1.8121978947003028,0.8230321030723259,0.09895391399674221,0.4750064416387529,0.8242737902047735,0.05007256744230217,0.4839379065405643
2024-01-29,2024-04-06,-0.1640686,0.3163618,0.3163618,0.48043042,-0.05649265833199024,-0.046763280406594276,-0.03527071513235569,0.18898341,0.32093415,93.24986934661864,1.610174022487237,0.5383382680405817,0.7617529843057524,0.0314090244746239,0.4623754823656107,0.7625455719853129,0.010471706883649902,0.4610790497919742
2024-04-22,2024-07-03,-0.08150306,0.42946365,0.42946365,0.5109667,0.027751408517360687,0.035311322659254074,0.040117569267749786,0.26213685,0.4018736,94.4124400615692,1.9337756203741492,0.7205255342613256,0.7493147155961178,0.036560439751596015,0.47189686786663176,0.7499044798930175,0.01343782072468558,0.46550165712564023
2024-05-04,2024-09-13,-0.18132102,0.34238446,0.34238446,0.5237055,-0.08275129832327366,-0.06544636934995651,-0.03957550413906574,-0.11887133,-0.17028546,96.92580103874208,5.498549933023813,2.635913975697832,0.8156973543322106,0.14657673009748615,0.487694470724272,0.8167868914523356,0.07131869889481489,0.49499767014774004
2024-01-13,2024-02-06,-0.12342883,0.42315197,0.42315197,0.5465808,-0.026538852602243423,0.004980674711987376,0.028121440205723047,0.22024414,0.32155392,96.87061309814452,4.03509495000329,2.198134333484455,0.7544134415914493,0.07949154802293368,0.48074545291640536,0.7551683271980801,0.04340064297248848,0.48182565789473686
2024-01-17,2024-08-20,-0.24343793,0.48594612,0.48594612,0.72938406,-0.15372273325920105,-0.13708573579788208,-0.08925222046673298,0.25947347,0.39407757,89.51230049133301,2.7050460514983565,0.8134100110442537,0.8211283232275276,0.07365796057565478,0.4848298373287671,0.8219208171879274,0.022762793401228783,0.4982649701930777
2023-11-18,2024-09-13,-0.44770244,0.85892195,0.85892195,1.3066244,-0.24843981862068176,-0.22491873800754547,-0.1898454874753952,0.22619593,nan,73.87000322341919,0.9127069711966442,0.0,0.8188239389627665,0.024850542962277462,0.49294266909840617,0.8189527644650051,0.0,nan
2023-08-10,2024-07-15,-0.39405498,1.1411353,1.1411353,1.5351903,-0.14135907590389252,-0.11039834469556808,0.0027097349520772696,0.15899327,nan,55.9176504611969,0.7500538931732995,0.0,0.7420985653984965,0.014541483538706285,0.5,0.7420985653984965,0.0,nan
2023-08-22,2024-02-18,-0.18641683,0.9038608,0.9038608,1.0902777,-0.055304594337940216,-0.023328127339482307,0.15472989529371262,0.42248055,nan,65.48264026641846,1.3380336337534782,0.0,0.7430756482312902,0.02512509861986231,0.48151408450704225,0.7435703437648963,0.0,nan
2023-11-26,2024-11-12,-0.22901738,0.6830071,0.6830071,0.9120245,-0.003838632837869227,0.045256514102220535,0.07561561092734337,nan,nan,34.18450057506561,0.0,0.0,0.8885460603985047,0.0,nan,0.8885460603985047,0.0,nan
2023-11-14,2023-12-12,-0.06417161,0.35880533,0.35880533,0.42297694,0.0241183303296566,0.03592364490032196,0.06650630012154579,0.4644328,0.5966959,96.6300904750824,4.4118305813128496,2.333112246888533,0.7463668850075935,0.08645316965482622,0.4963889753205706,0.7465713538437974,0.045826369200755265,0.49755357364053016
2024-02-22,2024-07-15,-0.18623775,0.31440246,0.31440246,0.5006402,-0.08069516718387604,-0.06516619026660919,-0.03740397468209267,0.21280068,0.36515918,95.2803373336792,3.0052583893635747,1.3612711459069384,0.8298053427779151,0.08318935877600138,0.4653564130304123,0.8312886449712948,0.03870551830840639,0.47800010615147814
2024-01-25,2024-04-22,-0.12448537,0.43545583,0.43545583,0.5599412,-0.029915817081928253,-0.0016174966003745794,0.010099978186190128,0.21204305,0.33968976,96.7538595199585,3.154383363895283,1.5568531740354925,0.7491683970654748,0.060007915234506944,0.47406033120318836,0.749904629376753,0.029431335340652266,0.4710878039725265
2024-01-25,2024-07-15,-0.22682552,0.37473667,0.37473667,0.6015622,-0.11516217142343521,-0.10183501243591309,-0.07654855400323868,0.12977393,0.24571179,96.63913249969482,3.482906260792414,1.5145866478237435,0.8234790914358625,0.09478145158957448,0.47578102310915654,0.8246155913628895,0.041740535492162674,0.4818251204503172
2024-04-10,2024-07-03,-0.13138472,0.31888425,0.31888425,0.45026898,-0.04551948979496956,-0.0335998572409153,-0.02119860239326954,0.20735452,0.29069313,95.23977041244508,2.253449227073784,0.9171426278262116,0.7486451466423136,0.043476002867912984,0.4835071394192203,0.7491975725077025,0.017917243110444944,0.489593188268685
2024-06-21,2024-09-13,-0.17751704,0.33185866,0.33185866,0.5093757,-0.07151960581541061,-0.057422079145908356,-0.05021648481488228,-0.049610782,-0.20696995,91.37499928474426,3.176805984505646,0.6272489700369106,0.8158662119956658,0.08282234138757119,0.47609439124487,0.8172141454058721,0.016706065269470577,0.4863741339491917
2024-02-10,2024-03-01,-0.123233855,0.113967046,0.123233855,0.2372009,-0.02847716584801674,-0.0026228181086480618,0.009689833037555218,0.47011995,0.65689427,94.03659105300903,1.8816912968526247,0.6676666132013173,0.7514150254971916,0.03738013220370543,0.4933189986177238,0.7515407413187445,0.013189821711200074,0.4905854344767882
2023-11-14,2023-12-24,-0.12374822,0.50503147,0.50503147,0.6287797,-0.005453362711705267,0.007800861028954387,0.03219641838222742,nan,nan,33.25903117656708,0.0,0.0,0.7510263179569878,0.0,nan,0.7510263179569878,0.0,nan
2024-02-10,2024-11-12,-0.13905504,0.1750558,0.1750558,0.31411085,-0.05996843799948692,-0.04482519254088402,-0.013228282332420349,nan,nan,34.18354392051697,0.0,0.0,0.891622124250582,0.0,nan,0.891622124250582,0.0,nan
2024-02-22,2024-03-05,-0.14227684,0.07707145,0.14227684,0.21934828,-0.010202216217294335,-0.0014429902075789869,0.0064793884521350265,0.3494592,0.4345403,87.54931688308716,1.2690072929626597,0.2408830741708897,0.7421485411907167,0.024582021568289543,0.49945912092917333,0.7421622687804265,0.004671214585846528,0.5
2024-03-05,2024-05-28,-0.1457486,0.2223395,0.2223395,0.3680881,-0.0397697314620018,-0.022463114000856876,-0.0011649439693428576,0.33186492,0.45132828,96.44370675086977,2.587366466203258,1.1110098669651922,0.746826719197915,0.050486256113955554,0.49333389233607244,0.7470494563189364,0.021729927633648925,0.49449977217991276
2024-01-29,2024-03-13,-0.15538786,0.20332225,0.20332225,0.3587101,-0.05542565882205963,-0.03843911364674568,-0.02537490613758564,0.36977604,nan,71.35436534881592,0.6110222430303582,0.0,0.7628128987322932,0.012155407394526788,0.4711481612865082,0.7631654810364186,0.0,nan
2024-01-13,2024-09-01,-0.33415228,0.6005137,0.6005137,0.934666,-0.20594196021556854,-0.18051796406507492,-0.1641475260257721,-0.15900661,-0.178808,90.74144959449768,2.4144047213611657,0.6538726571611818,0.8194803870741024,0.06646914490987235,0.4965110359078794,0.8196488625016359,0.01812776637372506,0.5
2023-08-22,2024-05-24,-0.3637563,1.1175934,1.1175934,1.4813497,-0.11344963870942593,-0.042467689141631126,0.09244801104068756,0.3365897,nan,54.26332950592041,0.4419002959858991,0.0,0.7283400955579944,0.008085662106047158,0.4970210097209157,0.7283664238917157,0.0,nan
2024-03-17,2024-06-29,-0.17413113,0.33910236,0.33910236,0.5132335,-0.06431608647108078,-0.04640508443117142,-0.0288914255797863,0.127016,0.2627179,96.62606716156006,3.218768350501448,1.5483845773346177,0.7517609249665171,0.06210205086713336,0.4759599182187872,0.7528897971935122,0.030534351145038167,0.4864789127084209
2023-11-18,2024-11-16,-0.24195245,1.2529203,1.2529203,1.4948727,-0.06747398525476456,-0.023644737899303436,0.042880695313215256,0.16330703,nan,58.518630266189575,0.2922457179995281,0.0,0.8657555036715268,0.010816261056877033,0.4967805844477464,0.865774320879719,0.0,nan
2024-09-01,2024-11-16,-0.13872099,0.28673518,0.28673518,0.42545617,-0.05121602118015289,0.0010517218033783138,0.032130834646523,0.27746487,nan,65.82141518592834,0.7986746614696054,0.0,0.7935447971893683,0.019324661226422877,0.49951856946354883,0.7935524873167827,0.0,nan
2024-03-25,2024-04-22,-0.102446504,0.1593151,0.1593151,0.2617616,-0.017101841047406197,-0.011406641453504562,-0.003840203396975994,0.15946612,0.2750622,96.89197540283205,3.639689785372748,1.7684025565107069,0.7445508693899314,0.06974661718689022,0.4878116563442909,0.7453803048102919,0.03462070629306124,0.4983657460369341
2024-04-06,2024-06-09,-0.1860593,0.2836977,0.2836977,0.469757,-0.07106270641088486,-0.06067713350057602,-0.05244037136435509,-0.09559157,0.034529295,96.87691926956175,2.965303878260844,1.47174211783474,0.7468332618053659,0.056311626472760654,0.47832707957701864,0.7472602620958128,0.02751113310242454,0.47083946980854197
2023-11-14,2024-05-12,-0.22359782,1.0794135,1.0794135,1.3030114,-0.06105291470885277,-0.016509288921952248,0.040847644209861755,0.25245333,0.29360846,96.66980504989624,4.742665493318999,2.2784908899379657,0.7469423600183227,0.09351224354259353,0.4987203314950794,0.7470297830896325,0.0449736847743032,0.49925481988838155
2023-11-18,2023-12-24,-0.06938655,0.52412426,0.52412426,0.5935108,0.04835277795791626,0.06575171649456024,0.08636089414358139,0.50298196,nan,70.45977115631104,0.7120865823173247,0.0,0.752842845914567,0.01366357801568716,0.47352373208659415,0.7532199138171864,0.0,nan
2024-01-13,2024-03-01,-0.19585058,0.5056663,0.5056663,0.70151687,-0.07303301244974136,-0.017044007778167725,0.007103502284735441,0.25957075,0.31648952,95.60771584510805,3.1448505449420856,1.4194597072576756,0.7514669292858739,0.061727944503972135,0.4861127077920585,0.7521328772204592,0.028238509128173987,0.49269013295298253
2024-02-06,2024-03-05,-0.16388552,0.25846294,0.25846294,0.42234844,-0.02678938303142786,-0.009376962669193745,0.004872302990406752,0.20848279,0.3243661,96.29597067832948,2.54415587605865,1.1398234487462375,0.7529503480305244,0.04980287858906277,0.4817964956124159,0.7536446750679515,0.022684373834958155,0.48982631845841784
2024-02-22,2024-05-12,-0.13323009,0.22052696,0.22052696,0.35375705,-0.04235272668302059,-0.012070102617144585,0.008936556056141853,0.32614806,0.47188306,96.63281440734865,4.13142649887217,2.010947391541204,0.7546634067253629,0.08233693240644875,0.4867615683256969,0.7553837439327666,0.04040230735098358,0.49071246362231885
2023-12-24,2024-07-15,-0.23704359,0.6724715,0.6724715,0.90951514,-0.1481756903231144,-0.1243978887796402,-0.08485620468854904,0.25105116,0.41648063,94.65238451957704,2.8421890737055966,1.1646053606960325,0.8296203815691936,0.07799780923129793,0.4615765926076567,0.8311325839514361,0.032623123348869174,0.47115205657919224
2024-06-29,2024-09-01,-0.1946325,0.3533717,0.3533717,0.5480042,-0.08271853998303413,-0.06267397105693817,-0.031992651522159576,-0.14999957,-0.11147515,96.68356776237488,6.662094484672558,3.7179669352944416,0.8162232955089187,0.17793274433640188,0.4857716499445013,0.8167438282792839,0.0984281235737618,0.4815049528117932
2024-03-25,2024-06-21,-0.065603845,0.4344795,0.4344795,0.5000833,0.033651312813162804,0.05223730579018593,0.06526920199394226,0.2527052,0.33201766,96.84756994247437,3.5120232010716195,1.85943815142832,0.7446368474517981,0.06664164601752298,0.48218436914974594,0.7451295956719077,0.03509430367959922,0.47960055952751013
2024-03-13,2024-09-01,-0.2047493,0.38269842,0.38269842,0.5874477,-0.13008664548397064,-0.10711175575852394,-0.06881599687039852,-0.1724805,-0.1482862,96.60459160804749,4.450186433862985,2.3677389868064416,0.8176697792009812,0.1175064572257711,0.4757381737816273,0.8191298644196252,0.06376748769263806,0.48523258299990835
2023-11-30,2024-09-13,-0.40216076,0.7443635,0.7443635,1.1465242,-0.23417173326015472,-0.20952178537845612,-0.18251967430114746,0.23013163,nan,78.39592099189758,0.7637597411699085,0.0,0.8197202606219032,0.02081774993432412,0.49101314918172356,0.8198575365190012,0.0,nan
2023-11-18,2024-05-16,-0.22263138,1.0475607,1.0475607,1.270192,-0.04173939488828182,0.01607688143849373,0.05830603465437889,0.30910912,0.3313437,96.21906876564026,2.7782884156923937,1.1734700524131625,0.7483419144627614,0.05503586825339515,0.4983328123371887,0.7484171832955301,0.023288831861538618,0.4992598988528432
2024-03-25,2024-06-29,-0.05838654,0.45871285,0.45871285,0.5170994,0.03665916249155998,0.05103495717048645,0.0638982430100441,0.27450582,0.36648977,96.82987332344057,3.871035797218935,2.006034359434539,0.7483960395181183,0.07424601678103024,0.47953451043338685,0.7491944072354513,0.03854550918882055,0.4804069872141185
2024-03-01,2024-05-12,-0.13954598,0.20695698,0.20695698,0.34650296,-0.02943790890276432,-0.020053663291037083,0.0004970942391082644,0.29971132,0.42730668,96.40591740608215,3.644066080607696,1.7675058360018396,0.7564709472691561,0.07231337688445214,0.4804326255209367,0.7574363825177394,0.035551811792256985,0.48696861830530663
2024-01-25,2024-05-16,-0.1912119,0.47848186,0.47848186,0.66969377,-0.04720515850931406,0.004868180491030216,0.025501474738121033,0.36017126,0.4702687,94.200599193573,2.572116808783345,0.8753144701800626,0.7531172466212067,0.05030336864064405,0.4809129213483146,0.7538159086869632,0.017222230383875187,0.48382170862567064
2024-04-10,2024-11-16,-0.15355065,0.434947,0.434947,0.58849764,-0.03129566367715597,-0.01938641630113125,0.0028613113099709153,nan,nan,20.77617645263672,0.0,0.0,0.8684546754100352,0.0,nan,0.8684546754100352,0.0,nan
2023-08-22,2023-11-26,-0.65138394,0.47100046,0.65138394,1.1223844,-0.08087600767612457,-0.03695499897003174,0.025662964209914207,0.2584608,0.3379941,87.80016899108887,3.3691952952653343,0.6849523872870176,0.7235892170230691,0.06091462176532078,0.49971210002467714,0.7236086168479164,0.012390986641398379,0.5
2023-12-08,2024-07-03,-0.45883214,0.67334706,0.67334706,1.1321793,-0.3007258325815201,-0.27714961767196655,-0.23234926909208298,0.045957513,0.1746792,95.20909190177916,3.3389596151565377,1.4179965808405577,0.7471391297053217,0.0632984433322877,0.4763704489831279,0.7483504435939936,0.027485588808339064,0.4870716034271726
2024-03-25,2024-04-10,-0.12150839,0.08879235,0.12150839,0.21030074,-0.005487083923071623,0.004944382235407829,0.01464162953197956,0.26722613,nan,72.48227596282959,0.558351648828025,0.0,0.7429281237852889,0.010859835331844696,0.5,0.7429281237852889,0.0,nan
2024-01-25,2024-01-29,-0.1170975,0.08440065,0.1170975,0.20149815,-0.02165975607931614,-0.011183567345142365,-0.0033122035674750805,nan,nan,17.343589663505554,0.0,0.0,0.7529608243489871,0.0,nan,0.7529608243489871,0.0,nan
2024-02-18,2024-06-09,-0.14316405,0.3280161,0.3280161,0.47118014,-0.041193887591362,-0.02772860787808895,-0.008625340647995472,0.14420336,0.28800827,96.86951637268066,3.0601766276442803,1.5518558051946925,0.7536299642174261,0.0578797860848459,0.46152755458928063,0.7548593574178692,0.029492610917733947,0.4637448156950464
2023-11-14,2024-02-06,-0.40123725,0.5221523,0.5221523,0.92338955,-0.30728039145469666,-0.27785980701446533,-0.21495698392391205,0.20060356,0.3502655,92.13915467262268,1.7932567189326585,0.5124725990084346,0.7553360586211431,0.03486307339313559,0.47383158742949233,0.7562493045892055,0.010461441775806768,0.49753277879599606
2024-01-29,2024-04-10,-0.1359222,0.31446448,0.31446448,0.45038667,-0.026493169367313385,-0.01396089605987072,-0.0016378379659727216,0.2752702,0.44563732,94.41493153572084,1.654897064752318,0.5911533631872284,0.7641202710259711,0.032065036439643375,0.4540929927963327,0.7650826473151002,0.011423612395644506,0.4528843803471034
2023-08-14,2024-05-24,-0.36234698,1.1117989,1.1117989,1.4741459,-0.12251170910894871,-0.049946099519729614,0.0789282601326704,0.33589008,nan,79.28181886672974,2.7651842256764536,0.0,0.7275232773127851,0.05061156059085771,0.49857364496271456,0.7276021600017714,0.0,nan
2023-12-20,2024-04-10,-0.30044797,0.35784948,0.35784948,0.6582974,-0.216714546084404,-0.20268841087818146,-0.17627665400505066,0.11579054,0.36275077,96.4794099330902,2.960017240431705,1.3376521193292432,0.7560862195146645,0.05654648785991542,0.4616183332926144,0.7576005426686221,0.026110234900835277,0.4716710817970482
2024-02-06,2024-06-09,-0.24618788,0.2731345,0.2731345,0.5193224,-0.13076269626617432,-0.11810044571757317,-0.1037229597568512,-0.08774208,0.10777053,96.59141898155212,2.9577898291565337,1.3762992441155604,0.7583366207298164,0.05594046974322358,0.4516463921051346,0.7600460669010471,0.026406794122007377,0.4581867814583443
2024-03-01,2024-03-13,-0.14361899,0.07335995,0.14361899,0.21697894,-0.025189779698848724,-0.019644323736429214,-0.014266269281506538,0.07889438,0.1725733,96.51018977165222,2.5723244788096,1.19938154290293,0.7417829527999792,0.049713503769760956,0.4989316840033736,0.7418183882510507,0.02319141813883197,0.49918601145613506
2023-08-10,2024-02-22,-0.19853601,0.8846251,0.8846251,1.0831611,-0.09551632963120937,-0.002370311878621578,0.10811520554125309,0.48709473,nan,50.001293420791626,0.0001390791569021,0.0,0.7547415561566866,2.8353591974799328e-06,0.5,0.7547415561566866,0.0,nan
2024-05-04,2024-09-01,-0.24911971,0.3284697,0.3284697,0.5775894,-0.12274728901684284,-0.09204920008778572,-0.051901742815971375,-0.25031036,-0.38365406,95.75239419937134,4.474182738784198,1.8635564283412596,0.81624067788283,0.11890534355076066,0.48472370248360946,0.8174754384519903,0.05072402052728422,0.4964525258791145
2023-08-22,2024-05-28,-0.35792145,1.1259463,1.1259463,1.4838678,-0.10956162959337234,-0.04403286799788475,0.08736387081444263,0.3188476,nan,61.45597696304321,0.9490671455652,0.0,0.7272682552351813,0.01735268636353243,0.49861293619506497,0.7272945835689026,0.0,nan
2024-02-22,2024-05-28,-0.17214891,0.23431195,0.23431195,0.40646088,-0.0553785003721714,-0.030841195955872536,-0.008796215988695621,0.39940143,0.56356966,95.13936638832092,3.511517447766521,1.5897993893390094,0.7511672063776936,0.0688384038620754,0.48585449158470845,0.751958349047811,0.03166505358163182,0.49363752045082715
2023-08-14,2023-11-26,-0.6595294,0.4539059,0.6595294,1.1134353,-0.09225229732692242,-0.04323652572929859,0.02163775870576501,0.24062538,nan,78.9793848991394,3.4744364731411364,0.0,0.7248253509587707,0.06312049247110656,0.49990042220983033,0.7248322704928922,0.0,nan
2024-09-01,2024-11-12,-0.1568317,0.15696575,0.15696575,0.31379744,-0.09580335021018982,-0.07421167194843292,0.004273754544556141,nan,nan,0.0,0.0,0.0,0.9271838313972522,0.0,nan,0.9271838313972522,0.0,nan
2023-12-24,2024-05-16,-0.268474,0.55320734,0.55320734,0.8216814,-0.12953388690948486,-0.11044051498174667,-0.07007291540503502,0.4440214,0.6368821,95.80507278442384,2.267797820058754,0.9103559491761278,0.7606226256688587,0.04303509723500338,0.44994902510513574,0.762173843306066,0.01768116913588523,0.460515873015873
2023-11-18,2023-12-12,-0.11560832,0.24064523,0.24064523,0.35625356,-0.00044074858305975795,0.01182194147258997,0.03165033087134361,0.5118695,0.70646584,96.31576538085938,3.1931354824515057,1.4581165132581706,0.7487533599572704,0.063119211561307,0.4961582048957389,0.7488923178023816,0.028834065718602586,0.49635181416588076
2023-08-22,2024-01-25,-0.27951357,0.8165073,0.8165073,1.0960208,-0.10674057900905609,-0.06820940226316452,0.08592364192008972,0.32880846,nan,72.52745032310486,1.8569789484186368,0.0,0.7350226423670003,0.034163337481171,0.4865681665547347,0.7355214950059308,0.0,nan
2023-12-24,2024-03-05,-0.17751844,0.4552334,0.4552334,0.6327518,-0.08708712086081505,-0.07050083577632904,-0.0329071469604969,0.30893344,0.47855142,96.54232859611513,3.288624741162684,1.5556249160088262,0.7539058605247986,0.06350758289562629,0.4716369708021179,0.7550315228810021,0.030333061661595627,0.4762203334726673
2023-08-14,2024-07-27,-0.38477513,1.1616501,1.1616501,1.5464252,-0.13314251601696014,-0.0809694342315197,0.053251832723617554,0.20296402,0.19654293,80.04574179649353,1.8998272884283247,0.0022142509189141,0.7407485828794119,0.03649217986575748,0.4978146853146853,0.7408316172888711,4.2718384390702346e-05,0.5
2023-11-14,2024-05-24,-0.25078177,1.082506,1.082506,1.3332877,-0.07840381190180779,-0.03275933489203453,0.02269206289201975,0.27829635,0.31652796,96.65696024894714,4.091399737297284,1.977495422932589,0.7427850678504184,0.0793885622361313,0.49892279437733983,0.7428638208650693,0.038435438663041874,0.4997625137011326
2024-01-17,2024-02-06,-0.09788578,0.13044196,0.13044196,0.22832775,-0.012653457932174206,0.002782893250696361,0.016808609943836927,0.4923602,0.6553006,94.22367215156557,1.9298494478596877,0.6937036173911534,0.7505131307926243,0.03821421156328358,0.4935308456778549,0.750643403772416,0.013676970855856053,0.49139280125195617
2023-11-30,2024-03-17,-0.23092188,0.8630183,0.8630183,1.0939401,-0.05754132568836212,0.010192989371716976,0.040162308141589165,0.2860675,0.24971712,90.22753834724426,3.296066539794837,1.028051968319613,0.7461053382983858,0.06293879207830223,0.48262823323103904,0.7472266656262598,0.020290203073545555,0.4988403963736032
2024-03-25,2024-04-06,-0.124569505,0.09941704,0.124569505,0.22398654,-0.011599993333220482,0.0050481767393648624,0.014587647281587124,nan,nan,23.396499454975128,0.0,0.0,0.7411930286964425,0.0,nan,0.7411930286964425,0.0,nan
2024-03-05,2024-04-22,-0.111815296,0.3053563,0.3053563,0.4171716,0.019771793857216835,0.03223618492484093,0.0435049869120121,nan,nan,34.18353199958801,0.0,0.0,0.7558284085288068,0.0,nan,0.7558284085288068,0.0,nan
2023-11-26,2024-04-22,-0.24109443,0.76250505,0.76250505,1.0035995,-0.08080383390188217,-0.06924278289079666,-0.033622127026319504,0.447839,0.5444853,82.5091540813446,1.41466424483084,0.1366978933207328,0.7502546829143528,0.027726443240738058,0.4888661899897855,0.7505603024115762,0.0027213741563595286,0.4965644820295983
2024-04-10,2024-07-27,-0.13451572,0.3974823,0.3974823,0.53199804,-0.04417552798986435,-0.0363114308565855,-0.023306867107748985,0.22411655,0.29317203,95.61244249343872,2.910141859202265,1.2572749931127534,0.8221951552830061,0.07983614763057624,0.48546475513702886,0.8229326871975305,0.035218044191106614,0.49568668046928915
2023-12-24,2024-01-17,-0.10313129,0.44529533,0.44529533,0.5484266,0.01268227118998766,0.02222793735563755,0.041861750185489655,0.31656682,0.4490865,96.69895768165588,3.330241013125021,1.654897064752318,0.7479574791521263,0.0645797348236976,0.4870913153841147,0.74834618669233,0.0320043836499063,0.4857672997162192
2024-02-18,2024-08-20,-0.1964164,0.41174254,0.41174254,0.60815895,-0.10613373667001724,-0.08620040118694305,-0.05181477777659893,0.37442,0.49203265,93.44595670700072,2.179641827138638,0.7772657716684167,0.8288825683614937,0.06098336256843672,0.4758128732581287,0.8299044110628032,0.022756604475628554,0.4979065872720506
2024-09-13,2024-11-16,-0.178452,0.2385561,0.2385561,0.4170081,-0.0357332956045866,-0.007730904966592789,0.012923132628202438,nan,nan,34.18352007865906,0.0,0.0,0.7931194930869002,0.0,nan,0.7931194930869002,0.0,nan
2024-02-06,2024-09-01,-0.26698673,0.26915288,0.26915288,0.5361396,-0.19659076631069183,-0.15318679064512253,-0.11326217465102673,-0.049768746,0.14060847,95.21222114562988,2.310931351936385,0.9227830303871036,0.8302713583233267,0.06301949198528842,0.45749570110989524,0.831665069931232,0.02580125582477024,0.46907297212652677
2023-12-24,2024-06-29,-0.3503481,0.456371,0.456371,0.80671906,-0.2654317617416382,-0.22576740384101868,-0.1943628489971161,0.21506229,0.35966432,93.40558052062988,1.6908055494142655,0.5777147753660571,0.7618425748912269,0.03239091429662149,0.4532091274250064,0.7631242982672892,0.011574728001527009,0.4739869934967484
2024-03-05,2024-04-06,-0.104385816,0.21666501,0.21666501,0.32105082,0.005983903771266341,0.01094808429479599,0.017744295299053192,0.12470649,0.26986584,95.578271150589,1.955964581905068,0.7601265841092975,0.7446264669553572,0.03686528604115743,0.4798314045920065,0.7451189474080052,0.014346442221518384,0.48049662258586245
2023-08-22,2024-03-17,-0.28090176,1.020799,1.020799,1.3017008,-0.08700007945299149,-0.027870277874171734,0.11579576879739761,0.45281652,nan,65.14731049537659,1.183666456039997,0.0,0.7355900872437837,0.02216530520222728,0.4949075158042613,0.7357106432981919,0.0,nan
2024-02-10,2024-05-24,-0.20387924,0.22317445,0.22317445,0.4270537,-0.10096604377031326,-0.07093767821788788,-0.021676532924175262,0.43873855,0.684846,94.76345777511597,2.669438194778603,1.0826010747980237,0.758168277129691,0.05241465145083515,0.47189216986494165,0.759452168019918,0.022072174990079244,0.4899893219434063
2024-05-16,2024-07-15,-0.122886896,0.32087746,0.32087746,0.44376436,-0.031352631747722626,-0.007385694654658437,0.011210355209186673,0.038249843,0.12538837,96.869295835495,3.316677691620697,1.6635859519408502,0.8172259237439875,0.0885844676154898,0.48561983110393436,0.8175639097526695,0.044054397777278,0.48148873227181765
2024-03-17,2024-06-09,-0.19722919,0.24168192,0.24168192,0.4389111,-0.09600548259913921,-0.08496013283729553,-0.07211905717849731,-0.11128169,0.08034597,96.59304022789,2.8904480487360398,1.3406171264597235,0.748516050089818,0.055135750792072336,0.47719482599014235,0.7489123486038433,0.024951724058185517,0.4656111770417521
2023-12-20,2024-02-06,-0.16009283,0.45955405,0.45955405,0.6196469,-0.07123130932450294,-0.051762159913778305,-0.015470330603420734,0.26076013,0.40761983,96.69399857521056,3.622081637493889,1.8124871636886424,0.7543683233101629,0.07143607708371258,0.48185121590863716,0.755162366683155,0.036027356104433896,0.4856361967841041
2023-11-14,2024-09-13,-0.4963794,0.87347466,0.87347466,1.3698541,-0.2747838571667671,-0.2500571310520172,-0.21828410774469376,0.22605777,nan,50.26999115943909,0.0103318175184274,0.0,0.8194063323203817,0.00028605148926806823,0.5,0.8194063323203817,0.0,nan
2024-07-03,2024-09-13,-0.16750014,0.32833275,0.32833275,0.4958329,-0.07723822444677353,-0.06409589946269989,-0.04405597969889641,-0.20255376,-0.2911041,87.27940320968628,2.090736577902518,0.2661911220411749,0.8164334297835877,0.05562311052058186,0.48691498199944616,0.8169776813436066,0.007264300727023238,0.49945622620989666
2023-12-24,2024-07-03,-0.39442468,0.50525516,0.50525516,0.89967984,-0.2506878077983856,-0.23252229392528534,-0.18516509234905243,0.11538169,0.2681708,96.30659818649292,3.057928983565908,1.3850415512465373,0.7533932434248458,0.05893754867945904,0.47200170116246104,0.7545535860076845,0.027151337062474922,0.4800730307772561
2023-12-12,2024-07-03,-0.46562356,0.745401,0.745401,1.2110245,-0.2885667681694031,-0.2631523013114929,-0.22159363329410553,-0.01603454,0.07152296,95.41156888008118,4.039216451878573,1.9000846715560693,0.7484943864421388,0.07840991134086117,0.4860370197987899,0.7493548403424173,0.03741011349524937,0.4929598904026182
2024-03-01,2024-06-09,-0.16661374,0.27504066,0.27504066,0.44165438,-0.07669487595558167,-0.062431830912828445,-0.050130877643823624,-0.034111537,0.117502436,96.9182789325714,3.2074868599562043,1.6666955935655006,0.7481725431661648,0.060332030176143255,0.47006966834261493,0.7491025429636765,0.031365479163471474,0.4702998221026598
2024-03-01,2024-11-16,-0.11116785,0.5029811,0.5029811,0.614149,-0.022673284634947777,-0.009776700288057327,0.0420125313103199,nan,nan,41.152408719062805,0.0,0.0,0.8700234886418532,0.0,nan,0.8700234886418532,0.0,nan
2024-01-13,2024-06-29,-0.12874338,0.769735,0.769735,0.8984784,-0.014007283374667168,0.02161509357392788,0.045851338654756546,0.3587422,0.40936747,94.43960785865784,2.456993574072427,0.9577068831250528,0.7501419025864955,0.04796820979907699,0.48650676868746323,0.7505981600747944,0.01880107766343764,0.4892034730086825
2023-08-22,2024-07-15,-0.4238115,1.1333404,1.1333404,1.5571518,-0.1636073887348175,-0.12695848941802979,-0.015780722722411156,0.037663795,nan,67.44553446769714,1.228701763721219,0.0,0.7400742181870587,0.023635626969191317,0.5,0.7400742181870587,0.0,nan
2023-12-20,2024-05-24,-0.3219863,0.5330905,0.5330905,0.8550768,-0.20214087143540382,-0.16769316792488098,-0.11689611710608006,0.14629875,0.26848596,96.82143926620483,4.805119482555634,2.578254493070561,0.7471586553620346,0.09331485523897058,0.48895326962149144,0.747889059557592,0.05054285386029412,0.49357679793559966
2024-02-18,2024-05-04,-0.17374139,0.18654442,0.18654442,0.36028582,-0.06122484803199768,-0.04971811920404434,-0.02562732808291912,0.4506562,0.57652503,88.71288895606995,1.5083208224495877,0.3639003873311753,0.7533594977133287,0.029650553863826323,0.48389030061849736,0.753798463403134,0.007296224971098606,0.49354133545310014
2024-02-10,2024-03-05,-0.15457249,0.14180945,0.15457249,0.29638195,-0.01095189549960196,0.004812949104234576,0.020487159490585327,0.46069425,0.6232784,94.55111622810364,2.6915468392585944,1.14227996479957,0.750122103297945,0.05285395720042252,0.4895847314310257,0.7504638480312469,0.02246912614269134,0.49041745730550285
2023-12-08,2024-01-13,-0.09711555,0.44709796,0.44709796,0.54421353,-0.002230575541034341,0.013463655021041632,0.027625394985079765,0.21463004,0.34331763,96.21513485908508,3.74907072337496,1.831506599671969,0.7468061087824958,0.07266121187027116,0.4891400794722426,0.7471713108802744,0.03539504770200823,0.4877398720682303
2023-11-18,2024-02-10,-0.41399893,0.42740348,0.42740348,0.8414024,-0.3222960829734802,-0.29989150166511536,-0.23944662511348724,0.097951695,0.3153094,95.96152305603027,2.4143201849297324,0.9132859622179408,0.7589066912544854,0.046775022679165404,0.4636979525765161,0.7601319810033046,0.017977018445721197,0.4711149853395673
2023-08-10,2024-08-20,-0.38643476,1.0131345,1.0131345,1.3995693,-0.18432283401489258,-0.15152624249458313,-0.0729667991399765,0.061106388,0.017286303,83.91331434249878,2.2662948617205485,0.2588263109949028,0.7465372766910287,0.04452422318652032,0.49776004909481436,0.7466304597261532,0.005091384170323955,0.4983879634605051
2023-12-08,2024-03-25,-0.24556759,0.7470359,0.7470359,0.99260354,-0.09903443604707718,-0.07054696977138519,-0.04584392346441746,0.20687889,0.35413256,95.86337208747864,3.987862273249272,1.8127041154298968,0.7440967431204603,0.07520314219811662,0.47949912955171914,0.7451337724436576,0.03446946965452317,0.4835035506263464
2024-03-13,2024-05-24,-0.13076045,0.21543145,0.21543145,0.34619188,-0.02970944531261921,-0.013946607243269682,0.0006416192190954462,0.2706193,0.33959472,96.12934589385986,3.212838336240486,1.3354826019166963,0.74500794043373,0.06180077238523709,0.48915074166610395,0.745596602825001,0.026045251082078728,0.49593870146748253
2024-02-18,2024-09-01,-0.2777334,0.26240617,0.2777334,0.54013956,-0.16282279789447784,-0.1301589459180832,-0.09195697493851185,-0.034200277,0.08426861,92.78406500816344,2.2575275022490664,0.6658972111576834,0.8209670840818168,0.059065340561692416,0.4641861806067207,0.8223808862623265,0.018193861329637632,0.48474152910512597
2024-06-29,2024-11-12,-0.15037493,0.10168198,0.15037493,0.2520569,-0.06063870619982481,-0.05145733989775181,-0.008291161386296153,nan,nan,34.192514419555664,0.0,0.0,0.8880430432752676,0.0,nan,0.8880430432752676,0.0,nan
2023-08-22,2023-12-20,-0.15258074,0.68682855,0.68682855,0.8394093,-0.0628720372915268,-0.005678274668753147,0.1035996600985527,0.45262635,nan,69.09782886505127,1.6463522786479987,0.0,0.7440234682452581,0.03155218767616322,0.4899419240804646,0.744354650969437,0.0,nan
2024-03-13,2024-04-06,-0.073792025,0.25497234,0.25497234,0.32876438,0.04290924593806267,0.05228075012564659,0.05865778401494026,0.14914025,0.13423517,96.83929681777954,4.648986546099352,2.552437235861255,0.7412420197917842,0.08808402132529494,0.48818560806396416,0.7417236526573696,0.0483341542926348,0.4879161354299476
2023-08-10,2023-08-22,-0.084426425,0.078084506,0.084426425,0.16251093,-0.015537781873717904,-0.007920689880847931,-0.0033567167702130973,nan,nan,36.41040027141571,0.0,0.0,0.7236636231511164,0.0,nan,0.7236636231511164,0.0,nan
2024-05-24,2024-07-03,-0.06877684,0.35626,0.35626,0.42503685,0.057736270129680634,0.06482695788145065,0.07081859558820724,0.16061316,0.17341523,96.91485166549684,4.374404836735608,2.438164433404572,0.7423017121916892,0.08326801267103576,0.48864480964571805,0.7425972166228106,0.04613022571161995,0.4856871925561548
2023-12-20,2024-06-09,-0.35192734,0.43912035,0.43912035,0.7910477,-0.2545534074306488,-0.23683570325374603,-0.21149401366710663,0.06232976,0.252447,95.3073263168335,2.523944240509808,1.0674025669730025,0.7567537077052581,0.04755451096222654,0.4539268215810435,0.7583533652107759,0.020645726772806954,0.4659891598915989
2023-12-12,2024-08-20,-0.32154858,0.83396727,0.83396727,1.1555159,-0.24008873105049133,-0.19980470836162567,-0.08564424514770508,0.27054787,0.43525493,93.87537240982056,2.6765177792190986,0.9372439878495232,0.8294569523590537,0.07325233769216076,0.46104387291981846,0.8311156760962292,0.02655214818725574,0.47724116648665327
2023-11-30,2024-03-01,-0.32772508,0.54167753,0.54167753,0.86940265,-0.20091241598129272,-0.15228597819805145,-0.11719303205609322,0.23453893,0.27162722,89.11492228507996,2.1086300298972454,0.6595745603197517,0.7499501471742118,0.041149939549261924,0.48689395237279426,0.7504934707248312,0.01319925576815875,0.4992879833497645
2024-07-27,2024-09-13,-0.2261918,0.3393318,0.3393318,0.5655236,-0.04191586934030056,-0.03366649150848389,-0.023990176618099213,-0.23721276,-0.41717878,94.87610459327698,6.2583882858651005,1.8970832085035685,0.7234354029285337,0.11150339507156747,0.49066264532080167,0.724472450208013,0.03420375211195766,0.4965291837797189
2024-01-25,2024-03-25,-0.16748956,0.4182429,0.4182429,0.58573246,-0.06112915091216564,-0.016933022066950798,-0.004385305335745215,0.09539385,0.19392097,96.9100832939148,3.501691383553192,1.864351183534984,0.7452069036771155,0.06597302977682719,0.47700449799859695,0.7460298365549819,0.03526304600005422,0.47887924352813516
2023-11-26,2024-09-01,-0.49136966,0.7270843,0.7270843,1.2184539,-0.3230753540992737,-0.2842673510313034,-0.2463025040924549,-0.20461641,-0.16034015,94.282329082489,3.6755260195625374,1.084696338490572,0.8181777130413547,0.1006414527662029,0.4973167950935682,0.8183735118208998,0.029856891390609926,0.4999333910610804
2024-03-05,2024-04-10,-0.104897045,0.18220085,0.18220085,0.2870979,-0.022557462565600872,-0.01815550960600376,-0.011496118269860744,0.04684477,0.3101485,91.58863425254822,1.4642073017278037,0.4119190393955435,0.7461140327278933,0.02751296454192428,0.47572479873561513,0.7465978351108913,0.007686605853645996,0.472436797752809
2024-03-05,2024-11-12,-0.094148,0.24419911,0.24419911,0.3383471,-0.03276118263602257,-0.002486145938746631,0.048035867512226105,nan,nan,34.18496549129486,0.0,0.0,0.8895263654219422,0.0,nan,0.8895263654219422,0.0,nan
2023-08-10,2024-02-18,-0.16683772,0.894751,0.894751,1.0615888,-0.0649552270770073,-0.02676281426101923,0.09897257015109062,nan,nan,36.41040027141571,0.0,0.0,0.7482590766534774,0.0,nan,0.7482590766534774,0.0,nan
2024-06-09,2024-07-27,-0.11508714,0.1883872,0.1883872,0.30347434,-0.02338754665106535,-0.015814945101737976,-0.00837361952289939,0.29539537,0.48499715,96.94617986679076,4.406000595894116,2.4109123833161217,0.8163044295760185,0.11826609228238671,0.49093162196763285,0.8168403003769175,0.06518958437537686,0.494540764292999
2023-08-14,2024-04-10,-0.32366958,1.0086825,1.0086825,1.332352,-0.11253058537840843,-0.06422500312328339,0.020742356777191162,0.21458907,0.15635426,83.37032198905945,2.5423752269607194,0.2156126832292635,0.7338117499225012,0.046973259692677856,0.4909640193783681,0.7342518322926354,0.0040205506383665735,0.49550706033376124
2023-11-14,2024-02-18,-0.33199722,0.78191924,0.78191924,1.1139164,-0.15294663980603218,-0.09812351316213608,-0.03328415937721729,0.39427316,0.42057133,92.90392994880676,1.850912595713813,0.6297351153189786,0.7491767058697728,0.035843173485001587,0.48462018892965886,0.749738814543153,0.012567485636746832,0.4994263423588802
2024-02-22,2024-08-20,-0.23309807,0.3947196,0.3947196,0.6278177,-0.10180541127920151,-0.07945273816585541,-0.05115187354385853,0.41977313,0.5026352,88.06561827659607,1.220527226145423,0.2548274152971589,0.8331657122379295,0.03546250151938738,0.483573077606109,0.8335587548064627,0.007631665769504593,0.4984406010774029
2023-12-20,2024-05-16,-0.4127051,0.47705102,0.47705102,0.8897561,-0.25355762243270874,-0.20875053107738495,-0.16866762936115265,0.28103602,0.46740267,96.14527225494383,2.626562414123269,1.0862050512150745,0.7578612463443631,0.051891982772726386,0.4758810572687225,0.7587840144171664,0.021832822189497007,0.4841544607190413
2023-11-30,2024-05-16,-0.21327062,0.9573299,0.9573299,1.1706005,-0.03675578348338604,0.03713547810912132,0.06961788237094879,0.3179605,0.32702273,94.21470165252686,2.125753391798415,0.8003907305534241,0.7498641691123451,0.04220768429282222,0.49634627149751886,0.7499978324858353,0.015965710140278012,0.49864596497562735
2023-12-08,2024-07-15,-0.35189006,0.81578755,0.81578755,1.1676776,-0.2026628851890564,-0.18293020129203796,-0.13308190181851387,0.21006352,0.3616527,95.18913626670836,3.0979985478696785,1.367663776869473,0.8201545998108181,0.08143367513964038,0.46743621466420787,0.8214700505352923,0.03648035071238453,0.47432846869712353
2024-07-03,2024-07-27,-0.08623505,0.104378015,0.104378015,0.19061306,-0.005491570569574833,0.002821931499056518,0.011407532962039113,0.3783361,0.6070769,96.62039279937744,3.627451122301721,1.6585197805045038,0.8155996827129204,0.09825240507770251,0.49933161748568466,0.8156228423537722,0.04491375875220584,0.49923634142084133
2023-12-12,2024-06-29,-0.46613008,0.56122535,0.56122535,1.0273554,-0.36166927963495255,-0.32230910658836365,-0.20937296748161316,0.08773378,0.28093654,95.48272490501404,2.101821342293623,0.8184435039707416,0.7604062499322122,0.03939312673515349,0.44469863767717077,0.7619818205613775,0.015668569304049175,0.45423623995052564
2023-11-30,2024-04-10,-0.25206515,0.73032045,0.73032045,0.98238564,-0.12519054114818573,-0.09997216612100601,-0.06758014857769012,0.32698527,0.35947484,89.27856683731079,1.865723942505964,0.4783703761504081,0.7477645703914675,0.03625185225562777,0.48933121635751076,0.7481511104175066,0.009474655118250295,0.4987917233046368
2024-05-24,2024-07-15,-0.12126076,0.3464719,0.3464719,0.46773267,-0.021160375326871872,0.0015027732588350773,0.018096132203936577,0.04586659,0.13395071,96.32917046546936,2.7632915581103323,1.2763768411226566,0.8167272848128062,0.07302923151326796,0.48168435914866914,0.8170213442344846,0.03304500876073289,0.4718668629004868
2024-01-13,2024-06-21,-0.12892407,0.7967188,0.7967188,0.92564285,-0.010351689532399178,0.012452749535441399,0.034241994842886925,0.2305111,0.25766116,96.6183066368103,3.8439151086304975,1.8534466240199683,0.7461653763473515,0.07467982124245064,0.4919489851582927,0.7465637881952956,0.03616270934764917,0.4940506378496469
2024-05-04,2024-11-12,-0.13653617,0.14036337,0.14036337,0.27689952,-0.02849470404908061,-0.01937873102724552,0.006822148454375565,nan,nan,34.183624386787415,0.0,0.0,0.8878145243679167,0.0,nan,0.8878145243679167,0.0,nan
2024-04-06,2024-11-16,-0.1413379,0.48866034,0.48866034,0.6299982,-0.01554389763623476,-0.007812969386577606,0.019854312296956778,nan,nan,39.38913643360138,0.0,0.0,0.8677418981933047,0.0,nan,0.8677418981933047,0.0,nan
2023-12-24,2024-11-12,-0.1749653,0.5453082,0.5453082,0.7202735,-0.0014512910274788737,0.050859956070780754,0.06795954704284668,nan,nan,34.1835618019104,0.0,0.0,0.8901511046374688,0.0,nan,0.8901511046374688,0.0,nan
2023-12-08,2024-05-28,-0.28669545,0.8114102,0.8114102,1.0981057,-0.1404990553855896,-0.11154544353485107,-0.053045785054564476,0.29007772,0.41676787,96.3183045387268,3.596698283767092,1.6299584320463756,0.746239864737821,0.06843659677033373,0.4801246607017191,0.7472407354374759,0.03144833436747234,0.48684502418030967
2024-03-05,2024-03-25,-0.07607312,0.22221847,0.22221847,0.2982916,-0.0027925035101361573,0.009466464631259441,0.025019168853759766,0.028808381,0.074775234,96.07515931129456,3.20018281800063,1.5132383952513604,0.7442934460325312,0.06087887253565913,0.48456566934827805,0.744825700971076,0.028809791496320524,0.48494623655913977
2023-12-08,2024-01-25,-0.11673437,0.58392847,0.58392847,0.70066285,-0.0032123883720487356,0.007622822187840939,0.027020818553864956,0.39376515,0.45146367,81.80844783782959,1.9581340993176144,0.0635668601876198,0.7452614123847625,0.0379042056572805,0.49253979392103997,0.7455535740629854,0.0012491207128088164,0.5
2024-02-22,2024-06-21,-0.19834544,0.22942242,0.22942242,0.42776787,-0.09557405114173889,-0.08396679162979126,-0.06738791614770889,-0.057755563,0.09989237,96.761953830719,3.859836974034625,1.9555312793969108,0.7526996388921402,0.07440372703752379,0.47263350991146136,0.7538021810972535,0.037818468991448556,0.47417424074484593
2024-03-25,2024-06-09,-0.061895445,0.42905867,0.42905867,0.4909541,0.0358535535633564,0.04267161153256893,0.051986370235681534,0.22208008,0.30433726,96.9332754611969,3.205753449598793,1.6438427425123223,0.7442662025296335,0.06062188740514081,0.4813387423935091,0.7446462400131785,0.030687045218756252,0.4751670182841069
2024-01-25,2024-07-27,-0.21579899,0.42002922,0.42002922,0.6358282,-0.11134789139032364,-0.09550109505653381,-0.057195243425667286,0.21766746,0.24772494,93.46501231193542,2.7009394006389837,0.8952556004953492,0.8253984252287089,0.07524010920576303,0.48397667388920096,0.8262191905924106,0.025635907320653656,0.4974981841659269
2023-12-12,2024-01-17,-0.14726463,0.6190045,0.6190045,0.7662691,0.030999455600976944,0.041221801191568375,0.05291590467095375,0.2371187,0.25623983,93.2348608970642,2.64636573918413,0.7419426446014472,0.7461407919502007,0.05181249679342838,0.49668023716494986,0.7463150519417697,0.014620541440306462,0.49990254361173375
2024-06-29,2024-09-13,-0.15969534,0.33100018,0.33100018,0.49069554,-0.07104768604040146,-0.061320412904024124,-0.04782892856746912,-0.14465672,-0.10503267,96.57589197158812,7.860769808519338,4.595042904079874,0.8157661981388417,0.2107496098883864,0.4895183900837422,0.8160141399319683,0.12199872146626378,0.48476696853996404
2024-02-06,2024-11-16,-0.08884411,0.5391915,0.5391915,0.6280356,-0.001372115541016683,0.045610323548316956,0.11927676945924759,nan,nan,40.0456964969635,0.0,0.0,0.8749907880648,0.0,nan,0.8749907880648,0.0,nan
2023-08-14,2024-01-17,-0.29086497,0.8165188,0.8165188,1.1073837,-0.09105271100997925,-0.04733763262629509,0.0736282467842102,0.45147598,nan,61.31271123886109,0.8237013418360568,0.0,0.7272734821309951,0.015039711740972874,0.49789986559139787,0.7273080798016032,0.0,nan
2024-03-25,2024-05-16,-0.17675078,0.16441098,0.17675078,0.34116176,-0.03740858659148216,-0.02592630870640278,-0.016688221134245396,0.32469824,0.5306844,96.64026498794556,3.786358243851123,1.9264865895898629,0.7496141824786825,0.07446237531375002,0.49107926573293137,0.7502145839023058,0.0384239802672029,0.49804980498049806
2023-12-08,2024-01-17,-0.10688954,0.6645493,0.6645493,0.77143884,0.022039063274860382,0.034561362117528915,0.04413044825196266,0.1903806,0.21962868,95.44894099235536,3.500299393402932,1.2270790485364436,0.7417974162493961,0.06741735238920167,0.49689062435436554,0.7419811020569917,0.023716118579191318,0.4986150400754361
2023-08-22,2024-07-03,-0.37577078,1.0930849,1.0930849,1.4688557,-0.12680619955062866,-0.07722759246826172,0.039369894191622734,0.43141592,nan,53.74278426170349,0.1845754764042701,0.0,0.7260516090769009,0.0033688001557943617,0.5,0.7260516090769009,0.0,nan
2024-04-10,2024-11-12,-0.12676921,0.18794218,0.18794218,0.3147114,-0.07032138109207153,-0.025565510615706444,-0.000770917278714478,nan,nan,34.18404757976532,0.0,0.0,0.8886171348909718,0.0,nan,0.8886171348909718,0.0,nan
2023-12-08,2024-04-06,-0.1829771,0.83269346,0.83269346,1.0156705,-0.037028602324426174,-0.024887445382773876,0.009446918498724699,0.22478281,0.3428046,96.55853509902954,4.413810858579284,2.0788315847022987,0.7449826293972502,0.083699044345018,0.48028967460759575,0.7459336011964165,0.039481085340817915,0.4810234467404161
2024-04-06,2024-05-24,-0.1573944,0.18040067,0.18040067,0.33779508,-0.02742104511708021,-0.004596935817971826,0.007816015277057886,0.3933521,0.5700986,96.75120115280151,3.949572060453415,2.092951677439212,0.7457108507204094,0.07603406673017575,0.4876612091832068,0.746461533126119,0.04086923783392184,0.4946492681579674
2024-07-03,2024-08-20,-0.1500519,0.16716798,0.16716798,0.31721988,-0.0451416727155447,-0.036064378917217255,-0.028658799827098846,0.28625923,0.52410775,96.6415286064148,3.691140134644362,1.869779129400151,0.8157943684438314,0.0995693055962727,0.496127526911237,0.8159847117420826,0.05057166861125157,0.497445326107993
2023-12-12,2024-05-24,-0.15965128,0.9161192,0.9161192,1.0757705,-0.004289794713258743,0.027537954971194267,0.07183690741658211,0.39245483,0.42693865,96.25232219696044,3.197996227018108,1.2282075588344392,0.7459643627471184,0.06172381411784182,0.4889436556027856,0.7466180184831283,0.024135795245339674,0.497821735546921
2023-08-22,2024-09-13,-0.4521582,1.1682394,1.1682394,1.6203976,-0.15518757700920105,-0.123845174908638,-0.034431908279657364,0.096109025,nan,68.3067798614502,2.1050195661090605,0.0,0.7356392796567894,0.0381891203088795,0.4779145546705286,0.7365690855476847,0.0,nan
2024-05-12,2024-07-15,-0.1369902,0.34727642,0.34727642,0.48426664,-0.031046932563185692,-0.014306092169135809,-0.0019718342809937894,0.043538067,0.13280736,96.7244267463684,3.247925979651339,1.6415896343771583,0.8186445832743371,0.08656506222051923,0.4798709964412811,0.8189985609722973,0.04293948068987239,0.47095581763773986
2024-05-04,2024-08-20,-0.14200714,0.4059579,0.4059579,0.54796505,-0.05458677001297474,-0.03648005798459053,-0.028008190914988518,0.28405717,nan,72.61967658996582,0.6555285338789689,0.0,0.8183771243445076,0.017854620054560757,0.49448914361291746,0.8184493748166645,0.0,nan
2023-11-18,2024-04-10,-0.26361918,0.8407054,0.8407054,1.1043246,-0.08902816101908684,-0.062435854226350784,-0.025746384635567665,0.36089638,0.4047017,84.38943028450012,1.997012406330109,0.5184864595712282,0.7478584569599787,0.03864755837114484,0.48695321277135506,0.7483781014015926,0.0103000711887076,0.4998604131769961
2024-06-21,2024-07-27,-0.14303626,0.13133365,0.14303626,0.2743699,-0.031722232699394226,-0.025734793394804,-0.018644334748387337,0.2586015,0.4574492,96.96164727211,4.632009108871879,2.604459406996216,0.81732387776033,0.12596336673203354,0.49568419571234223,0.8176744418498195,0.07130751639635774,0.49905445241670837
2024-05-12,2024-09-01,-0.26978567,0.31145442,0.31145442,0.58124006,-0.12584885954856873,-0.09629511460661888,-0.05700064077973366,-0.32961586,-0.41962066,96.93471789360046,8.180496840207244,3.879378848604461,0.8172777959181314,0.22090117016664435,0.48819763334510774,0.8188902004525135,0.10640784613017878,0.49589393121170927
2024-03-17,2024-05-04,-0.12521885,0.15409091,0.15409091,0.27930975,-0.02536524413153529,-0.018882151693105698,-0.009165097028017044,0.40288493,0.5991651,96.61609530448914,2.6428337947173697,1.2456645810372609,0.7475289196671092,0.05117844537682396,0.48764536872349157,0.7480973332291965,0.024565424036437467,0.49660377358490565
2024-01-17,2024-02-22,-0.1441818,0.26617795,0.26617795,0.41035974,-0.01669805310666561,-0.0016224522842094302,0.013085993938148022,0.22695136,0.34268367,95.6430196762085,3.6564006733665577,1.6224775894287815,0.748720067973546,0.0708756176303822,0.48494685378357516,0.7493649192235151,0.03151506034552587,0.48594879114996875
2023-08-14,2024-07-03,-0.36033213,1.1371677,1.1371677,1.4974998,-0.10807342827320099,-0.05336524546146393,0.061742691323161125,0.22044912,nan,75.35917162895203,1.2878636907134315,0.0,0.7256390881714716,0.023426977344841678,0.4990328820116054,0.7256639984943094,0.0,nan
2024-02-22,2024-03-13,-0.10550048,0.12571242,0.12571242,0.23121291,-0.0029708847869187593,0.012734380550682545,0.023714253678917885,0.4796694,0.6370862,95.89508771896362,3.2509822451689723,1.5219561959837409,0.7458781105634525,0.06338157484551755,0.49477731353898124,0.7461577198906995,0.02986731804807639,0.49802990742938524
2023-11-26,2024-07-03,-0.18671495,1.0858452,1.0858452,1.2725601,-0.027923141606152058,-0.009994305204600096,0.02311784401535988,0.23240626,0.2673628,96.78180813789368,4.98304281418479,2.5435056218092384,0.744789295948049,0.09687625417111609,0.4952369905319781,0.7452105162007233,0.049819399359282535,0.49894898307010566
2024-05-28,2024-07-27,-0.13708708,0.3039046,0.3039046,0.44099167,-0.031192373484373093,-0.022909539751708508,-0.013422547141090035,-0.03192524,0.025363877,96.9321608543396,4.872736108580007,2.62938278675958,0.8146244999262364,0.12852904922828312,0.4851513802315227,0.8151668792793731,0.06901907126610324,0.48279655656096154
2024-01-25,2024-11-12,-0.09502222,0.27965134,0.27965134,0.37467355,-0.023850707337260246,0.00932537391781807,0.03746026009321213,nan,nan,34.18375849723816,0.0,0.0,0.8891327342324182,0.0,nan,0.8891327342324182,0.0,nan
2024-01-29,2024-09-13,-0.212757,0.29021108,0.29021108,0.5029681,-0.1456288844347,-0.10597073659300804,-0.04525907710194588,0.3266762,0.48211262,80.55350184440613,0.7299465202005094,0.0122103297945052,0.839779881711527,0.020272215233626854,0.4426407997624468,0.8405948670374561,0.000312786862951756,0.40828402366863903
2023-12-08,2024-05-12,-0.24173053,0.8204785,0.8204785,1.062209,-0.10691907070577145,-0.07824968546628952,-0.02960665337741375,0.27617094,0.34359208,96.4689314365387,3.6773320142667463,1.5512049499709284,0.7507032852279005,0.07197734896029805,0.485929203539823,0.7515645836406817,0.03089175360585851,0.4944055944055944
2023-11-14,2024-11-16,-0.25738946,1.3186669,1.3186669,1.5760564,-0.07300708256661892,-0.03208195045590401,0.03911347687244415,0.17946434,nan,56.8642258644104,0.247313366192848,0.0,0.8646376566570863,0.00910117247655981,0.4981010809231668,0.8646470492184667,0.0,nan
2023-12-08,2024-02-18,-0.34430704,0.48236695,0.48236695,0.826674,-0.2330176681280136,-0.1900719404220581,-0.1598280519247055,0.041149467,0.22303812,96.10285758972168,3.3960902403536024,1.410620221637899,0.7484289078070807,0.06510984603778167,0.47966397649113096,0.7494167614022603,0.027404783480242743,0.4860555726443146
2023-11-30,2024-04-06,-0.16507584,0.8146561,0.8146561,0.9797319,-0.04666754323989153,-0.020696031861007214,0.017872082069516182,0.3151498,0.42002574,89.37621116638184,3.121364898119609,0.7667942610004956,0.7457599810414761,0.059582646113809264,0.4833225313642887,0.7466464943348404,0.014836807953293802,0.48991802506360127
2023-11-14,2024-07-03,-0.26291233,1.1682863,1.1682863,1.4311986,-0.087217777967453,-0.0476004034280777,0.005496829282492399,0.22426982,0.249498,96.52442932128906,4.45951589293636,2.270471087528557,0.7446885065393902,0.08683203944013147,0.49651669555919187,0.7449312681258372,0.04438573128577095,0.4985043754972156
2023-12-24,2024-03-17,-0.24393325,0.4198956,0.4198956,0.66382885,-0.11975850723683834,-0.09083380922675133,-0.06456643715500832,0.3006119,0.44540924,96.13761901855467,2.6330962072837147,1.1693016413862265,0.7542490502675435,0.050702070779623305,0.470187136428493,0.7552020339952922,0.022679896853071847,0.4736159169550173
2024-03-17,2024-09-01,-0.22491166,0.30009946,0.30009946,0.5250111,-0.14296120405197144,-0.11021015793085098,-0.0740717276930809,-0.14920506,-0.015302445,93.71916651725768,2.317984720812036,0.8440145907277717,0.8175475630534077,0.060858139242752636,0.47611768009234706,0.8182447013153061,0.02214038326949496,0.4757090223631223
2023-11-30,2024-03-13,-0.227663,0.7489012,0.7489012,0.97656417,-0.08820689097046852,-0.040820084512233734,-0.00030734550091437995,0.40132615,0.3968937,91.16441011428832,2.463668850075935,0.6813942029111161,0.7455482871580565,0.04691768821630738,0.48297604035308955,0.7463589374556563,0.013378193203216919,0.4979323507581381
2023-12-08,2024-06-09,-0.30114192,0.76755065,0.76755065,1.0686926,-0.13433676958084106,-0.11803368479013443,-0.08219801634550095,0.38031253,nan,78.24540734291077,1.316390848686285,0.0,0.7454631775041293,0.02491370659530706,0.4807724001538208,0.7459693982337235,0.0,nan
2024-05-04,2024-05-16,-0.17387645,0.10573371,0.17387645,0.27961016,-0.0038329181261360645,0.005049040075391531,0.009568503126502037,0.26333958,0.30114534,80.90898990631104,0.7485148915448162,0.0200856312596002,0.7478303183211302,0.014819250699487543,0.49922779922779925,0.7478418783966754,0.0003982745257596227,0.5
2024-05-04,2024-07-03,-0.057721492,0.38928327,0.38928327,0.44700477,0.04997805505990982,0.055762264877557755,0.06073208153247833,0.28425676,0.45491633,92.3260509967804,1.571447769411173,0.4853064214774643,0.7436488222450534,0.028654965794620544,0.4654712643678161,0.7442810138764256,0.008618566855454321,0.4533273782938812
2023-08-14,2024-01-25,-0.28192163,0.8142851,0.8142851,1.0962067,-0.11793809942901134,-0.07841774821281433,0.010441763559356332,0.34102884,nan,76.63089036941528,1.735972720428679,0.0,0.737079845888136,0.032444809831728615,0.4907924107142857,0.7373995283645542,0.0,nan
2023-11-26,2024-07-15,-0.39664224,0.85526,0.85526,1.2519022,-0.2376122698187828,-0.2094748318195343,-0.1778697520494461,0.106211916,0.16909508,96.30637168884276,4.353741201698753,2.186660539826628,0.8187773919602565,0.11818660853641189,0.48945385751506,0.8195020641959895,0.06010110016048598,0.4955724434164877
2024-03-25,2024-07-15,-0.14673974,0.4017919,0.4017919,0.54853165,-0.05809381231665611,-0.03900802135467529,-0.023439993150532246,0.12748021,0.25569478,96.6322124004364,4.279106463960742,2.275745371996006,0.8180288770687116,0.11513157237529544,0.4864924188700908,0.8186928589078329,0.0615695982002825,0.4891897898279256
2023-11-14,2024-06-29,-0.26832953,1.1425999,1.1425999,1.4109294,-0.07422883808612823,-0.052906282246112823,0.004007796291261911,0.23829453,0.2724567,96.6522216796875,4.259309834589769,2.038402570960801,0.747959646666291,0.08379026017191649,0.4949789659383906,0.7483389616451144,0.04041056653184992,0.4988126041186687
2023-08-22,2024-01-17,-0.28997955,0.7989106,0.7989106,1.0888902,-0.10823501646518707,-0.06307823956012726,0.07190550863742828,0.42221043,nan,65.166836977005,0.9878667952597916,0.0,0.7286934495105701,0.018038340094624006,0.49523074765044184,0.728787677231257,0.0,nan
2023-11-14,2024-07-15,-0.46917897,1.0083536,1.0083536,1.4775326,-0.28191807866096497,-0.2611285448074341,-0.2074049413204193,0.09461586,0.16013299,96.65752053260805,4.626486734090808,2.207035172974856,0.8182261208576999,0.12610466425981265,0.49393291064122186,0.818729706648633,0.060736848190772755,0.4986905424427931
2024-02-10,2024-05-28,-0.20823908,0.24090615,0.24090615,0.44914523,-0.10561156272888184,-0.06757959723472595,-0.008569647558033466,0.3651543,0.6347816,96.33930325508118,3.4306691694230222,1.5311320059476587,0.7596667519222238,0.06747229545047764,0.4684097466461681,0.761211467016937,0.030836763853791572,0.47966213665534163
2023-08-10,2024-09-01,-0.4125896,1.0935824,1.0935824,1.506172,-0.18569841980934143,-0.14608995616436005,-0.04644888825714588,nan,nan,39.420491456985474,0.0,0.0,0.7476513007378149,0.0,nan,0.7476513007378149,0.0,nan
2023-11-18,2024-07-15,-0.43401185,0.9369629,0.9369629,1.3709748,-0.2532852292060852,-0.23365379869937897,-0.1872202344238758,0.07824023,0.1173308,96.73666954040527,4.778195777128986,2.532361979396605,0.8175121624301411,0.12997459274839665,0.4951303373169143,0.8178899540715372,0.06932124070090616,0.49827093455272936
2024-05-28,2024-11-16,-0.118587084,0.3823824,0.3823824,0.50096947,-0.013307614251971245,-0.0030965094920247793,0.00569548609200865,nan,nan,40.09419679641724,0.0,0.0,0.8653203364776872,0.0,nan,0.8653203364776872,0.0,nan
2023-12-24,2024-03-13,-0.13856167,0.50232786,0.50232786,0.6408895,-0.05906722694635391,-0.04333256930112839,-0.008747299201786518,0.33962756,0.4955622,96.57630920410156,3.2930320199642504,1.611402280513903,0.7536797165469477,0.06324853564652629,0.4692066347799377,0.7549795025410491,0.03149043900289396,0.4774021432094337
2024-03-13,2024-11-12,-0.14366853,0.1286954,0.14366853,0.27236393,-0.08128744177520275,-0.05537385493516922,-0.009959015529602766,nan,nan,34.1835618019104,0.0,0.0,0.8883917078151803,0.0,nan,0.8883917078151803,0.0,nan
2023-11-26,2024-05-12,-0.19686656,0.92401975,0.92401975,1.1208863,-0.05252755992114544,-0.0346091128885746,0.004116588272154331,0.1787304,0.24941747,96.67376279830933,5.976414555869122,2.37884679576381,0.7452354426136175,0.1168637037289406,0.4976123697381465,0.7455114394172566,0.04672106479509849,0.4998025816249051
2024-02-06,2024-03-01,-0.15530257,0.23320118,0.23320118,0.38850373,-0.04722285643219948,-0.01872040331363678,-0.008554616011679173,0.08912785,0.25492868,95.71983814239502,2.1995211238705443,0.8675836696592812,0.7527733343737402,0.043261228843358805,0.48495549058896953,0.7531425342864616,0.017000035163392564,0.48313624250499665
2023-12-12,2024-02-06,-0.2804972,0.40501645,0.40501645,0.6855136,-0.1826172173023224,-0.1467958390712738,-0.08724799193441868,0.14044903,0.30752328,95.15801668167114,2.034720399481992,0.78294074220295,0.7556621843526097,0.039400670877493486,0.4708422174840085,0.7563939317030985,0.015164626675706859,0.4709549316586627
2023-12-20,2024-09-01,-0.30796725,0.54978025,0.54978025,0.8577475,-0.2194044291973114,-0.13372604548931122,-0.0670032799243927,0.18732406,0.16466933,87.22878694534302,1.4845284481586585,0.2817479946427383,0.8239693345945461,0.04037102491715248,0.47683651597817617,0.824654902096911,0.008028012463731655,0.49961498973305957
2024-03-25,2024-09-13,-0.17268145,0.3639858,0.3639858,0.5366672,-0.08604535460472107,-0.06821133941411972,-0.04211068153381348,0.059549734,0.13048759,96.39793634414671,2.701083901583297,1.124289597232518,0.8191299742643818,0.07211044825902536,0.47997860104319917,0.8198799341653698,0.030344738899013624,0.4852515905147484
2024-02-18,2024-04-22,-0.18847875,0.19653015,0.19653015,0.3850089,-0.062490060925483704,-0.049964286386966705,-0.030209682881832123,0.16824697,0.2644976,92.50214099884032,2.131044637097591,0.7466755761515075,0.7574667557615151,0.04236791162892286,0.48053821094068144,0.7582036685093101,0.01525460241093628,0.49380145278450366
2024-04-10,2024-06-21,-0.15137613,0.32120916,0.32120916,0.4725853,-0.046413362957537174,-0.03733220510184765,-0.029074864462018013,0.059986763,0.16987027,96.7426061630249,2.781579923513602,1.3032622771948623,0.7458804865686038,0.052591025402770435,0.4781642361381892,0.7466115108485883,0.0248095149600446,0.4814414114513981
2024-03-17,2024-07-27,-0.117618404,0.43272886,0.43272886,0.55034727,-0.03552623465657234,-0.016703473404049873,-0.001157305552624166,0.2100474,0.3091406,96.7562973499298,4.6434904353209,2.4506868692128125,0.8173873803511147,0.1252199250065679,0.48992368789908114,0.8180794564057171,0.06677560086298175,0.4950277384324835
2023-11-26,2024-06-09,-0.20512813,0.9520172,0.9520172,1.1571453,-0.02734780916944146,-0.010237189941108227,0.014967664843425155,0.33890504,0.392059,95.43969631195068,2.7539712472021005,1.154996047899173,0.7452430289131939,0.052563735930717455,0.4846262822362725,0.745967701148927,0.022503738292493112,0.49471412485925187
2024-03-17,2024-05-24,-0.121045634,0.22853133,0.22853133,0.34957695,-0.04067029058933258,-0.030723966658115387,-0.015731947496533394,0.2146914,0.37393093,96.928733587265,5.270770236535252,3.0906945059141044,0.7419149317759091,0.10040551112411848,0.48953817024312607,0.7425014246497675,0.059129769187908396,0.4916467780429594
2024-03-13,2024-04-10,-0.062375598,0.2482044,0.2482044,0.31058,0.041567823849618435,0.05426577106118202,0.060598619282245636,0.1566071,0.15741777,96.66573405265808,3.212621384499232,1.599585188270721,0.7425368601008392,0.0612079648510111,0.4892062848910499,0.7427943095004614,0.03029910437672506,0.48636918486369185
2024-05-28,2024-09-01,-0.31673598,0.3149272,0.31673598,0.6316632,-0.11488940939307213,-0.08886563032865524,-0.049139306880533695,-0.31990686,-0.38404542,96.97056412696838,9.229705610950568,5.30844752226648,0.814739122762866,0.24632762118258097,0.4890306202400727,0.8160712064541696,0.14296229349035827,0.49347455895374975
2023-11-26,2024-04-10,-0.2027632,0.7796595,0.7796595,0.9824227,-0.040604859590530396,-0.024225756525993347,-0.00044594978680834174,0.40219542,0.4779938,92.5913393497467,2.5528259327174703,0.8362269647432147,0.747865721052487,0.04843751124804734,0.4760846800441514,0.748974043295373,0.01643906617811148,0.49326075686884396
2024-02-10,2024-07-27,-0.15192562,0.4248655,0.4248655,0.57679117,-0.05474358145147562,-0.040217429399490356,0.014070357661694288,0.3771398,0.49339858,94.36945915222168,2.487872758248475,1.004715065812955,0.8337484122958744,0.07116792720371169,0.4715252366846721,0.8350460307758111,0.030114818085985356,0.49406730907521934
2024-01-13,2024-02-10,-0.1699191,0.35305402,0.35305402,0.5229731,-0.07331707514822483,-0.038991691544651985,-0.020876770839095116,0.20627047,0.33441418,96.10685110092165,2.903634224662344,1.3212667327553107,0.757513244843965,0.05745048302660694,0.4771521777025176,0.7583433297830572,0.02636407793189055,0.48120177310786405
2023-08-14,2023-12-12,-0.19733766,0.50523823,0.50523823,0.7025759,-0.08195784501731396,-0.042015861719846725,0.09405291639268398,0.54009926,nan,66.1906898021698,1.2338913245648997,0.0,0.7435447666179531,0.023737975090245885,0.4930462090623598,0.743716371064169,0.0,nan
2024-07-03,2024-11-12,-0.08813495,0.12498816,0.12498816,0.21312311,-0.027345518115907907,-0.018026206642389297,0.01618123147636652,nan,nan,34.1846227645874,0.0,0.0,0.8888952417070393,0.0,nan,0.8888952417070393,0.0,nan
2024-03-13,2024-05-04,-0.11678393,0.23231103,0.23231103,0.34909496,0.010859236121177673,0.026317832991480827,0.038199249655008316,0.31623474,0.55821735,90.26962518692017,1.3474872649327885,0.3513895035854891,0.7430145155178349,0.025061108313692633,0.47678849353297914,0.7434889166587118,0.006558653402671699,0.47849351718460587
2023-11-26,2024-01-25,-0.18261953,0.62026244,0.62026244,0.80288196,-0.03975202143192291,-0.021669505164027214,0.004038924816995859,0.34943125,nan,79.47463989257812,0.9490822022521918,0.0,0.7472089642605815,0.018297087714730792,0.4868681485992692,0.7474582283895225,0.0,nan
2024-01-17,2024-07-15,-0.22514276,0.4062261,0.4062261,0.6313689,-0.11846322566270828,-0.10333891212940216,-0.06776944547891617,0.13753824,0.21518669,95.95205187797546,3.6852054766760713,1.5805731142624304,0.8201863772097554,0.09991250136716613,0.48438696753667587,0.8210867082478719,0.043532595266161926,0.49207839186775953
2024-01-13,2024-11-12,-0.15325357,0.6128686,0.6128686,0.76612216,-0.013838463928550482,0.015587522648274899,0.028869411908090115,nan,nan,34.18441414833069,0.0,0.0,0.8893781665968904,0.0,nan,0.8893781665968904,0.0,nan
2024-05-04,2024-05-28,-0.16240618,0.091223076,0.16240618,0.25362927,-0.036141108721494675,-0.031443435698747635,-0.025349387899041176,0.14057992,0.25183088,94.97673511505128,2.176617724196828,0.8745197149863375,0.7440472835989983,0.04235197774812744,0.49784239527318597,0.7441332616608649,0.01707435881144503,0.4995456047587574
2023-08-10,2024-07-27,-0.3583346,1.1173326,1.1173326,1.4756672,-0.1339188516139984,-0.09239976108074188,0.03163837268948555,0.25798005,nan,54.63749170303345,0.2776019971766931,0.0,0.7434594549487841,0.005370266453048798,0.4962424849699399,0.7434803168223194,0.0,nan
2024-03-25,2024-07-03,-0.05924183,0.45818815,0.45818815,0.51742995,0.042919132858514786,0.05038490891456604,0.06237339228391647,0.32445702,0.39387095,96.61820530891418,3.523800028033184,1.7116136853954342,0.7462949957877975,0.06774187553518612,0.4858012794226195,0.7470478457076717,0.03337560023044275,0.4927606585056986
2024-02-10,2024-02-22,-0.11365535,0.09524053,0.11365535,0.20889589,-0.025087283924221992,-0.019138731062412262,-0.008393923053517938,nan,nan,33.34321677684784,0.0,0.0,0.7493598608166905,0.0,nan,0.7493598608166905,0.0,nan
2023-11-30,2024-05-28,-0.21019718,0.95404476,0.95404476,1.1642419,-0.059088001027703285,-0.0034472534898668528,0.0375200379639864,0.3006875,0.31169882,96.58486247062685,3.6537786274433306,1.634233429715463,0.744394447117712,0.07115660960182849,0.4974194696565225,0.7445642357272805,0.031954706434786546,0.49942526194791986
2024-03-13,2024-05-16,-0.13376121,0.2394823,0.2394823,0.3732435,0.003368919249624014,0.02827703207731247,0.03899414837360382,0.39838788,0.46170262,95.69478631019592,2.7905056132647186,1.2011894740800524,0.7482430524820726,0.05435813860411145,0.48924508254075205,0.7487825391453259,0.023792213326576418,0.49747140276941604
2024-04-10,2024-05-12,-0.12984829,0.123102605,0.12984829,0.2529509,-0.0412615742534399,-0.03020499460399151,-0.016448969952762127,0.30503583,0.49699843,96.6200351715088,3.4299572448410727,1.710857120545253,0.7501733561534385,0.06709685102724307,0.48696137954296315,0.7509239033370427,0.03407635264079751,0.49579494548220776
2023-12-08,2024-11-16,-0.19719256,1.0687932,1.0687932,1.2659857,-0.06170525774359703,-0.03779248520731926,0.01882912777364254,0.18755475,nan,52.82701849937439,0.0626267359755162,0.0,0.8659885478407516,0.002280215554578106,0.48787528868360275,0.8660037344626395,0.0,nan
2024-02-06,2024-03-17,-0.14140712,0.4727016,0.4727016,0.61410874,-0.012048271019011736,0.018339775502681732,0.04215739853680134,0.14192034,0.22037779,96.91864252090454,3.60789957762374,1.9443324562126012,0.7534214211089869,0.06978337590998361,0.4731856776674143,0.7545369683990885,0.03806352534664284,0.47893054884619674
2023-08-22,2024-06-09,-0.36463568,1.0928205,1.0928205,1.4574562,-0.10333696380257607,-0.0600004717707634,0.0272220391780138,0.25064534,0.27477968,80.19829392433167,1.9227997827219616,0.0105313334885319,0.7246257219506247,0.03483523535110787,0.4988108965119631,0.7246714501091933,0.00019125029882859193,0.5
2024-04-10,2024-04-22,-0.11688459,0.14124855,0.14124855,0.25813314,0.010767456144094467,0.017072562128305435,0.022801974788308144,0.25964725,nan,79.85085844993591,1.3473695779654389,0.0,0.7461697147703781,0.025038935802363296,0.4702157346785446,0.7469723230303017,0.0,nan
2024-01-13,2024-03-05,-0.15833881,0.49526986,0.49526986,0.6536087,-0.04778884071856737,-0.011758735403418541,0.01178325293585658,0.26142994,0.35497624,96.73289060592651,4.135384828968518,2.0193189977375123,0.7471310370060253,0.08051103274905963,0.4908291369422297,0.7477058780570517,0.039684053386258786,0.49545242954846563
2024-03-17,2024-11-12,-0.10834073,0.20453623,0.20453623,0.31287697,-0.05269685201346874,-0.037574779242277145,0.010874582454562187,nan,nan,34.184759855270386,0.0,0.0,0.8889358950994941,0.0,nan,0.8889358950994941,0.0,nan
2024-01-13,2024-05-28,-0.1456087,0.6685179,0.6685179,0.8141266,-0.03213822469115257,0.015866728499531746,0.04687247425317764,0.3008022,0.3420313,96.7393159866333,4.759973130700055,2.545642017916241,0.7462344295805251,0.09323860677779917,0.49640741303357133,0.7464723197764844,0.05001961581534028,0.4979548940521502
2024-03-05,2024-06-21,-0.20289306,0.24677575,0.24677575,0.44966882,-0.11407769098877907,-0.10688727349042892,-0.09662167727947235,-0.2458861,-0.061037,96.93470597267152,3.2779961758639744,1.6883907676909682,0.7479371505269035,0.06215678828195957,0.4748279209318743,0.7485504007821834,0.03164153932125122,0.4692894161990834
2024-01-25,2024-09-13,-0.22400872,0.33573344,0.33573344,0.55974215,-0.12910383939743042,-0.11936379596590996,-0.09623103961348534,0.24209972,0.49527356,90.48498272895812,2.068531017850202,0.5773535230052729,0.825153857380458,0.053770479460935834,0.44902200488997557,0.8267231376357045,0.015149677306017626,0.453259917407083
2024-02-06,2024-03-25,-0.17893675,0.36028627,0.36028627,0.539223,-0.07178246229887009,-0.04633238725364208,-0.027342273388057947,0.005240185,0.100913435,96.90356850624084,3.465132644641833,1.8430372942487177,0.7536519001151673,0.06604857819905213,0.46492910758965805,0.7552103427995902,0.03599229857819905,0.4763416833274531
2024-05-04,2024-07-15,-0.10780248,0.37122586,0.37122586,0.47902834,-0.024701638147234917,-0.005011655855923891,0.008385597728192806,0.098775,0.18902384,96.93604707717896,3.329663009347766,1.704605389596221,0.8164400891859829,0.08810941736362934,0.4826841705544103,0.8168121791175905,0.04458448613567452,0.4770906624846353
2024-04-22,2024-09-01,-0.19192772,0.30217627,0.30217627,0.49410397,-0.11297116242349148,-0.09108253568410873,-0.05673780292272568,-0.17639077,-0.13509744,96.34163975715636,4.505726864595907,2.149130043389285,0.8189018371700576,0.11991371048939173,0.4762788083192805,0.8200987330560355,0.057416490434965446,0.47811374120340755
2024-01-17,2024-03-13,-0.13462713,0.2628952,0.2628952,0.39752233,-0.04879102483391762,-0.022531401365995407,-0.0013844112399965525,0.32455882,0.5074291,96.12469673156738,4.155056690458372,2.0638134954122203,0.7415883460687234,0.07898937216530189,0.4896100050512968,0.7421058192940073,0.03939492719005896,0.4916187403562912
2024-02-22,2024-05-24,-0.1606193,0.23016073,0.23016073,0.39078003,-0.05951888766139746,-0.028225942514836788,-0.00780312716960907,0.34527662,0.51846445,96.29576802253725,3.9035485096895104,1.850840345241656,0.7492666577076081,0.07615596589059821,0.487219589842304,0.7500065025424941,0.03653958817019984,0.4930319709567865
2023-11-18,2024-05-24,-0.21099554,1.054736,1.054736,1.2657316,-0.04381456971168518,0.002024477464146912,0.05107986833900213,0.2884712,0.32056886,96.55289053916933,3.858396165921457,1.742618226347855,0.7436372505453371,0.07509672682086475,0.49878076230492197,0.7437139668556589,0.033965940862492584,0.49950161973585844
2023-11-14,2023-11-26,-0.072236694,0.24747132,0.24747132,0.31970802,0.015718193724751472,0.04517736658453941,0.06211050599813461,0.53371936,0.69868827,95.82940340042114,4.097324276014144,2.0188226930062987,0.7406359775561133,0.07898556174908142,0.4999823664256745,0.7406367000608349,0.038917535106706,0.4999821057905662
2024-07-03,2024-07-15,-0.094996445,0.09971714,0.09971714,0.19471359,-0.018997427076101303,-0.005274833180010319,0.004934894852340221,0.11594943,nan,77.57223844528198,0.5810898637489379,0.0,0.8162586468690337,0.01576693690073822,0.4985054178602566,0.8162760165996725,0.0,nan
2024-02-10,2024-04-10,-0.1510224,0.16752778,0.16752778,0.31855017,-0.06312159448862076,-0.04169581085443497,-0.023848261684179306,0.4709883,nan,68.61068606376648,0.4679663081598238,0.0,0.758826117678679,0.009529931627235826,0.4909680407596109,0.7589106507311025,0.0,nan
2023-12-12,2024-01-13,-0.13730454,0.44544455,0.44544455,0.5827491,-0.0006778849783586338,0.013130070641636848,0.028531399089843035,0.23593047,0.41196665,94.94748711586,3.2728340242272003,1.2788948011953802,0.7473768809775335,0.0639407752387043,0.49259881139120254,0.747585125282811,0.02481320197129096,0.4892011081585345
